"scenario_id","replication","training_seed","cv_fold_seed","test_seed","calibration_split_seed_1","calibration_split_seed_2","calibration_split_seed_3","calibration_split_seed_4","calibration_split_seed_5"
"linear_iid_n500",1,2066191803,2066221803,2066251803,2066201803,2066202803,2066203803,2066204803,2066205803
"linear_iid_n500",2,2066191804,2066221804,2066251804,2066201804,2066202804,2066203804,2066204804,2066205804
"linear_iid_n500",3,2066191805,2066221805,2066251805,2066201805,2066202805,2066203805,2066204805,2066205805
"linear_iid_n500",4,2066191806,2066221806,2066251806,2066201806,2066202806,2066203806,2066204806,2066205806
"linear_iid_n500",5,2066191807,2066221807,2066251807,2066201807,2066202807,2066203807,2066204807,2066205807
"linear_iid_n500",6,2066191808,2066221808,2066251808,2066201808,2066202808,2066203808,2066204808,2066205808
"linear_iid_n500",7,2066191809,2066221809,2066251809,2066201809,2066202809,2066203809,2066204809,2066205809
"linear_iid_n500",8,2066191810,2066221810,2066251810,2066201810,2066202810,2066203810,2066204810,2066205810
"linear_iid_n500",9,2066191811,2066221811,2066251811,2066201811,2066202811,2066203811,2066204811,2066205811
"linear_iid_n500",10,2066191812,2066221812,2066251812,2066201812,2066202812,2066203812,2066204812,2066205812
"linear_iid_n500",11,2066191813,2066221813,2066251813,2066201813,2066202813,2066203813,2066204813,2066205813
"linear_iid_n500",12,2066191814,2066221814,2066251814,2066201814,2066202814,2066203814,2066204814,2066205814
"linear_iid_n500",13,2066191815,2066221815,2066251815,2066201815,2066202815,2066203815,2066204815,2066205815
"linear_iid_n500",14,2066191816,2066221816,2066251816,2066201816,2066202816,2066203816,2066204816,2066205816
"linear_iid_n500",15,2066191817,2066221817,2066251817,2066201817,2066202817,2066203817,2066204817,2066205817
"linear_iid_n500",16,2066191818,2066221818,2066251818,2066201818,2066202818,2066203818,2066204818,2066205818
"linear_iid_n500",17,2066191819,2066221819,2066251819,2066201819,2066202819,2066203819,2066204819,2066205819
"linear_iid_n500",18,2066191820,2066221820,2066251820,2066201820,2066202820,2066203820,2066204820,2066205820
"linear_iid_n500",19,2066191821,2066221821,2066251821,2066201821,2066202821,2066203821,2066204821,2066205821
"linear_iid_n500",20,2066191822,2066221822,2066251822,2066201822,2066202822,2066203822,2066204822,2066205822
"linear_iid_n500",21,2066191823,2066221823,2066251823,2066201823,2066202823,2066203823,2066204823,2066205823
"linear_iid_n500",22,2066191824,2066221824,2066251824,2066201824,2066202824,2066203824,2066204824,2066205824
"linear_iid_n500",23,2066191825,2066221825,2066251825,2066201825,2066202825,2066203825,2066204825,2066205825
"linear_iid_n500",24,2066191826,2066221826,2066251826,2066201826,2066202826,2066203826,2066204826,2066205826
"linear_iid_n500",25,2066191827,2066221827,2066251827,2066201827,2066202827,2066203827,2066204827,2066205827
"linear_iid_n500",26,2066191828,2066221828,2066251828,2066201828,2066202828,2066203828,2066204828,2066205828
"linear_iid_n500",27,2066191829,2066221829,2066251829,2066201829,2066202829,2066203829,2066204829,2066205829
"linear_iid_n500",28,2066191830,2066221830,2066251830,2066201830,2066202830,2066203830,2066204830,2066205830
"linear_iid_n500",29,2066191831,2066221831,2066251831,2066201831,2066202831,2066203831,2066204831,2066205831
"linear_iid_n500",30,2066191832,2066221832,2066251832,2066201832,2066202832,2066203832,2066204832,2066205832
"linear_iid_n500",31,2066191833,2066221833,2066251833,2066201833,2066202833,2066203833,2066204833,2066205833
"linear_iid_n500",32,2066191834,2066221834,2066251834,2066201834,2066202834,2066203834,2066204834,2066205834
"linear_iid_n500",33,2066191835,2066221835,2066251835,2066201835,2066202835,2066203835,2066204835,2066205835
"linear_iid_n500",34,2066191836,2066221836,2066251836,2066201836,2066202836,2066203836,2066204836,2066205836
"linear_iid_n500",35,2066191837,2066221837,2066251837,2066201837,2066202837,2066203837,2066204837,2066205837
"linear_iid_n500",36,2066191838,2066221838,2066251838,2066201838,2066202838,2066203838,2066204838,2066205838
"linear_iid_n500",37,2066191839,2066221839,2066251839,2066201839,2066202839,2066203839,2066204839,2066205839
"linear_iid_n500",38,2066191840,2066221840,2066251840,2066201840,2066202840,2066203840,2066204840,2066205840
"linear_iid_n500",39,2066191841,2066221841,2066251841,2066201841,2066202841,2066203841,2066204841,2066205841
"linear_iid_n500",40,2066191842,2066221842,2066251842,2066201842,2066202842,2066203842,2066204842,2066205842
"linear_iid_n500",41,2066191843,2066221843,2066251843,2066201843,2066202843,2066203843,2066204843,2066205843
"linear_iid_n500",42,2066191844,2066221844,2066251844,2066201844,2066202844,2066203844,2066204844,2066205844
"linear_iid_n500",43,2066191845,2066221845,2066251845,2066201845,2066202845,2066203845,2066204845,2066205845
"linear_iid_n500",44,2066191846,2066221846,2066251846,2066201846,2066202846,2066203846,2066204846,2066205846
"linear_iid_n500",45,2066191847,2066221847,2066251847,2066201847,2066202847,2066203847,2066204847,2066205847
"linear_iid_n500",46,2066191848,2066221848,2066251848,2066201848,2066202848,2066203848,2066204848,2066205848
"linear_iid_n500",47,2066191849,2066221849,2066251849,2066201849,2066202849,2066203849,2066204849,2066205849
"linear_iid_n500",48,2066191850,2066221850,2066251850,2066201850,2066202850,2066203850,2066204850,2066205850
"linear_iid_n500",49,2066191851,2066221851,2066251851,2066201851,2066202851,2066203851,2066204851,2066205851
"linear_iid_n500",50,2066191852,2066221852,2066251852,2066201852,2066202852,2066203852,2066204852,2066205852
"linear_iid_n500",51,2066191853,2066221853,2066251853,2066201853,2066202853,2066203853,2066204853,2066205853
"linear_iid_n500",52,2066191854,2066221854,2066251854,2066201854,2066202854,2066203854,2066204854,2066205854
"linear_iid_n500",53,2066191855,2066221855,2066251855,2066201855,2066202855,2066203855,2066204855,2066205855
"linear_iid_n500",54,2066191856,2066221856,2066251856,2066201856,2066202856,2066203856,2066204856,2066205856
"linear_iid_n500",55,2066191857,2066221857,2066251857,2066201857,2066202857,2066203857,2066204857,2066205857
"linear_iid_n500",56,2066191858,2066221858,2066251858,2066201858,2066202858,2066203858,2066204858,2066205858
"linear_iid_n500",57,2066191859,2066221859,2066251859,2066201859,2066202859,2066203859,2066204859,2066205859
"linear_iid_n500",58,2066191860,2066221860,2066251860,2066201860,2066202860,2066203860,2066204860,2066205860
"linear_iid_n500",59,2066191861,2066221861,2066251861,2066201861,2066202861,2066203861,2066204861,2066205861
"linear_iid_n500",60,2066191862,2066221862,2066251862,2066201862,2066202862,2066203862,2066204862,2066205862
"linear_iid_n500",61,2066191863,2066221863,2066251863,2066201863,2066202863,2066203863,2066204863,2066205863
"linear_iid_n500",62,2066191864,2066221864,2066251864,2066201864,2066202864,2066203864,2066204864,2066205864
"linear_iid_n500",63,2066191865,2066221865,2066251865,2066201865,2066202865,2066203865,2066204865,2066205865
"linear_iid_n500",64,2066191866,2066221866,2066251866,2066201866,2066202866,2066203866,2066204866,2066205866
"linear_iid_n500",65,2066191867,2066221867,2066251867,2066201867,2066202867,2066203867,2066204867,2066205867
"linear_iid_n500",66,2066191868,2066221868,2066251868,2066201868,2066202868,2066203868,2066204868,2066205868
"linear_iid_n500",67,2066191869,2066221869,2066251869,2066201869,2066202869,2066203869,2066204869,2066205869
"linear_iid_n500",68,2066191870,2066221870,2066251870,2066201870,2066202870,2066203870,2066204870,2066205870
"linear_iid_n500",69,2066191871,2066221871,2066251871,2066201871,2066202871,2066203871,2066204871,2066205871
"linear_iid_n500",70,2066191872,2066221872,2066251872,2066201872,2066202872,2066203872,2066204872,2066205872
"linear_iid_n500",71,2066191873,2066221873,2066251873,2066201873,2066202873,2066203873,2066204873,2066205873
"linear_iid_n500",72,2066191874,2066221874,2066251874,2066201874,2066202874,2066203874,2066204874,2066205874
"linear_iid_n500",73,2066191875,2066221875,2066251875,2066201875,2066202875,2066203875,2066204875,2066205875
"linear_iid_n500",74,2066191876,2066221876,2066251876,2066201876,2066202876,2066203876,2066204876,2066205876
"linear_iid_n500",75,2066191877,2066221877,2066251877,2066201877,2066202877,2066203877,2066204877,2066205877
"linear_iid_n500",76,2066191878,2066221878,2066251878,2066201878,2066202878,2066203878,2066204878,2066205878
"linear_iid_n500",77,2066191879,2066221879,2066251879,2066201879,2066202879,2066203879,2066204879,2066205879
"linear_iid_n500",78,2066191880,2066221880,2066251880,2066201880,2066202880,2066203880,2066204880,2066205880
"linear_iid_n500",79,2066191881,2066221881,2066251881,2066201881,2066202881,2066203881,2066204881,2066205881
"linear_iid_n500",80,2066191882,2066221882,2066251882,2066201882,2066202882,2066203882,2066204882,2066205882
"linear_iid_n500",81,2066191883,2066221883,2066251883,2066201883,2066202883,2066203883,2066204883,2066205883
"linear_iid_n500",82,2066191884,2066221884,2066251884,2066201884,2066202884,2066203884,2066204884,2066205884
"linear_iid_n500",83,2066191885,2066221885,2066251885,2066201885,2066202885,2066203885,2066204885,2066205885
"linear_iid_n500",84,2066191886,2066221886,2066251886,2066201886,2066202886,2066203886,2066204886,2066205886
"linear_iid_n500",85,2066191887,2066221887,2066251887,2066201887,2066202887,2066203887,2066204887,2066205887
"linear_iid_n500",86,2066191888,2066221888,2066251888,2066201888,2066202888,2066203888,2066204888,2066205888
"linear_iid_n500",87,2066191889,2066221889,2066251889,2066201889,2066202889,2066203889,2066204889,2066205889
"linear_iid_n500",88,2066191890,2066221890,2066251890,2066201890,2066202890,2066203890,2066204890,2066205890
"linear_iid_n500",89,2066191891,2066221891,2066251891,2066201891,2066202891,2066203891,2066204891,2066205891
"linear_iid_n500",90,2066191892,2066221892,2066251892,2066201892,2066202892,2066203892,2066204892,2066205892
"linear_iid_n500",91,2066191893,2066221893,2066251893,2066201893,2066202893,2066203893,2066204893,2066205893
"linear_iid_n500",92,2066191894,2066221894,2066251894,2066201894,2066202894,2066203894,2066204894,2066205894
"linear_iid_n500",93,2066191895,2066221895,2066251895,2066201895,2066202895,2066203895,2066204895,2066205895
"linear_iid_n500",94,2066191896,2066221896,2066251896,2066201896,2066202896,2066203896,2066204896,2066205896
"linear_iid_n500",95,2066191897,2066221897,2066251897,2066201897,2066202897,2066203897,2066204897,2066205897
"linear_iid_n500",96,2066191898,2066221898,2066251898,2066201898,2066202898,2066203898,2066204898,2066205898
"linear_iid_n500",97,2066191899,2066221899,2066251899,2066201899,2066202899,2066203899,2066204899,2066205899
"linear_iid_n500",98,2066191900,2066221900,2066251900,2066201900,2066202900,2066203900,2066204900,2066205900
"linear_iid_n500",99,2066191901,2066221901,2066251901,2066201901,2066202901,2066203901,2066204901,2066205901
"linear_iid_n500",100,2066191902,2066221902,2066251902,2066201902,2066202902,2066203902,2066204902,2066205902
"linear_iid_n500",101,2066191903,2066221903,2066251903,2066201903,2066202903,2066203903,2066204903,2066205903
"linear_iid_n500",102,2066191904,2066221904,2066251904,2066201904,2066202904,2066203904,2066204904,2066205904
"linear_iid_n500",103,2066191905,2066221905,2066251905,2066201905,2066202905,2066203905,2066204905,2066205905
"linear_iid_n500",104,2066191906,2066221906,2066251906,2066201906,2066202906,2066203906,2066204906,2066205906
"linear_iid_n500",105,2066191907,2066221907,2066251907,2066201907,2066202907,2066203907,2066204907,2066205907
"linear_iid_n500",106,2066191908,2066221908,2066251908,2066201908,2066202908,2066203908,2066204908,2066205908
"linear_iid_n500",107,2066191909,2066221909,2066251909,2066201909,2066202909,2066203909,2066204909,2066205909
"linear_iid_n500",108,2066191910,2066221910,2066251910,2066201910,2066202910,2066203910,2066204910,2066205910
"linear_iid_n500",109,2066191911,2066221911,2066251911,2066201911,2066202911,2066203911,2066204911,2066205911
"linear_iid_n500",110,2066191912,2066221912,2066251912,2066201912,2066202912,2066203912,2066204912,2066205912
"linear_iid_n500",111,2066191913,2066221913,2066251913,2066201913,2066202913,2066203913,2066204913,2066205913
"linear_iid_n500",112,2066191914,2066221914,2066251914,2066201914,2066202914,2066203914,2066204914,2066205914
"linear_iid_n500",113,2066191915,2066221915,2066251915,2066201915,2066202915,2066203915,2066204915,2066205915
"linear_iid_n500",114,2066191916,2066221916,2066251916,2066201916,2066202916,2066203916,2066204916,2066205916
"linear_iid_n500",115,2066191917,2066221917,2066251917,2066201917,2066202917,2066203917,2066204917,2066205917
"linear_iid_n500",116,2066191918,2066221918,2066251918,2066201918,2066202918,2066203918,2066204918,2066205918
"linear_iid_n500",117,2066191919,2066221919,2066251919,2066201919,2066202919,2066203919,2066204919,2066205919
"linear_iid_n500",118,2066191920,2066221920,2066251920,2066201920,2066202920,2066203920,2066204920,2066205920
"linear_iid_n500",119,2066191921,2066221921,2066251921,2066201921,2066202921,2066203921,2066204921,2066205921
"linear_iid_n500",120,2066191922,2066221922,2066251922,2066201922,2066202922,2066203922,2066204922,2066205922
"linear_iid_n500",121,2066191923,2066221923,2066251923,2066201923,2066202923,2066203923,2066204923,2066205923
"linear_iid_n500",122,2066191924,2066221924,2066251924,2066201924,2066202924,2066203924,2066204924,2066205924
"linear_iid_n500",123,2066191925,2066221925,2066251925,2066201925,2066202925,2066203925,2066204925,2066205925
"linear_iid_n500",124,2066191926,2066221926,2066251926,2066201926,2066202926,2066203926,2066204926,2066205926
"linear_iid_n500",125,2066191927,2066221927,2066251927,2066201927,2066202927,2066203927,2066204927,2066205927
"linear_iid_n500",126,2066191928,2066221928,2066251928,2066201928,2066202928,2066203928,2066204928,2066205928
"linear_iid_n500",127,2066191929,2066221929,2066251929,2066201929,2066202929,2066203929,2066204929,2066205929
"linear_iid_n500",128,2066191930,2066221930,2066251930,2066201930,2066202930,2066203930,2066204930,2066205930
"linear_iid_n500",129,2066191931,2066221931,2066251931,2066201931,2066202931,2066203931,2066204931,2066205931
"linear_iid_n500",130,2066191932,2066221932,2066251932,2066201932,2066202932,2066203932,2066204932,2066205932
"linear_iid_n500",131,2066191933,2066221933,2066251933,2066201933,2066202933,2066203933,2066204933,2066205933
"linear_iid_n500",132,2066191934,2066221934,2066251934,2066201934,2066202934,2066203934,2066204934,2066205934
"linear_iid_n500",133,2066191935,2066221935,2066251935,2066201935,2066202935,2066203935,2066204935,2066205935
"linear_iid_n500",134,2066191936,2066221936,2066251936,2066201936,2066202936,2066203936,2066204936,2066205936
"linear_iid_n500",135,2066191937,2066221937,2066251937,2066201937,2066202937,2066203937,2066204937,2066205937
"linear_iid_n500",136,2066191938,2066221938,2066251938,2066201938,2066202938,2066203938,2066204938,2066205938
"linear_iid_n500",137,2066191939,2066221939,2066251939,2066201939,2066202939,2066203939,2066204939,2066205939
"linear_iid_n500",138,2066191940,2066221940,2066251940,2066201940,2066202940,2066203940,2066204940,2066205940
"linear_iid_n500",139,2066191941,2066221941,2066251941,2066201941,2066202941,2066203941,2066204941,2066205941
"linear_iid_n500",140,2066191942,2066221942,2066251942,2066201942,2066202942,2066203942,2066204942,2066205942
"linear_iid_n500",141,2066191943,2066221943,2066251943,2066201943,2066202943,2066203943,2066204943,2066205943
"linear_iid_n500",142,2066191944,2066221944,2066251944,2066201944,2066202944,2066203944,2066204944,2066205944
"linear_iid_n500",143,2066191945,2066221945,2066251945,2066201945,2066202945,2066203945,2066204945,2066205945
"linear_iid_n500",144,2066191946,2066221946,2066251946,2066201946,2066202946,2066203946,2066204946,2066205946
"linear_iid_n500",145,2066191947,2066221947,2066251947,2066201947,2066202947,2066203947,2066204947,2066205947
"linear_iid_n500",146,2066191948,2066221948,2066251948,2066201948,2066202948,2066203948,2066204948,2066205948
"linear_iid_n500",147,2066191949,2066221949,2066251949,2066201949,2066202949,2066203949,2066204949,2066205949
"linear_iid_n500",148,2066191950,2066221950,2066251950,2066201950,2066202950,2066203950,2066204950,2066205950
"linear_iid_n500",149,2066191951,2066221951,2066251951,2066201951,2066202951,2066203951,2066204951,2066205951
"linear_iid_n500",150,2066191952,2066221952,2066251952,2066201952,2066202952,2066203952,2066204952,2066205952
"linear_iid_n500",151,2066191953,2066221953,2066251953,2066201953,2066202953,2066203953,2066204953,2066205953
"linear_iid_n500",152,2066191954,2066221954,2066251954,2066201954,2066202954,2066203954,2066204954,2066205954
"linear_iid_n500",153,2066191955,2066221955,2066251955,2066201955,2066202955,2066203955,2066204955,2066205955
"linear_iid_n500",154,2066191956,2066221956,2066251956,2066201956,2066202956,2066203956,2066204956,2066205956
"linear_iid_n500",155,2066191957,2066221957,2066251957,2066201957,2066202957,2066203957,2066204957,2066205957
"linear_iid_n500",156,2066191958,2066221958,2066251958,2066201958,2066202958,2066203958,2066204958,2066205958
"linear_iid_n500",157,2066191959,2066221959,2066251959,2066201959,2066202959,2066203959,2066204959,2066205959
"linear_iid_n500",158,2066191960,2066221960,2066251960,2066201960,2066202960,2066203960,2066204960,2066205960
"linear_iid_n500",159,2066191961,2066221961,2066251961,2066201961,2066202961,2066203961,2066204961,2066205961
"linear_iid_n500",160,2066191962,2066221962,2066251962,2066201962,2066202962,2066203962,2066204962,2066205962
"linear_iid_n500",161,2066191963,2066221963,2066251963,2066201963,2066202963,2066203963,2066204963,2066205963
"linear_iid_n500",162,2066191964,2066221964,2066251964,2066201964,2066202964,2066203964,2066204964,2066205964
"linear_iid_n500",163,2066191965,2066221965,2066251965,2066201965,2066202965,2066203965,2066204965,2066205965
"linear_iid_n500",164,2066191966,2066221966,2066251966,2066201966,2066202966,2066203966,2066204966,2066205966
"linear_iid_n500",165,2066191967,2066221967,2066251967,2066201967,2066202967,2066203967,2066204967,2066205967
"linear_iid_n500",166,2066191968,2066221968,2066251968,2066201968,2066202968,2066203968,2066204968,2066205968
"linear_iid_n500",167,2066191969,2066221969,2066251969,2066201969,2066202969,2066203969,2066204969,2066205969
"linear_iid_n500",168,2066191970,2066221970,2066251970,2066201970,2066202970,2066203970,2066204970,2066205970
"linear_iid_n500",169,2066191971,2066221971,2066251971,2066201971,2066202971,2066203971,2066204971,2066205971
"linear_iid_n500",170,2066191972,2066221972,2066251972,2066201972,2066202972,2066203972,2066204972,2066205972
"linear_iid_n500",171,2066191973,2066221973,2066251973,2066201973,2066202973,2066203973,2066204973,2066205973
"linear_iid_n500",172,2066191974,2066221974,2066251974,2066201974,2066202974,2066203974,2066204974,2066205974
"linear_iid_n500",173,2066191975,2066221975,2066251975,2066201975,2066202975,2066203975,2066204975,2066205975
"linear_iid_n500",174,2066191976,2066221976,2066251976,2066201976,2066202976,2066203976,2066204976,2066205976
"linear_iid_n500",175,2066191977,2066221977,2066251977,2066201977,2066202977,2066203977,2066204977,2066205977
"linear_iid_n500",176,2066191978,2066221978,2066251978,2066201978,2066202978,2066203978,2066204978,2066205978
"linear_iid_n500",177,2066191979,2066221979,2066251979,2066201979,2066202979,2066203979,2066204979,2066205979
"linear_iid_n500",178,2066191980,2066221980,2066251980,2066201980,2066202980,2066203980,2066204980,2066205980
"linear_iid_n500",179,2066191981,2066221981,2066251981,2066201981,2066202981,2066203981,2066204981,2066205981
"linear_iid_n500",180,2066191982,2066221982,2066251982,2066201982,2066202982,2066203982,2066204982,2066205982
"linear_iid_n500",181,2066191983,2066221983,2066251983,2066201983,2066202983,2066203983,2066204983,2066205983
"linear_iid_n500",182,2066191984,2066221984,2066251984,2066201984,2066202984,2066203984,2066204984,2066205984
"linear_iid_n500",183,2066191985,2066221985,2066251985,2066201985,2066202985,2066203985,2066204985,2066205985
"linear_iid_n500",184,2066191986,2066221986,2066251986,2066201986,2066202986,2066203986,2066204986,2066205986
"linear_iid_n500",185,2066191987,2066221987,2066251987,2066201987,2066202987,2066203987,2066204987,2066205987
"linear_iid_n500",186,2066191988,2066221988,2066251988,2066201988,2066202988,2066203988,2066204988,2066205988
"linear_iid_n500",187,2066191989,2066221989,2066251989,2066201989,2066202989,2066203989,2066204989,2066205989
"linear_iid_n500",188,2066191990,2066221990,2066251990,2066201990,2066202990,2066203990,2066204990,2066205990
"linear_iid_n500",189,2066191991,2066221991,2066251991,2066201991,2066202991,2066203991,2066204991,2066205991
"linear_iid_n500",190,2066191992,2066221992,2066251992,2066201992,2066202992,2066203992,2066204992,2066205992
"linear_iid_n500",191,2066191993,2066221993,2066251993,2066201993,2066202993,2066203993,2066204993,2066205993
"linear_iid_n500",192,2066191994,2066221994,2066251994,2066201994,2066202994,2066203994,2066204994,2066205994
"linear_iid_n500",193,2066191995,2066221995,2066251995,2066201995,2066202995,2066203995,2066204995,2066205995
"linear_iid_n500",194,2066191996,2066221996,2066251996,2066201996,2066202996,2066203996,2066204996,2066205996
"linear_iid_n500",195,2066191997,2066221997,2066251997,2066201997,2066202997,2066203997,2066204997,2066205997
"linear_iid_n500",196,2066191998,2066221998,2066251998,2066201998,2066202998,2066203998,2066204998,2066205998
"linear_iid_n500",197,2066191999,2066221999,2066251999,2066201999,2066202999,2066203999,2066204999,2066205999
"linear_iid_n500",198,2066192000,2066222000,2066252000,2066202000,2066203000,2066204000,2066205000,2066206000
"linear_iid_n500",199,2066192001,2066222001,2066252001,2066202001,2066203001,2066204001,2066205001,2066206001
"linear_iid_n500",200,2066192002,2066222002,2066252002,2066202002,2066203002,2066204002,2066205002,2066206002
"linear_iid_n500",201,2066192003,2066222003,2066252003,2066202003,2066203003,2066204003,2066205003,2066206003
"linear_iid_n500",202,2066192004,2066222004,2066252004,2066202004,2066203004,2066204004,2066205004,2066206004
"linear_iid_n500",203,2066192005,2066222005,2066252005,2066202005,2066203005,2066204005,2066205005,2066206005
"linear_iid_n500",204,2066192006,2066222006,2066252006,2066202006,2066203006,2066204006,2066205006,2066206006
"linear_iid_n500",205,2066192007,2066222007,2066252007,2066202007,2066203007,2066204007,2066205007,2066206007
"linear_iid_n500",206,2066192008,2066222008,2066252008,2066202008,2066203008,2066204008,2066205008,2066206008
"linear_iid_n500",207,2066192009,2066222009,2066252009,2066202009,2066203009,2066204009,2066205009,2066206009
"linear_iid_n500",208,2066192010,2066222010,2066252010,2066202010,2066203010,2066204010,2066205010,2066206010
"linear_iid_n500",209,2066192011,2066222011,2066252011,2066202011,2066203011,2066204011,2066205011,2066206011
"linear_iid_n500",210,2066192012,2066222012,2066252012,2066202012,2066203012,2066204012,2066205012,2066206012
"linear_iid_n500",211,2066192013,2066222013,2066252013,2066202013,2066203013,2066204013,2066205013,2066206013
"linear_iid_n500",212,2066192014,2066222014,2066252014,2066202014,2066203014,2066204014,2066205014,2066206014
"linear_iid_n500",213,2066192015,2066222015,2066252015,2066202015,2066203015,2066204015,2066205015,2066206015
"linear_iid_n500",214,2066192016,2066222016,2066252016,2066202016,2066203016,2066204016,2066205016,2066206016
"linear_iid_n500",215,2066192017,2066222017,2066252017,2066202017,2066203017,2066204017,2066205017,2066206017
"linear_iid_n500",216,2066192018,2066222018,2066252018,2066202018,2066203018,2066204018,2066205018,2066206018
"linear_iid_n500",217,2066192019,2066222019,2066252019,2066202019,2066203019,2066204019,2066205019,2066206019
"linear_iid_n500",218,2066192020,2066222020,2066252020,2066202020,2066203020,2066204020,2066205020,2066206020
"linear_iid_n500",219,2066192021,2066222021,2066252021,2066202021,2066203021,2066204021,2066205021,2066206021
"linear_iid_n500",220,2066192022,2066222022,2066252022,2066202022,2066203022,2066204022,2066205022,2066206022
"linear_iid_n500",221,2066192023,2066222023,2066252023,2066202023,2066203023,2066204023,2066205023,2066206023
"linear_iid_n500",222,2066192024,2066222024,2066252024,2066202024,2066203024,2066204024,2066205024,2066206024
"linear_iid_n500",223,2066192025,2066222025,2066252025,2066202025,2066203025,2066204025,2066205025,2066206025
"linear_iid_n500",224,2066192026,2066222026,2066252026,2066202026,2066203026,2066204026,2066205026,2066206026
"linear_iid_n500",225,2066192027,2066222027,2066252027,2066202027,2066203027,2066204027,2066205027,2066206027
"linear_iid_n500",226,2066192028,2066222028,2066252028,2066202028,2066203028,2066204028,2066205028,2066206028
"linear_iid_n500",227,2066192029,2066222029,2066252029,2066202029,2066203029,2066204029,2066205029,2066206029
"linear_iid_n500",228,2066192030,2066222030,2066252030,2066202030,2066203030,2066204030,2066205030,2066206030
"linear_iid_n500",229,2066192031,2066222031,2066252031,2066202031,2066203031,2066204031,2066205031,2066206031
"linear_iid_n500",230,2066192032,2066222032,2066252032,2066202032,2066203032,2066204032,2066205032,2066206032
"linear_iid_n500",231,2066192033,2066222033,2066252033,2066202033,2066203033,2066204033,2066205033,2066206033
"linear_iid_n500",232,2066192034,2066222034,2066252034,2066202034,2066203034,2066204034,2066205034,2066206034
"linear_iid_n500",233,2066192035,2066222035,2066252035,2066202035,2066203035,2066204035,2066205035,2066206035
"linear_iid_n500",234,2066192036,2066222036,2066252036,2066202036,2066203036,2066204036,2066205036,2066206036
"linear_iid_n500",235,2066192037,2066222037,2066252037,2066202037,2066203037,2066204037,2066205037,2066206037
"linear_iid_n500",236,2066192038,2066222038,2066252038,2066202038,2066203038,2066204038,2066205038,2066206038
"linear_iid_n500",237,2066192039,2066222039,2066252039,2066202039,2066203039,2066204039,2066205039,2066206039
"linear_iid_n500",238,2066192040,2066222040,2066252040,2066202040,2066203040,2066204040,2066205040,2066206040
"linear_iid_n500",239,2066192041,2066222041,2066252041,2066202041,2066203041,2066204041,2066205041,2066206041
"linear_iid_n500",240,2066192042,2066222042,2066252042,2066202042,2066203042,2066204042,2066205042,2066206042
"linear_iid_n500",241,2066192043,2066222043,2066252043,2066202043,2066203043,2066204043,2066205043,2066206043
"linear_iid_n500",242,2066192044,2066222044,2066252044,2066202044,2066203044,2066204044,2066205044,2066206044
"linear_iid_n500",243,2066192045,2066222045,2066252045,2066202045,2066203045,2066204045,2066205045,2066206045
"linear_iid_n500",244,2066192046,2066222046,2066252046,2066202046,2066203046,2066204046,2066205046,2066206046
"linear_iid_n500",245,2066192047,2066222047,2066252047,2066202047,2066203047,2066204047,2066205047,2066206047
"linear_iid_n500",246,2066192048,2066222048,2066252048,2066202048,2066203048,2066204048,2066205048,2066206048
"linear_iid_n500",247,2066192049,2066222049,2066252049,2066202049,2066203049,2066204049,2066205049,2066206049
"linear_iid_n500",248,2066192050,2066222050,2066252050,2066202050,2066203050,2066204050,2066205050,2066206050
"linear_iid_n500",249,2066192051,2066222051,2066252051,2066202051,2066203051,2066204051,2066205051,2066206051
"linear_iid_n500",250,2066192052,2066222052,2066252052,2066202052,2066203052,2066204052,2066205052,2066206052
"linear_iid_n500",251,2066192053,2066222053,2066252053,2066202053,2066203053,2066204053,2066205053,2066206053
"linear_iid_n500",252,2066192054,2066222054,2066252054,2066202054,2066203054,2066204054,2066205054,2066206054
"linear_iid_n500",253,2066192055,2066222055,2066252055,2066202055,2066203055,2066204055,2066205055,2066206055
"linear_iid_n500",254,2066192056,2066222056,2066252056,2066202056,2066203056,2066204056,2066205056,2066206056
"linear_iid_n500",255,2066192057,2066222057,2066252057,2066202057,2066203057,2066204057,2066205057,2066206057
"linear_iid_n500",256,2066192058,2066222058,2066252058,2066202058,2066203058,2066204058,2066205058,2066206058
"linear_iid_n500",257,2066192059,2066222059,2066252059,2066202059,2066203059,2066204059,2066205059,2066206059
"linear_iid_n500",258,2066192060,2066222060,2066252060,2066202060,2066203060,2066204060,2066205060,2066206060
"linear_iid_n500",259,2066192061,2066222061,2066252061,2066202061,2066203061,2066204061,2066205061,2066206061
"linear_iid_n500",260,2066192062,2066222062,2066252062,2066202062,2066203062,2066204062,2066205062,2066206062
"linear_iid_n500",261,2066192063,2066222063,2066252063,2066202063,2066203063,2066204063,2066205063,2066206063
"linear_iid_n500",262,2066192064,2066222064,2066252064,2066202064,2066203064,2066204064,2066205064,2066206064
"linear_iid_n500",263,2066192065,2066222065,2066252065,2066202065,2066203065,2066204065,2066205065,2066206065
"linear_iid_n500",264,2066192066,2066222066,2066252066,2066202066,2066203066,2066204066,2066205066,2066206066
"linear_iid_n500",265,2066192067,2066222067,2066252067,2066202067,2066203067,2066204067,2066205067,2066206067
"linear_iid_n500",266,2066192068,2066222068,2066252068,2066202068,2066203068,2066204068,2066205068,2066206068
"linear_iid_n500",267,2066192069,2066222069,2066252069,2066202069,2066203069,2066204069,2066205069,2066206069
"linear_iid_n500",268,2066192070,2066222070,2066252070,2066202070,2066203070,2066204070,2066205070,2066206070
"linear_iid_n500",269,2066192071,2066222071,2066252071,2066202071,2066203071,2066204071,2066205071,2066206071
"linear_iid_n500",270,2066192072,2066222072,2066252072,2066202072,2066203072,2066204072,2066205072,2066206072
"linear_iid_n500",271,2066192073,2066222073,2066252073,2066202073,2066203073,2066204073,2066205073,2066206073
"linear_iid_n500",272,2066192074,2066222074,2066252074,2066202074,2066203074,2066204074,2066205074,2066206074
"linear_iid_n500",273,2066192075,2066222075,2066252075,2066202075,2066203075,2066204075,2066205075,2066206075
"linear_iid_n500",274,2066192076,2066222076,2066252076,2066202076,2066203076,2066204076,2066205076,2066206076
"linear_iid_n500",275,2066192077,2066222077,2066252077,2066202077,2066203077,2066204077,2066205077,2066206077
"linear_iid_n500",276,2066192078,2066222078,2066252078,2066202078,2066203078,2066204078,2066205078,2066206078
"linear_iid_n500",277,2066192079,2066222079,2066252079,2066202079,2066203079,2066204079,2066205079,2066206079
"linear_iid_n500",278,2066192080,2066222080,2066252080,2066202080,2066203080,2066204080,2066205080,2066206080
"linear_iid_n500",279,2066192081,2066222081,2066252081,2066202081,2066203081,2066204081,2066205081,2066206081
"linear_iid_n500",280,2066192082,2066222082,2066252082,2066202082,2066203082,2066204082,2066205082,2066206082
"linear_iid_n500",281,2066192083,2066222083,2066252083,2066202083,2066203083,2066204083,2066205083,2066206083
"linear_iid_n500",282,2066192084,2066222084,2066252084,2066202084,2066203084,2066204084,2066205084,2066206084
"linear_iid_n500",283,2066192085,2066222085,2066252085,2066202085,2066203085,2066204085,2066205085,2066206085
"linear_iid_n500",284,2066192086,2066222086,2066252086,2066202086,2066203086,2066204086,2066205086,2066206086
"linear_iid_n500",285,2066192087,2066222087,2066252087,2066202087,2066203087,2066204087,2066205087,2066206087
"linear_iid_n500",286,2066192088,2066222088,2066252088,2066202088,2066203088,2066204088,2066205088,2066206088
"linear_iid_n500",287,2066192089,2066222089,2066252089,2066202089,2066203089,2066204089,2066205089,2066206089
"linear_iid_n500",288,2066192090,2066222090,2066252090,2066202090,2066203090,2066204090,2066205090,2066206090
"linear_iid_n500",289,2066192091,2066222091,2066252091,2066202091,2066203091,2066204091,2066205091,2066206091
"linear_iid_n500",290,2066192092,2066222092,2066252092,2066202092,2066203092,2066204092,2066205092,2066206092
"linear_iid_n500",291,2066192093,2066222093,2066252093,2066202093,2066203093,2066204093,2066205093,2066206093
"linear_iid_n500",292,2066192094,2066222094,2066252094,2066202094,2066203094,2066204094,2066205094,2066206094
"linear_iid_n500",293,2066192095,2066222095,2066252095,2066202095,2066203095,2066204095,2066205095,2066206095
"linear_iid_n500",294,2066192096,2066222096,2066252096,2066202096,2066203096,2066204096,2066205096,2066206096
"linear_iid_n500",295,2066192097,2066222097,2066252097,2066202097,2066203097,2066204097,2066205097,2066206097
"linear_iid_n500",296,2066192098,2066222098,2066252098,2066202098,2066203098,2066204098,2066205098,2066206098
"linear_iid_n500",297,2066192099,2066222099,2066252099,2066202099,2066203099,2066204099,2066205099,2066206099
"linear_iid_n500",298,2066192100,2066222100,2066252100,2066202100,2066203100,2066204100,2066205100,2066206100
"linear_iid_n500",299,2066192101,2066222101,2066252101,2066202101,2066203101,2066204101,2066205101,2066206101
"linear_iid_n500",300,2066192102,2066222102,2066252102,2066202102,2066203102,2066204102,2066205102,2066206102
"linear_iid_n500",301,2066192103,2066222103,2066252103,2066202103,2066203103,2066204103,2066205103,2066206103
"linear_iid_n500",302,2066192104,2066222104,2066252104,2066202104,2066203104,2066204104,2066205104,2066206104
"linear_iid_n500",303,2066192105,2066222105,2066252105,2066202105,2066203105,2066204105,2066205105,2066206105
"linear_iid_n500",304,2066192106,2066222106,2066252106,2066202106,2066203106,2066204106,2066205106,2066206106
"linear_iid_n500",305,2066192107,2066222107,2066252107,2066202107,2066203107,2066204107,2066205107,2066206107
"linear_iid_n500",306,2066192108,2066222108,2066252108,2066202108,2066203108,2066204108,2066205108,2066206108
"linear_iid_n500",307,2066192109,2066222109,2066252109,2066202109,2066203109,2066204109,2066205109,2066206109
"linear_iid_n500",308,2066192110,2066222110,2066252110,2066202110,2066203110,2066204110,2066205110,2066206110
"linear_iid_n500",309,2066192111,2066222111,2066252111,2066202111,2066203111,2066204111,2066205111,2066206111
"linear_iid_n500",310,2066192112,2066222112,2066252112,2066202112,2066203112,2066204112,2066205112,2066206112
"linear_iid_n500",311,2066192113,2066222113,2066252113,2066202113,2066203113,2066204113,2066205113,2066206113
"linear_iid_n500",312,2066192114,2066222114,2066252114,2066202114,2066203114,2066204114,2066205114,2066206114
"linear_iid_n500",313,2066192115,2066222115,2066252115,2066202115,2066203115,2066204115,2066205115,2066206115
"linear_iid_n500",314,2066192116,2066222116,2066252116,2066202116,2066203116,2066204116,2066205116,2066206116
"linear_iid_n500",315,2066192117,2066222117,2066252117,2066202117,2066203117,2066204117,2066205117,2066206117
"linear_iid_n500",316,2066192118,2066222118,2066252118,2066202118,2066203118,2066204118,2066205118,2066206118
"linear_iid_n500",317,2066192119,2066222119,2066252119,2066202119,2066203119,2066204119,2066205119,2066206119
"linear_iid_n500",318,2066192120,2066222120,2066252120,2066202120,2066203120,2066204120,2066205120,2066206120
"linear_iid_n500",319,2066192121,2066222121,2066252121,2066202121,2066203121,2066204121,2066205121,2066206121
"linear_iid_n500",320,2066192122,2066222122,2066252122,2066202122,2066203122,2066204122,2066205122,2066206122
"linear_iid_n500",321,2066192123,2066222123,2066252123,2066202123,2066203123,2066204123,2066205123,2066206123
"linear_iid_n500",322,2066192124,2066222124,2066252124,2066202124,2066203124,2066204124,2066205124,2066206124
"linear_iid_n500",323,2066192125,2066222125,2066252125,2066202125,2066203125,2066204125,2066205125,2066206125
"linear_iid_n500",324,2066192126,2066222126,2066252126,2066202126,2066203126,2066204126,2066205126,2066206126
"linear_iid_n500",325,2066192127,2066222127,2066252127,2066202127,2066203127,2066204127,2066205127,2066206127
"linear_iid_n500",326,2066192128,2066222128,2066252128,2066202128,2066203128,2066204128,2066205128,2066206128
"linear_iid_n500",327,2066192129,2066222129,2066252129,2066202129,2066203129,2066204129,2066205129,2066206129
"linear_iid_n500",328,2066192130,2066222130,2066252130,2066202130,2066203130,2066204130,2066205130,2066206130
"linear_iid_n500",329,2066192131,2066222131,2066252131,2066202131,2066203131,2066204131,2066205131,2066206131
"linear_iid_n500",330,2066192132,2066222132,2066252132,2066202132,2066203132,2066204132,2066205132,2066206132
"linear_iid_n500",331,2066192133,2066222133,2066252133,2066202133,2066203133,2066204133,2066205133,2066206133
"linear_iid_n500",332,2066192134,2066222134,2066252134,2066202134,2066203134,2066204134,2066205134,2066206134
"linear_iid_n500",333,2066192135,2066222135,2066252135,2066202135,2066203135,2066204135,2066205135,2066206135
"linear_iid_n500",334,2066192136,2066222136,2066252136,2066202136,2066203136,2066204136,2066205136,2066206136
"linear_iid_n500",335,2066192137,2066222137,2066252137,2066202137,2066203137,2066204137,2066205137,2066206137
"linear_iid_n500",336,2066192138,2066222138,2066252138,2066202138,2066203138,2066204138,2066205138,2066206138
"linear_iid_n500",337,2066192139,2066222139,2066252139,2066202139,2066203139,2066204139,2066205139,2066206139
"linear_iid_n500",338,2066192140,2066222140,2066252140,2066202140,2066203140,2066204140,2066205140,2066206140
"linear_iid_n500",339,2066192141,2066222141,2066252141,2066202141,2066203141,2066204141,2066205141,2066206141
"linear_iid_n500",340,2066192142,2066222142,2066252142,2066202142,2066203142,2066204142,2066205142,2066206142
"linear_iid_n500",341,2066192143,2066222143,2066252143,2066202143,2066203143,2066204143,2066205143,2066206143
"linear_iid_n500",342,2066192144,2066222144,2066252144,2066202144,2066203144,2066204144,2066205144,2066206144
"linear_iid_n500",343,2066192145,2066222145,2066252145,2066202145,2066203145,2066204145,2066205145,2066206145
"linear_iid_n500",344,2066192146,2066222146,2066252146,2066202146,2066203146,2066204146,2066205146,2066206146
"linear_iid_n500",345,2066192147,2066222147,2066252147,2066202147,2066203147,2066204147,2066205147,2066206147
"linear_iid_n500",346,2066192148,2066222148,2066252148,2066202148,2066203148,2066204148,2066205148,2066206148
"linear_iid_n500",347,2066192149,2066222149,2066252149,2066202149,2066203149,2066204149,2066205149,2066206149
"linear_iid_n500",348,2066192150,2066222150,2066252150,2066202150,2066203150,2066204150,2066205150,2066206150
"linear_iid_n500",349,2066192151,2066222151,2066252151,2066202151,2066203151,2066204151,2066205151,2066206151
"linear_iid_n500",350,2066192152,2066222152,2066252152,2066202152,2066203152,2066204152,2066205152,2066206152
"linear_iid_n500",351,2066192153,2066222153,2066252153,2066202153,2066203153,2066204153,2066205153,2066206153
"linear_iid_n500",352,2066192154,2066222154,2066252154,2066202154,2066203154,2066204154,2066205154,2066206154
"linear_iid_n500",353,2066192155,2066222155,2066252155,2066202155,2066203155,2066204155,2066205155,2066206155
"linear_iid_n500",354,2066192156,2066222156,2066252156,2066202156,2066203156,2066204156,2066205156,2066206156
"linear_iid_n500",355,2066192157,2066222157,2066252157,2066202157,2066203157,2066204157,2066205157,2066206157
"linear_iid_n500",356,2066192158,2066222158,2066252158,2066202158,2066203158,2066204158,2066205158,2066206158
"linear_iid_n500",357,2066192159,2066222159,2066252159,2066202159,2066203159,2066204159,2066205159,2066206159
"linear_iid_n500",358,2066192160,2066222160,2066252160,2066202160,2066203160,2066204160,2066205160,2066206160
"linear_iid_n500",359,2066192161,2066222161,2066252161,2066202161,2066203161,2066204161,2066205161,2066206161
"linear_iid_n500",360,2066192162,2066222162,2066252162,2066202162,2066203162,2066204162,2066205162,2066206162
"linear_iid_n500",361,2066192163,2066222163,2066252163,2066202163,2066203163,2066204163,2066205163,2066206163
"linear_iid_n500",362,2066192164,2066222164,2066252164,2066202164,2066203164,2066204164,2066205164,2066206164
"linear_iid_n500",363,2066192165,2066222165,2066252165,2066202165,2066203165,2066204165,2066205165,2066206165
"linear_iid_n500",364,2066192166,2066222166,2066252166,2066202166,2066203166,2066204166,2066205166,2066206166
"linear_iid_n500",365,2066192167,2066222167,2066252167,2066202167,2066203167,2066204167,2066205167,2066206167
"linear_iid_n500",366,2066192168,2066222168,2066252168,2066202168,2066203168,2066204168,2066205168,2066206168
"linear_iid_n500",367,2066192169,2066222169,2066252169,2066202169,2066203169,2066204169,2066205169,2066206169
"linear_iid_n500",368,2066192170,2066222170,2066252170,2066202170,2066203170,2066204170,2066205170,2066206170
"linear_iid_n500",369,2066192171,2066222171,2066252171,2066202171,2066203171,2066204171,2066205171,2066206171
"linear_iid_n500",370,2066192172,2066222172,2066252172,2066202172,2066203172,2066204172,2066205172,2066206172
"linear_iid_n500",371,2066192173,2066222173,2066252173,2066202173,2066203173,2066204173,2066205173,2066206173
"linear_iid_n500",372,2066192174,2066222174,2066252174,2066202174,2066203174,2066204174,2066205174,2066206174
"linear_iid_n500",373,2066192175,2066222175,2066252175,2066202175,2066203175,2066204175,2066205175,2066206175
"linear_iid_n500",374,2066192176,2066222176,2066252176,2066202176,2066203176,2066204176,2066205176,2066206176
"linear_iid_n500",375,2066192177,2066222177,2066252177,2066202177,2066203177,2066204177,2066205177,2066206177
"linear_iid_n500",376,2066192178,2066222178,2066252178,2066202178,2066203178,2066204178,2066205178,2066206178
"linear_iid_n500",377,2066192179,2066222179,2066252179,2066202179,2066203179,2066204179,2066205179,2066206179
"linear_iid_n500",378,2066192180,2066222180,2066252180,2066202180,2066203180,2066204180,2066205180,2066206180
"linear_iid_n500",379,2066192181,2066222181,2066252181,2066202181,2066203181,2066204181,2066205181,2066206181
"linear_iid_n500",380,2066192182,2066222182,2066252182,2066202182,2066203182,2066204182,2066205182,2066206182
"linear_iid_n500",381,2066192183,2066222183,2066252183,2066202183,2066203183,2066204183,2066205183,2066206183
"linear_iid_n500",382,2066192184,2066222184,2066252184,2066202184,2066203184,2066204184,2066205184,2066206184
"linear_iid_n500",383,2066192185,2066222185,2066252185,2066202185,2066203185,2066204185,2066205185,2066206185
"linear_iid_n500",384,2066192186,2066222186,2066252186,2066202186,2066203186,2066204186,2066205186,2066206186
"linear_iid_n500",385,2066192187,2066222187,2066252187,2066202187,2066203187,2066204187,2066205187,2066206187
"linear_iid_n500",386,2066192188,2066222188,2066252188,2066202188,2066203188,2066204188,2066205188,2066206188
"linear_iid_n500",387,2066192189,2066222189,2066252189,2066202189,2066203189,2066204189,2066205189,2066206189
"linear_iid_n500",388,2066192190,2066222190,2066252190,2066202190,2066203190,2066204190,2066205190,2066206190
"linear_iid_n500",389,2066192191,2066222191,2066252191,2066202191,2066203191,2066204191,2066205191,2066206191
"linear_iid_n500",390,2066192192,2066222192,2066252192,2066202192,2066203192,2066204192,2066205192,2066206192
"linear_iid_n500",391,2066192193,2066222193,2066252193,2066202193,2066203193,2066204193,2066205193,2066206193
"linear_iid_n500",392,2066192194,2066222194,2066252194,2066202194,2066203194,2066204194,2066205194,2066206194
"linear_iid_n500",393,2066192195,2066222195,2066252195,2066202195,2066203195,2066204195,2066205195,2066206195
"linear_iid_n500",394,2066192196,2066222196,2066252196,2066202196,2066203196,2066204196,2066205196,2066206196
"linear_iid_n500",395,2066192197,2066222197,2066252197,2066202197,2066203197,2066204197,2066205197,2066206197
"linear_iid_n500",396,2066192198,2066222198,2066252198,2066202198,2066203198,2066204198,2066205198,2066206198
"linear_iid_n500",397,2066192199,2066222199,2066252199,2066202199,2066203199,2066204199,2066205199,2066206199
"linear_iid_n500",398,2066192200,2066222200,2066252200,2066202200,2066203200,2066204200,2066205200,2066206200
"linear_iid_n500",399,2066192201,2066222201,2066252201,2066202201,2066203201,2066204201,2066205201,2066206201
"linear_iid_n500",400,2066192202,2066222202,2066252202,2066202202,2066203202,2066204202,2066205202,2066206202
"linear_iid_n500",401,2066192203,2066222203,2066252203,2066202203,2066203203,2066204203,2066205203,2066206203
"linear_iid_n500",402,2066192204,2066222204,2066252204,2066202204,2066203204,2066204204,2066205204,2066206204
"linear_iid_n500",403,2066192205,2066222205,2066252205,2066202205,2066203205,2066204205,2066205205,2066206205
"linear_iid_n500",404,2066192206,2066222206,2066252206,2066202206,2066203206,2066204206,2066205206,2066206206
"linear_iid_n500",405,2066192207,2066222207,2066252207,2066202207,2066203207,2066204207,2066205207,2066206207
"linear_iid_n500",406,2066192208,2066222208,2066252208,2066202208,2066203208,2066204208,2066205208,2066206208
"linear_iid_n500",407,2066192209,2066222209,2066252209,2066202209,2066203209,2066204209,2066205209,2066206209
"linear_iid_n500",408,2066192210,2066222210,2066252210,2066202210,2066203210,2066204210,2066205210,2066206210
"linear_iid_n500",409,2066192211,2066222211,2066252211,2066202211,2066203211,2066204211,2066205211,2066206211
"linear_iid_n500",410,2066192212,2066222212,2066252212,2066202212,2066203212,2066204212,2066205212,2066206212
"linear_iid_n500",411,2066192213,2066222213,2066252213,2066202213,2066203213,2066204213,2066205213,2066206213
"linear_iid_n500",412,2066192214,2066222214,2066252214,2066202214,2066203214,2066204214,2066205214,2066206214
"linear_iid_n500",413,2066192215,2066222215,2066252215,2066202215,2066203215,2066204215,2066205215,2066206215
"linear_iid_n500",414,2066192216,2066222216,2066252216,2066202216,2066203216,2066204216,2066205216,2066206216
"linear_iid_n500",415,2066192217,2066222217,2066252217,2066202217,2066203217,2066204217,2066205217,2066206217
"linear_iid_n500",416,2066192218,2066222218,2066252218,2066202218,2066203218,2066204218,2066205218,2066206218
"linear_iid_n500",417,2066192219,2066222219,2066252219,2066202219,2066203219,2066204219,2066205219,2066206219
"linear_iid_n500",418,2066192220,2066222220,2066252220,2066202220,2066203220,2066204220,2066205220,2066206220
"linear_iid_n500",419,2066192221,2066222221,2066252221,2066202221,2066203221,2066204221,2066205221,2066206221
"linear_iid_n500",420,2066192222,2066222222,2066252222,2066202222,2066203222,2066204222,2066205222,2066206222
"linear_iid_n500",421,2066192223,2066222223,2066252223,2066202223,2066203223,2066204223,2066205223,2066206223
"linear_iid_n500",422,2066192224,2066222224,2066252224,2066202224,2066203224,2066204224,2066205224,2066206224
"linear_iid_n500",423,2066192225,2066222225,2066252225,2066202225,2066203225,2066204225,2066205225,2066206225
"linear_iid_n500",424,2066192226,2066222226,2066252226,2066202226,2066203226,2066204226,2066205226,2066206226
"linear_iid_n500",425,2066192227,2066222227,2066252227,2066202227,2066203227,2066204227,2066205227,2066206227
"linear_iid_n500",426,2066192228,2066222228,2066252228,2066202228,2066203228,2066204228,2066205228,2066206228
"linear_iid_n500",427,2066192229,2066222229,2066252229,2066202229,2066203229,2066204229,2066205229,2066206229
"linear_iid_n500",428,2066192230,2066222230,2066252230,2066202230,2066203230,2066204230,2066205230,2066206230
"linear_iid_n500",429,2066192231,2066222231,2066252231,2066202231,2066203231,2066204231,2066205231,2066206231
"linear_iid_n500",430,2066192232,2066222232,2066252232,2066202232,2066203232,2066204232,2066205232,2066206232
"linear_iid_n500",431,2066192233,2066222233,2066252233,2066202233,2066203233,2066204233,2066205233,2066206233
"linear_iid_n500",432,2066192234,2066222234,2066252234,2066202234,2066203234,2066204234,2066205234,2066206234
"linear_iid_n500",433,2066192235,2066222235,2066252235,2066202235,2066203235,2066204235,2066205235,2066206235
"linear_iid_n500",434,2066192236,2066222236,2066252236,2066202236,2066203236,2066204236,2066205236,2066206236
"linear_iid_n500",435,2066192237,2066222237,2066252237,2066202237,2066203237,2066204237,2066205237,2066206237
"linear_iid_n500",436,2066192238,2066222238,2066252238,2066202238,2066203238,2066204238,2066205238,2066206238
"linear_iid_n500",437,2066192239,2066222239,2066252239,2066202239,2066203239,2066204239,2066205239,2066206239
"linear_iid_n500",438,2066192240,2066222240,2066252240,2066202240,2066203240,2066204240,2066205240,2066206240
"linear_iid_n500",439,2066192241,2066222241,2066252241,2066202241,2066203241,2066204241,2066205241,2066206241
"linear_iid_n500",440,2066192242,2066222242,2066252242,2066202242,2066203242,2066204242,2066205242,2066206242
"linear_iid_n500",441,2066192243,2066222243,2066252243,2066202243,2066203243,2066204243,2066205243,2066206243
"linear_iid_n500",442,2066192244,2066222244,2066252244,2066202244,2066203244,2066204244,2066205244,2066206244
"linear_iid_n500",443,2066192245,2066222245,2066252245,2066202245,2066203245,2066204245,2066205245,2066206245
"linear_iid_n500",444,2066192246,2066222246,2066252246,2066202246,2066203246,2066204246,2066205246,2066206246
"linear_iid_n500",445,2066192247,2066222247,2066252247,2066202247,2066203247,2066204247,2066205247,2066206247
"linear_iid_n500",446,2066192248,2066222248,2066252248,2066202248,2066203248,2066204248,2066205248,2066206248
"linear_iid_n500",447,2066192249,2066222249,2066252249,2066202249,2066203249,2066204249,2066205249,2066206249
"linear_iid_n500",448,2066192250,2066222250,2066252250,2066202250,2066203250,2066204250,2066205250,2066206250
"linear_iid_n500",449,2066192251,2066222251,2066252251,2066202251,2066203251,2066204251,2066205251,2066206251
"linear_iid_n500",450,2066192252,2066222252,2066252252,2066202252,2066203252,2066204252,2066205252,2066206252
"linear_iid_n500",451,2066192253,2066222253,2066252253,2066202253,2066203253,2066204253,2066205253,2066206253
"linear_iid_n500",452,2066192254,2066222254,2066252254,2066202254,2066203254,2066204254,2066205254,2066206254
"linear_iid_n500",453,2066192255,2066222255,2066252255,2066202255,2066203255,2066204255,2066205255,2066206255
"linear_iid_n500",454,2066192256,2066222256,2066252256,2066202256,2066203256,2066204256,2066205256,2066206256
"linear_iid_n500",455,2066192257,2066222257,2066252257,2066202257,2066203257,2066204257,2066205257,2066206257
"linear_iid_n500",456,2066192258,2066222258,2066252258,2066202258,2066203258,2066204258,2066205258,2066206258
"linear_iid_n500",457,2066192259,2066222259,2066252259,2066202259,2066203259,2066204259,2066205259,2066206259
"linear_iid_n500",458,2066192260,2066222260,2066252260,2066202260,2066203260,2066204260,2066205260,2066206260
"linear_iid_n500",459,2066192261,2066222261,2066252261,2066202261,2066203261,2066204261,2066205261,2066206261
"linear_iid_n500",460,2066192262,2066222262,2066252262,2066202262,2066203262,2066204262,2066205262,2066206262
"linear_iid_n500",461,2066192263,2066222263,2066252263,2066202263,2066203263,2066204263,2066205263,2066206263
"linear_iid_n500",462,2066192264,2066222264,2066252264,2066202264,2066203264,2066204264,2066205264,2066206264
"linear_iid_n500",463,2066192265,2066222265,2066252265,2066202265,2066203265,2066204265,2066205265,2066206265
"linear_iid_n500",464,2066192266,2066222266,2066252266,2066202266,2066203266,2066204266,2066205266,2066206266
"linear_iid_n500",465,2066192267,2066222267,2066252267,2066202267,2066203267,2066204267,2066205267,2066206267
"linear_iid_n500",466,2066192268,2066222268,2066252268,2066202268,2066203268,2066204268,2066205268,2066206268
"linear_iid_n500",467,2066192269,2066222269,2066252269,2066202269,2066203269,2066204269,2066205269,2066206269
"linear_iid_n500",468,2066192270,2066222270,2066252270,2066202270,2066203270,2066204270,2066205270,2066206270
"linear_iid_n500",469,2066192271,2066222271,2066252271,2066202271,2066203271,2066204271,2066205271,2066206271
"linear_iid_n500",470,2066192272,2066222272,2066252272,2066202272,2066203272,2066204272,2066205272,2066206272
"linear_iid_n500",471,2066192273,2066222273,2066252273,2066202273,2066203273,2066204273,2066205273,2066206273
"linear_iid_n500",472,2066192274,2066222274,2066252274,2066202274,2066203274,2066204274,2066205274,2066206274
"linear_iid_n500",473,2066192275,2066222275,2066252275,2066202275,2066203275,2066204275,2066205275,2066206275
"linear_iid_n500",474,2066192276,2066222276,2066252276,2066202276,2066203276,2066204276,2066205276,2066206276
"linear_iid_n500",475,2066192277,2066222277,2066252277,2066202277,2066203277,2066204277,2066205277,2066206277
"linear_iid_n500",476,2066192278,2066222278,2066252278,2066202278,2066203278,2066204278,2066205278,2066206278
"linear_iid_n500",477,2066192279,2066222279,2066252279,2066202279,2066203279,2066204279,2066205279,2066206279
"linear_iid_n500",478,2066192280,2066222280,2066252280,2066202280,2066203280,2066204280,2066205280,2066206280
"linear_iid_n500",479,2066192281,2066222281,2066252281,2066202281,2066203281,2066204281,2066205281,2066206281
"linear_iid_n500",480,2066192282,2066222282,2066252282,2066202282,2066203282,2066204282,2066205282,2066206282
"linear_iid_n500",481,2066192283,2066222283,2066252283,2066202283,2066203283,2066204283,2066205283,2066206283
"linear_iid_n500",482,2066192284,2066222284,2066252284,2066202284,2066203284,2066204284,2066205284,2066206284
"linear_iid_n500",483,2066192285,2066222285,2066252285,2066202285,2066203285,2066204285,2066205285,2066206285
"linear_iid_n500",484,2066192286,2066222286,2066252286,2066202286,2066203286,2066204286,2066205286,2066206286
"linear_iid_n500",485,2066192287,2066222287,2066252287,2066202287,2066203287,2066204287,2066205287,2066206287
"linear_iid_n500",486,2066192288,2066222288,2066252288,2066202288,2066203288,2066204288,2066205288,2066206288
"linear_iid_n500",487,2066192289,2066222289,2066252289,2066202289,2066203289,2066204289,2066205289,2066206289
"linear_iid_n500",488,2066192290,2066222290,2066252290,2066202290,2066203290,2066204290,2066205290,2066206290
"linear_iid_n500",489,2066192291,2066222291,2066252291,2066202291,2066203291,2066204291,2066205291,2066206291
"linear_iid_n500",490,2066192292,2066222292,2066252292,2066202292,2066203292,2066204292,2066205292,2066206292
"linear_iid_n500",491,2066192293,2066222293,2066252293,2066202293,2066203293,2066204293,2066205293,2066206293
"linear_iid_n500",492,2066192294,2066222294,2066252294,2066202294,2066203294,2066204294,2066205294,2066206294
"linear_iid_n500",493,2066192295,2066222295,2066252295,2066202295,2066203295,2066204295,2066205295,2066206295
"linear_iid_n500",494,2066192296,2066222296,2066252296,2066202296,2066203296,2066204296,2066205296,2066206296
"linear_iid_n500",495,2066192297,2066222297,2066252297,2066202297,2066203297,2066204297,2066205297,2066206297
"linear_iid_n500",496,2066192298,2066222298,2066252298,2066202298,2066203298,2066204298,2066205298,2066206298
"linear_iid_n500",497,2066192299,2066222299,2066252299,2066202299,2066203299,2066204299,2066205299,2066206299
"linear_iid_n500",498,2066192300,2066222300,2066252300,2066202300,2066203300,2066204300,2066205300,2066206300
"linear_iid_n500",499,2066192301,2066222301,2066252301,2066202301,2066203301,2066204301,2066205301,2066206301
"linear_iid_n500",500,2066192302,2066222302,2066252302,2066202302,2066203302,2066204302,2066205302,2066206302
"linear_iid_n500",501,2066192303,2066222303,2066252303,2066202303,2066203303,2066204303,2066205303,2066206303
"linear_iid_n500",502,2066192304,2066222304,2066252304,2066202304,2066203304,2066204304,2066205304,2066206304
"linear_iid_n500",503,2066192305,2066222305,2066252305,2066202305,2066203305,2066204305,2066205305,2066206305
"linear_iid_n500",504,2066192306,2066222306,2066252306,2066202306,2066203306,2066204306,2066205306,2066206306
"linear_iid_n500",505,2066192307,2066222307,2066252307,2066202307,2066203307,2066204307,2066205307,2066206307
"linear_iid_n500",506,2066192308,2066222308,2066252308,2066202308,2066203308,2066204308,2066205308,2066206308
"linear_iid_n500",507,2066192309,2066222309,2066252309,2066202309,2066203309,2066204309,2066205309,2066206309
"linear_iid_n500",508,2066192310,2066222310,2066252310,2066202310,2066203310,2066204310,2066205310,2066206310
"linear_iid_n500",509,2066192311,2066222311,2066252311,2066202311,2066203311,2066204311,2066205311,2066206311
"linear_iid_n500",510,2066192312,2066222312,2066252312,2066202312,2066203312,2066204312,2066205312,2066206312
"linear_iid_n500",511,2066192313,2066222313,2066252313,2066202313,2066203313,2066204313,2066205313,2066206313
"linear_iid_n500",512,2066192314,2066222314,2066252314,2066202314,2066203314,2066204314,2066205314,2066206314
"linear_iid_n500",513,2066192315,2066222315,2066252315,2066202315,2066203315,2066204315,2066205315,2066206315
"linear_iid_n500",514,2066192316,2066222316,2066252316,2066202316,2066203316,2066204316,2066205316,2066206316
"linear_iid_n500",515,2066192317,2066222317,2066252317,2066202317,2066203317,2066204317,2066205317,2066206317
"linear_iid_n500",516,2066192318,2066222318,2066252318,2066202318,2066203318,2066204318,2066205318,2066206318
"linear_iid_n500",517,2066192319,2066222319,2066252319,2066202319,2066203319,2066204319,2066205319,2066206319
"linear_iid_n500",518,2066192320,2066222320,2066252320,2066202320,2066203320,2066204320,2066205320,2066206320
"linear_iid_n500",519,2066192321,2066222321,2066252321,2066202321,2066203321,2066204321,2066205321,2066206321
"linear_iid_n500",520,2066192322,2066222322,2066252322,2066202322,2066203322,2066204322,2066205322,2066206322
"linear_iid_n500",521,2066192323,2066222323,2066252323,2066202323,2066203323,2066204323,2066205323,2066206323
"linear_iid_n500",522,2066192324,2066222324,2066252324,2066202324,2066203324,2066204324,2066205324,2066206324
"linear_iid_n500",523,2066192325,2066222325,2066252325,2066202325,2066203325,2066204325,2066205325,2066206325
"linear_iid_n500",524,2066192326,2066222326,2066252326,2066202326,2066203326,2066204326,2066205326,2066206326
"linear_iid_n500",525,2066192327,2066222327,2066252327,2066202327,2066203327,2066204327,2066205327,2066206327
"linear_iid_n500",526,2066192328,2066222328,2066252328,2066202328,2066203328,2066204328,2066205328,2066206328
"linear_iid_n500",527,2066192329,2066222329,2066252329,2066202329,2066203329,2066204329,2066205329,2066206329
"linear_iid_n500",528,2066192330,2066222330,2066252330,2066202330,2066203330,2066204330,2066205330,2066206330
"linear_iid_n500",529,2066192331,2066222331,2066252331,2066202331,2066203331,2066204331,2066205331,2066206331
"linear_iid_n500",530,2066192332,2066222332,2066252332,2066202332,2066203332,2066204332,2066205332,2066206332
"linear_iid_n500",531,2066192333,2066222333,2066252333,2066202333,2066203333,2066204333,2066205333,2066206333
"linear_iid_n500",532,2066192334,2066222334,2066252334,2066202334,2066203334,2066204334,2066205334,2066206334
"linear_iid_n500",533,2066192335,2066222335,2066252335,2066202335,2066203335,2066204335,2066205335,2066206335
"linear_iid_n500",534,2066192336,2066222336,2066252336,2066202336,2066203336,2066204336,2066205336,2066206336
"linear_iid_n500",535,2066192337,2066222337,2066252337,2066202337,2066203337,2066204337,2066205337,2066206337
"linear_iid_n500",536,2066192338,2066222338,2066252338,2066202338,2066203338,2066204338,2066205338,2066206338
"linear_iid_n500",537,2066192339,2066222339,2066252339,2066202339,2066203339,2066204339,2066205339,2066206339
"linear_iid_n500",538,2066192340,2066222340,2066252340,2066202340,2066203340,2066204340,2066205340,2066206340
"linear_iid_n500",539,2066192341,2066222341,2066252341,2066202341,2066203341,2066204341,2066205341,2066206341
"linear_iid_n500",540,2066192342,2066222342,2066252342,2066202342,2066203342,2066204342,2066205342,2066206342
"linear_iid_n500",541,2066192343,2066222343,2066252343,2066202343,2066203343,2066204343,2066205343,2066206343
"linear_iid_n500",542,2066192344,2066222344,2066252344,2066202344,2066203344,2066204344,2066205344,2066206344
"linear_iid_n500",543,2066192345,2066222345,2066252345,2066202345,2066203345,2066204345,2066205345,2066206345
"linear_iid_n500",544,2066192346,2066222346,2066252346,2066202346,2066203346,2066204346,2066205346,2066206346
"linear_iid_n500",545,2066192347,2066222347,2066252347,2066202347,2066203347,2066204347,2066205347,2066206347
"linear_iid_n500",546,2066192348,2066222348,2066252348,2066202348,2066203348,2066204348,2066205348,2066206348
"linear_iid_n500",547,2066192349,2066222349,2066252349,2066202349,2066203349,2066204349,2066205349,2066206349
"linear_iid_n500",548,2066192350,2066222350,2066252350,2066202350,2066203350,2066204350,2066205350,2066206350
"linear_iid_n500",549,2066192351,2066222351,2066252351,2066202351,2066203351,2066204351,2066205351,2066206351
"linear_iid_n500",550,2066192352,2066222352,2066252352,2066202352,2066203352,2066204352,2066205352,2066206352
"linear_iid_n500",551,2066192353,2066222353,2066252353,2066202353,2066203353,2066204353,2066205353,2066206353
"linear_iid_n500",552,2066192354,2066222354,2066252354,2066202354,2066203354,2066204354,2066205354,2066206354
"linear_iid_n500",553,2066192355,2066222355,2066252355,2066202355,2066203355,2066204355,2066205355,2066206355
"linear_iid_n500",554,2066192356,2066222356,2066252356,2066202356,2066203356,2066204356,2066205356,2066206356
"linear_iid_n500",555,2066192357,2066222357,2066252357,2066202357,2066203357,2066204357,2066205357,2066206357
"linear_iid_n500",556,2066192358,2066222358,2066252358,2066202358,2066203358,2066204358,2066205358,2066206358
"linear_iid_n500",557,2066192359,2066222359,2066252359,2066202359,2066203359,2066204359,2066205359,2066206359
"linear_iid_n500",558,2066192360,2066222360,2066252360,2066202360,2066203360,2066204360,2066205360,2066206360
"linear_iid_n500",559,2066192361,2066222361,2066252361,2066202361,2066203361,2066204361,2066205361,2066206361
"linear_iid_n500",560,2066192362,2066222362,2066252362,2066202362,2066203362,2066204362,2066205362,2066206362
"linear_iid_n500",561,2066192363,2066222363,2066252363,2066202363,2066203363,2066204363,2066205363,2066206363
"linear_iid_n500",562,2066192364,2066222364,2066252364,2066202364,2066203364,2066204364,2066205364,2066206364
"linear_iid_n500",563,2066192365,2066222365,2066252365,2066202365,2066203365,2066204365,2066205365,2066206365
"linear_iid_n500",564,2066192366,2066222366,2066252366,2066202366,2066203366,2066204366,2066205366,2066206366
"linear_iid_n500",565,2066192367,2066222367,2066252367,2066202367,2066203367,2066204367,2066205367,2066206367
"linear_iid_n500",566,2066192368,2066222368,2066252368,2066202368,2066203368,2066204368,2066205368,2066206368
"linear_iid_n500",567,2066192369,2066222369,2066252369,2066202369,2066203369,2066204369,2066205369,2066206369
"linear_iid_n500",568,2066192370,2066222370,2066252370,2066202370,2066203370,2066204370,2066205370,2066206370
"linear_iid_n500",569,2066192371,2066222371,2066252371,2066202371,2066203371,2066204371,2066205371,2066206371
"linear_iid_n500",570,2066192372,2066222372,2066252372,2066202372,2066203372,2066204372,2066205372,2066206372
"linear_iid_n500",571,2066192373,2066222373,2066252373,2066202373,2066203373,2066204373,2066205373,2066206373
"linear_iid_n500",572,2066192374,2066222374,2066252374,2066202374,2066203374,2066204374,2066205374,2066206374
"linear_iid_n500",573,2066192375,2066222375,2066252375,2066202375,2066203375,2066204375,2066205375,2066206375
"linear_iid_n500",574,2066192376,2066222376,2066252376,2066202376,2066203376,2066204376,2066205376,2066206376
"linear_iid_n500",575,2066192377,2066222377,2066252377,2066202377,2066203377,2066204377,2066205377,2066206377
"linear_iid_n500",576,2066192378,2066222378,2066252378,2066202378,2066203378,2066204378,2066205378,2066206378
"linear_iid_n500",577,2066192379,2066222379,2066252379,2066202379,2066203379,2066204379,2066205379,2066206379
"linear_iid_n500",578,2066192380,2066222380,2066252380,2066202380,2066203380,2066204380,2066205380,2066206380
"linear_iid_n500",579,2066192381,2066222381,2066252381,2066202381,2066203381,2066204381,2066205381,2066206381
"linear_iid_n500",580,2066192382,2066222382,2066252382,2066202382,2066203382,2066204382,2066205382,2066206382
"linear_iid_n500",581,2066192383,2066222383,2066252383,2066202383,2066203383,2066204383,2066205383,2066206383
"linear_iid_n500",582,2066192384,2066222384,2066252384,2066202384,2066203384,2066204384,2066205384,2066206384
"linear_iid_n500",583,2066192385,2066222385,2066252385,2066202385,2066203385,2066204385,2066205385,2066206385
"linear_iid_n500",584,2066192386,2066222386,2066252386,2066202386,2066203386,2066204386,2066205386,2066206386
"linear_iid_n500",585,2066192387,2066222387,2066252387,2066202387,2066203387,2066204387,2066205387,2066206387
"linear_iid_n500",586,2066192388,2066222388,2066252388,2066202388,2066203388,2066204388,2066205388,2066206388
"linear_iid_n500",587,2066192389,2066222389,2066252389,2066202389,2066203389,2066204389,2066205389,2066206389
"linear_iid_n500",588,2066192390,2066222390,2066252390,2066202390,2066203390,2066204390,2066205390,2066206390
"linear_iid_n500",589,2066192391,2066222391,2066252391,2066202391,2066203391,2066204391,2066205391,2066206391
"linear_iid_n500",590,2066192392,2066222392,2066252392,2066202392,2066203392,2066204392,2066205392,2066206392
"linear_iid_n500",591,2066192393,2066222393,2066252393,2066202393,2066203393,2066204393,2066205393,2066206393
"linear_iid_n500",592,2066192394,2066222394,2066252394,2066202394,2066203394,2066204394,2066205394,2066206394
"linear_iid_n500",593,2066192395,2066222395,2066252395,2066202395,2066203395,2066204395,2066205395,2066206395
"linear_iid_n500",594,2066192396,2066222396,2066252396,2066202396,2066203396,2066204396,2066205396,2066206396
"linear_iid_n500",595,2066192397,2066222397,2066252397,2066202397,2066203397,2066204397,2066205397,2066206397
"linear_iid_n500",596,2066192398,2066222398,2066252398,2066202398,2066203398,2066204398,2066205398,2066206398
"linear_iid_n500",597,2066192399,2066222399,2066252399,2066202399,2066203399,2066204399,2066205399,2066206399
"linear_iid_n500",598,2066192400,2066222400,2066252400,2066202400,2066203400,2066204400,2066205400,2066206400
"linear_iid_n500",599,2066192401,2066222401,2066252401,2066202401,2066203401,2066204401,2066205401,2066206401
"linear_iid_n500",600,2066192402,2066222402,2066252402,2066202402,2066203402,2066204402,2066205402,2066206402
"linear_iid_n500",601,2066192403,2066222403,2066252403,2066202403,2066203403,2066204403,2066205403,2066206403
"linear_iid_n500",602,2066192404,2066222404,2066252404,2066202404,2066203404,2066204404,2066205404,2066206404
"linear_iid_n500",603,2066192405,2066222405,2066252405,2066202405,2066203405,2066204405,2066205405,2066206405
"linear_iid_n500",604,2066192406,2066222406,2066252406,2066202406,2066203406,2066204406,2066205406,2066206406
"linear_iid_n500",605,2066192407,2066222407,2066252407,2066202407,2066203407,2066204407,2066205407,2066206407
"linear_iid_n500",606,2066192408,2066222408,2066252408,2066202408,2066203408,2066204408,2066205408,2066206408
"linear_iid_n500",607,2066192409,2066222409,2066252409,2066202409,2066203409,2066204409,2066205409,2066206409
"linear_iid_n500",608,2066192410,2066222410,2066252410,2066202410,2066203410,2066204410,2066205410,2066206410
"linear_iid_n500",609,2066192411,2066222411,2066252411,2066202411,2066203411,2066204411,2066205411,2066206411
"linear_iid_n500",610,2066192412,2066222412,2066252412,2066202412,2066203412,2066204412,2066205412,2066206412
"linear_iid_n500",611,2066192413,2066222413,2066252413,2066202413,2066203413,2066204413,2066205413,2066206413
"linear_iid_n500",612,2066192414,2066222414,2066252414,2066202414,2066203414,2066204414,2066205414,2066206414
"linear_iid_n500",613,2066192415,2066222415,2066252415,2066202415,2066203415,2066204415,2066205415,2066206415
"linear_iid_n500",614,2066192416,2066222416,2066252416,2066202416,2066203416,2066204416,2066205416,2066206416
"linear_iid_n500",615,2066192417,2066222417,2066252417,2066202417,2066203417,2066204417,2066205417,2066206417
"linear_iid_n500",616,2066192418,2066222418,2066252418,2066202418,2066203418,2066204418,2066205418,2066206418
"linear_iid_n500",617,2066192419,2066222419,2066252419,2066202419,2066203419,2066204419,2066205419,2066206419
"linear_iid_n500",618,2066192420,2066222420,2066252420,2066202420,2066203420,2066204420,2066205420,2066206420
"linear_iid_n500",619,2066192421,2066222421,2066252421,2066202421,2066203421,2066204421,2066205421,2066206421
"linear_iid_n500",620,2066192422,2066222422,2066252422,2066202422,2066203422,2066204422,2066205422,2066206422
"linear_iid_n500",621,2066192423,2066222423,2066252423,2066202423,2066203423,2066204423,2066205423,2066206423
"linear_iid_n500",622,2066192424,2066222424,2066252424,2066202424,2066203424,2066204424,2066205424,2066206424
"linear_iid_n500",623,2066192425,2066222425,2066252425,2066202425,2066203425,2066204425,2066205425,2066206425
"linear_iid_n500",624,2066192426,2066222426,2066252426,2066202426,2066203426,2066204426,2066205426,2066206426
"linear_iid_n500",625,2066192427,2066222427,2066252427,2066202427,2066203427,2066204427,2066205427,2066206427
"linear_iid_n500",626,2066192428,2066222428,2066252428,2066202428,2066203428,2066204428,2066205428,2066206428
"linear_iid_n500",627,2066192429,2066222429,2066252429,2066202429,2066203429,2066204429,2066205429,2066206429
"linear_iid_n500",628,2066192430,2066222430,2066252430,2066202430,2066203430,2066204430,2066205430,2066206430
"linear_iid_n500",629,2066192431,2066222431,2066252431,2066202431,2066203431,2066204431,2066205431,2066206431
"linear_iid_n500",630,2066192432,2066222432,2066252432,2066202432,2066203432,2066204432,2066205432,2066206432
"linear_iid_n500",631,2066192433,2066222433,2066252433,2066202433,2066203433,2066204433,2066205433,2066206433
"linear_iid_n500",632,2066192434,2066222434,2066252434,2066202434,2066203434,2066204434,2066205434,2066206434
"linear_iid_n500",633,2066192435,2066222435,2066252435,2066202435,2066203435,2066204435,2066205435,2066206435
"linear_iid_n500",634,2066192436,2066222436,2066252436,2066202436,2066203436,2066204436,2066205436,2066206436
"linear_iid_n500",635,2066192437,2066222437,2066252437,2066202437,2066203437,2066204437,2066205437,2066206437
"linear_iid_n500",636,2066192438,2066222438,2066252438,2066202438,2066203438,2066204438,2066205438,2066206438
"linear_iid_n500",637,2066192439,2066222439,2066252439,2066202439,2066203439,2066204439,2066205439,2066206439
"linear_iid_n500",638,2066192440,2066222440,2066252440,2066202440,2066203440,2066204440,2066205440,2066206440
"linear_iid_n500",639,2066192441,2066222441,2066252441,2066202441,2066203441,2066204441,2066205441,2066206441
"linear_iid_n500",640,2066192442,2066222442,2066252442,2066202442,2066203442,2066204442,2066205442,2066206442
"linear_iid_n500",641,2066192443,2066222443,2066252443,2066202443,2066203443,2066204443,2066205443,2066206443
"linear_iid_n500",642,2066192444,2066222444,2066252444,2066202444,2066203444,2066204444,2066205444,2066206444
"linear_iid_n500",643,2066192445,2066222445,2066252445,2066202445,2066203445,2066204445,2066205445,2066206445
"linear_iid_n500",644,2066192446,2066222446,2066252446,2066202446,2066203446,2066204446,2066205446,2066206446
"linear_iid_n500",645,2066192447,2066222447,2066252447,2066202447,2066203447,2066204447,2066205447,2066206447
"linear_iid_n500",646,2066192448,2066222448,2066252448,2066202448,2066203448,2066204448,2066205448,2066206448
"linear_iid_n500",647,2066192449,2066222449,2066252449,2066202449,2066203449,2066204449,2066205449,2066206449
"linear_iid_n500",648,2066192450,2066222450,2066252450,2066202450,2066203450,2066204450,2066205450,2066206450
"linear_iid_n500",649,2066192451,2066222451,2066252451,2066202451,2066203451,2066204451,2066205451,2066206451
"linear_iid_n500",650,2066192452,2066222452,2066252452,2066202452,2066203452,2066204452,2066205452,2066206452
"linear_iid_n500",651,2066192453,2066222453,2066252453,2066202453,2066203453,2066204453,2066205453,2066206453
"linear_iid_n500",652,2066192454,2066222454,2066252454,2066202454,2066203454,2066204454,2066205454,2066206454
"linear_iid_n500",653,2066192455,2066222455,2066252455,2066202455,2066203455,2066204455,2066205455,2066206455
"linear_iid_n500",654,2066192456,2066222456,2066252456,2066202456,2066203456,2066204456,2066205456,2066206456
"linear_iid_n500",655,2066192457,2066222457,2066252457,2066202457,2066203457,2066204457,2066205457,2066206457
"linear_iid_n500",656,2066192458,2066222458,2066252458,2066202458,2066203458,2066204458,2066205458,2066206458
"linear_iid_n500",657,2066192459,2066222459,2066252459,2066202459,2066203459,2066204459,2066205459,2066206459
"linear_iid_n500",658,2066192460,2066222460,2066252460,2066202460,2066203460,2066204460,2066205460,2066206460
"linear_iid_n500",659,2066192461,2066222461,2066252461,2066202461,2066203461,2066204461,2066205461,2066206461
"linear_iid_n500",660,2066192462,2066222462,2066252462,2066202462,2066203462,2066204462,2066205462,2066206462
"linear_iid_n500",661,2066192463,2066222463,2066252463,2066202463,2066203463,2066204463,2066205463,2066206463
"linear_iid_n500",662,2066192464,2066222464,2066252464,2066202464,2066203464,2066204464,2066205464,2066206464
"linear_iid_n500",663,2066192465,2066222465,2066252465,2066202465,2066203465,2066204465,2066205465,2066206465
"linear_iid_n500",664,2066192466,2066222466,2066252466,2066202466,2066203466,2066204466,2066205466,2066206466
"linear_iid_n500",665,2066192467,2066222467,2066252467,2066202467,2066203467,2066204467,2066205467,2066206467
"linear_iid_n500",666,2066192468,2066222468,2066252468,2066202468,2066203468,2066204468,2066205468,2066206468
"linear_iid_n500",667,2066192469,2066222469,2066252469,2066202469,2066203469,2066204469,2066205469,2066206469
"linear_iid_n500",668,2066192470,2066222470,2066252470,2066202470,2066203470,2066204470,2066205470,2066206470
"linear_iid_n500",669,2066192471,2066222471,2066252471,2066202471,2066203471,2066204471,2066205471,2066206471
"linear_iid_n500",670,2066192472,2066222472,2066252472,2066202472,2066203472,2066204472,2066205472,2066206472
"linear_iid_n500",671,2066192473,2066222473,2066252473,2066202473,2066203473,2066204473,2066205473,2066206473
"linear_iid_n500",672,2066192474,2066222474,2066252474,2066202474,2066203474,2066204474,2066205474,2066206474
"linear_iid_n500",673,2066192475,2066222475,2066252475,2066202475,2066203475,2066204475,2066205475,2066206475
"linear_iid_n500",674,2066192476,2066222476,2066252476,2066202476,2066203476,2066204476,2066205476,2066206476
"linear_iid_n500",675,2066192477,2066222477,2066252477,2066202477,2066203477,2066204477,2066205477,2066206477
"linear_iid_n500",676,2066192478,2066222478,2066252478,2066202478,2066203478,2066204478,2066205478,2066206478
"linear_iid_n500",677,2066192479,2066222479,2066252479,2066202479,2066203479,2066204479,2066205479,2066206479
"linear_iid_n500",678,2066192480,2066222480,2066252480,2066202480,2066203480,2066204480,2066205480,2066206480
"linear_iid_n500",679,2066192481,2066222481,2066252481,2066202481,2066203481,2066204481,2066205481,2066206481
"linear_iid_n500",680,2066192482,2066222482,2066252482,2066202482,2066203482,2066204482,2066205482,2066206482
"linear_iid_n500",681,2066192483,2066222483,2066252483,2066202483,2066203483,2066204483,2066205483,2066206483
"linear_iid_n500",682,2066192484,2066222484,2066252484,2066202484,2066203484,2066204484,2066205484,2066206484
"linear_iid_n500",683,2066192485,2066222485,2066252485,2066202485,2066203485,2066204485,2066205485,2066206485
"linear_iid_n500",684,2066192486,2066222486,2066252486,2066202486,2066203486,2066204486,2066205486,2066206486
"linear_iid_n500",685,2066192487,2066222487,2066252487,2066202487,2066203487,2066204487,2066205487,2066206487
"linear_iid_n500",686,2066192488,2066222488,2066252488,2066202488,2066203488,2066204488,2066205488,2066206488
"linear_iid_n500",687,2066192489,2066222489,2066252489,2066202489,2066203489,2066204489,2066205489,2066206489
"linear_iid_n500",688,2066192490,2066222490,2066252490,2066202490,2066203490,2066204490,2066205490,2066206490
"linear_iid_n500",689,2066192491,2066222491,2066252491,2066202491,2066203491,2066204491,2066205491,2066206491
"linear_iid_n500",690,2066192492,2066222492,2066252492,2066202492,2066203492,2066204492,2066205492,2066206492
"linear_iid_n500",691,2066192493,2066222493,2066252493,2066202493,2066203493,2066204493,2066205493,2066206493
"linear_iid_n500",692,2066192494,2066222494,2066252494,2066202494,2066203494,2066204494,2066205494,2066206494
"linear_iid_n500",693,2066192495,2066222495,2066252495,2066202495,2066203495,2066204495,2066205495,2066206495
"linear_iid_n500",694,2066192496,2066222496,2066252496,2066202496,2066203496,2066204496,2066205496,2066206496
"linear_iid_n500",695,2066192497,2066222497,2066252497,2066202497,2066203497,2066204497,2066205497,2066206497
"linear_iid_n500",696,2066192498,2066222498,2066252498,2066202498,2066203498,2066204498,2066205498,2066206498
"linear_iid_n500",697,2066192499,2066222499,2066252499,2066202499,2066203499,2066204499,2066205499,2066206499
"linear_iid_n500",698,2066192500,2066222500,2066252500,2066202500,2066203500,2066204500,2066205500,2066206500
"linear_iid_n500",699,2066192501,2066222501,2066252501,2066202501,2066203501,2066204501,2066205501,2066206501
"linear_iid_n500",700,2066192502,2066222502,2066252502,2066202502,2066203502,2066204502,2066205502,2066206502
"linear_iid_n500",701,2066192503,2066222503,2066252503,2066202503,2066203503,2066204503,2066205503,2066206503
"linear_iid_n500",702,2066192504,2066222504,2066252504,2066202504,2066203504,2066204504,2066205504,2066206504
"linear_iid_n500",703,2066192505,2066222505,2066252505,2066202505,2066203505,2066204505,2066205505,2066206505
"linear_iid_n500",704,2066192506,2066222506,2066252506,2066202506,2066203506,2066204506,2066205506,2066206506
"linear_iid_n500",705,2066192507,2066222507,2066252507,2066202507,2066203507,2066204507,2066205507,2066206507
"linear_iid_n500",706,2066192508,2066222508,2066252508,2066202508,2066203508,2066204508,2066205508,2066206508
"linear_iid_n500",707,2066192509,2066222509,2066252509,2066202509,2066203509,2066204509,2066205509,2066206509
"linear_iid_n500",708,2066192510,2066222510,2066252510,2066202510,2066203510,2066204510,2066205510,2066206510
"linear_iid_n500",709,2066192511,2066222511,2066252511,2066202511,2066203511,2066204511,2066205511,2066206511
"linear_iid_n500",710,2066192512,2066222512,2066252512,2066202512,2066203512,2066204512,2066205512,2066206512
"linear_iid_n500",711,2066192513,2066222513,2066252513,2066202513,2066203513,2066204513,2066205513,2066206513
"linear_iid_n500",712,2066192514,2066222514,2066252514,2066202514,2066203514,2066204514,2066205514,2066206514
"linear_iid_n500",713,2066192515,2066222515,2066252515,2066202515,2066203515,2066204515,2066205515,2066206515
"linear_iid_n500",714,2066192516,2066222516,2066252516,2066202516,2066203516,2066204516,2066205516,2066206516
"linear_iid_n500",715,2066192517,2066222517,2066252517,2066202517,2066203517,2066204517,2066205517,2066206517
"linear_iid_n500",716,2066192518,2066222518,2066252518,2066202518,2066203518,2066204518,2066205518,2066206518
"linear_iid_n500",717,2066192519,2066222519,2066252519,2066202519,2066203519,2066204519,2066205519,2066206519
"linear_iid_n500",718,2066192520,2066222520,2066252520,2066202520,2066203520,2066204520,2066205520,2066206520
"linear_iid_n500",719,2066192521,2066222521,2066252521,2066202521,2066203521,2066204521,2066205521,2066206521
"linear_iid_n500",720,2066192522,2066222522,2066252522,2066202522,2066203522,2066204522,2066205522,2066206522
"linear_iid_n500",721,2066192523,2066222523,2066252523,2066202523,2066203523,2066204523,2066205523,2066206523
"linear_iid_n500",722,2066192524,2066222524,2066252524,2066202524,2066203524,2066204524,2066205524,2066206524
"linear_iid_n500",723,2066192525,2066222525,2066252525,2066202525,2066203525,2066204525,2066205525,2066206525
"linear_iid_n500",724,2066192526,2066222526,2066252526,2066202526,2066203526,2066204526,2066205526,2066206526
"linear_iid_n500",725,2066192527,2066222527,2066252527,2066202527,2066203527,2066204527,2066205527,2066206527
"linear_iid_n500",726,2066192528,2066222528,2066252528,2066202528,2066203528,2066204528,2066205528,2066206528
"linear_iid_n500",727,2066192529,2066222529,2066252529,2066202529,2066203529,2066204529,2066205529,2066206529
"linear_iid_n500",728,2066192530,2066222530,2066252530,2066202530,2066203530,2066204530,2066205530,2066206530
"linear_iid_n500",729,2066192531,2066222531,2066252531,2066202531,2066203531,2066204531,2066205531,2066206531
"linear_iid_n500",730,2066192532,2066222532,2066252532,2066202532,2066203532,2066204532,2066205532,2066206532
"linear_iid_n500",731,2066192533,2066222533,2066252533,2066202533,2066203533,2066204533,2066205533,2066206533
"linear_iid_n500",732,2066192534,2066222534,2066252534,2066202534,2066203534,2066204534,2066205534,2066206534
"linear_iid_n500",733,2066192535,2066222535,2066252535,2066202535,2066203535,2066204535,2066205535,2066206535
"linear_iid_n500",734,2066192536,2066222536,2066252536,2066202536,2066203536,2066204536,2066205536,2066206536
"linear_iid_n500",735,2066192537,2066222537,2066252537,2066202537,2066203537,2066204537,2066205537,2066206537
"linear_iid_n500",736,2066192538,2066222538,2066252538,2066202538,2066203538,2066204538,2066205538,2066206538
"linear_iid_n500",737,2066192539,2066222539,2066252539,2066202539,2066203539,2066204539,2066205539,2066206539
"linear_iid_n500",738,2066192540,2066222540,2066252540,2066202540,2066203540,2066204540,2066205540,2066206540
"linear_iid_n500",739,2066192541,2066222541,2066252541,2066202541,2066203541,2066204541,2066205541,2066206541
"linear_iid_n500",740,2066192542,2066222542,2066252542,2066202542,2066203542,2066204542,2066205542,2066206542
"linear_iid_n500",741,2066192543,2066222543,2066252543,2066202543,2066203543,2066204543,2066205543,2066206543
"linear_iid_n500",742,2066192544,2066222544,2066252544,2066202544,2066203544,2066204544,2066205544,2066206544
"linear_iid_n500",743,2066192545,2066222545,2066252545,2066202545,2066203545,2066204545,2066205545,2066206545
"linear_iid_n500",744,2066192546,2066222546,2066252546,2066202546,2066203546,2066204546,2066205546,2066206546
"linear_iid_n500",745,2066192547,2066222547,2066252547,2066202547,2066203547,2066204547,2066205547,2066206547
"linear_iid_n500",746,2066192548,2066222548,2066252548,2066202548,2066203548,2066204548,2066205548,2066206548
"linear_iid_n500",747,2066192549,2066222549,2066252549,2066202549,2066203549,2066204549,2066205549,2066206549
"linear_iid_n500",748,2066192550,2066222550,2066252550,2066202550,2066203550,2066204550,2066205550,2066206550
"linear_iid_n500",749,2066192551,2066222551,2066252551,2066202551,2066203551,2066204551,2066205551,2066206551
"linear_iid_n500",750,2066192552,2066222552,2066252552,2066202552,2066203552,2066204552,2066205552,2066206552
"linear_iid_n500",751,2066192553,2066222553,2066252553,2066202553,2066203553,2066204553,2066205553,2066206553
"linear_iid_n500",752,2066192554,2066222554,2066252554,2066202554,2066203554,2066204554,2066205554,2066206554
"linear_iid_n500",753,2066192555,2066222555,2066252555,2066202555,2066203555,2066204555,2066205555,2066206555
"linear_iid_n500",754,2066192556,2066222556,2066252556,2066202556,2066203556,2066204556,2066205556,2066206556
"linear_iid_n500",755,2066192557,2066222557,2066252557,2066202557,2066203557,2066204557,2066205557,2066206557
"linear_iid_n500",756,2066192558,2066222558,2066252558,2066202558,2066203558,2066204558,2066205558,2066206558
"linear_iid_n500",757,2066192559,2066222559,2066252559,2066202559,2066203559,2066204559,2066205559,2066206559
"linear_iid_n500",758,2066192560,2066222560,2066252560,2066202560,2066203560,2066204560,2066205560,2066206560
"linear_iid_n500",759,2066192561,2066222561,2066252561,2066202561,2066203561,2066204561,2066205561,2066206561
"linear_iid_n500",760,2066192562,2066222562,2066252562,2066202562,2066203562,2066204562,2066205562,2066206562
"linear_iid_n500",761,2066192563,2066222563,2066252563,2066202563,2066203563,2066204563,2066205563,2066206563
"linear_iid_n500",762,2066192564,2066222564,2066252564,2066202564,2066203564,2066204564,2066205564,2066206564
"linear_iid_n500",763,2066192565,2066222565,2066252565,2066202565,2066203565,2066204565,2066205565,2066206565
"linear_iid_n500",764,2066192566,2066222566,2066252566,2066202566,2066203566,2066204566,2066205566,2066206566
"linear_iid_n500",765,2066192567,2066222567,2066252567,2066202567,2066203567,2066204567,2066205567,2066206567
"linear_iid_n500",766,2066192568,2066222568,2066252568,2066202568,2066203568,2066204568,2066205568,2066206568
"linear_iid_n500",767,2066192569,2066222569,2066252569,2066202569,2066203569,2066204569,2066205569,2066206569
"linear_iid_n500",768,2066192570,2066222570,2066252570,2066202570,2066203570,2066204570,2066205570,2066206570
"linear_iid_n500",769,2066192571,2066222571,2066252571,2066202571,2066203571,2066204571,2066205571,2066206571
"linear_iid_n500",770,2066192572,2066222572,2066252572,2066202572,2066203572,2066204572,2066205572,2066206572
"linear_iid_n500",771,2066192573,2066222573,2066252573,2066202573,2066203573,2066204573,2066205573,2066206573
"linear_iid_n500",772,2066192574,2066222574,2066252574,2066202574,2066203574,2066204574,2066205574,2066206574
"linear_iid_n500",773,2066192575,2066222575,2066252575,2066202575,2066203575,2066204575,2066205575,2066206575
"linear_iid_n500",774,2066192576,2066222576,2066252576,2066202576,2066203576,2066204576,2066205576,2066206576
"linear_iid_n500",775,2066192577,2066222577,2066252577,2066202577,2066203577,2066204577,2066205577,2066206577
"linear_iid_n500",776,2066192578,2066222578,2066252578,2066202578,2066203578,2066204578,2066205578,2066206578
"linear_iid_n500",777,2066192579,2066222579,2066252579,2066202579,2066203579,2066204579,2066205579,2066206579
"linear_iid_n500",778,2066192580,2066222580,2066252580,2066202580,2066203580,2066204580,2066205580,2066206580
"linear_iid_n500",779,2066192581,2066222581,2066252581,2066202581,2066203581,2066204581,2066205581,2066206581
"linear_iid_n500",780,2066192582,2066222582,2066252582,2066202582,2066203582,2066204582,2066205582,2066206582
"linear_iid_n500",781,2066192583,2066222583,2066252583,2066202583,2066203583,2066204583,2066205583,2066206583
"linear_iid_n500",782,2066192584,2066222584,2066252584,2066202584,2066203584,2066204584,2066205584,2066206584
"linear_iid_n500",783,2066192585,2066222585,2066252585,2066202585,2066203585,2066204585,2066205585,2066206585
"linear_iid_n500",784,2066192586,2066222586,2066252586,2066202586,2066203586,2066204586,2066205586,2066206586
"linear_iid_n500",785,2066192587,2066222587,2066252587,2066202587,2066203587,2066204587,2066205587,2066206587
"linear_iid_n500",786,2066192588,2066222588,2066252588,2066202588,2066203588,2066204588,2066205588,2066206588
"linear_iid_n500",787,2066192589,2066222589,2066252589,2066202589,2066203589,2066204589,2066205589,2066206589
"linear_iid_n500",788,2066192590,2066222590,2066252590,2066202590,2066203590,2066204590,2066205590,2066206590
"linear_iid_n500",789,2066192591,2066222591,2066252591,2066202591,2066203591,2066204591,2066205591,2066206591
"linear_iid_n500",790,2066192592,2066222592,2066252592,2066202592,2066203592,2066204592,2066205592,2066206592
"linear_iid_n500",791,2066192593,2066222593,2066252593,2066202593,2066203593,2066204593,2066205593,2066206593
"linear_iid_n500",792,2066192594,2066222594,2066252594,2066202594,2066203594,2066204594,2066205594,2066206594
"linear_iid_n500",793,2066192595,2066222595,2066252595,2066202595,2066203595,2066204595,2066205595,2066206595
"linear_iid_n500",794,2066192596,2066222596,2066252596,2066202596,2066203596,2066204596,2066205596,2066206596
"linear_iid_n500",795,2066192597,2066222597,2066252597,2066202597,2066203597,2066204597,2066205597,2066206597
"linear_iid_n500",796,2066192598,2066222598,2066252598,2066202598,2066203598,2066204598,2066205598,2066206598
"linear_iid_n500",797,2066192599,2066222599,2066252599,2066202599,2066203599,2066204599,2066205599,2066206599
"linear_iid_n500",798,2066192600,2066222600,2066252600,2066202600,2066203600,2066204600,2066205600,2066206600
"linear_iid_n500",799,2066192601,2066222601,2066252601,2066202601,2066203601,2066204601,2066205601,2066206601
"linear_iid_n500",800,2066192602,2066222602,2066252602,2066202602,2066203602,2066204602,2066205602,2066206602
"linear_iid_n500",801,2066192603,2066222603,2066252603,2066202603,2066203603,2066204603,2066205603,2066206603
"linear_iid_n500",802,2066192604,2066222604,2066252604,2066202604,2066203604,2066204604,2066205604,2066206604
"linear_iid_n500",803,2066192605,2066222605,2066252605,2066202605,2066203605,2066204605,2066205605,2066206605
"linear_iid_n500",804,2066192606,2066222606,2066252606,2066202606,2066203606,2066204606,2066205606,2066206606
"linear_iid_n500",805,2066192607,2066222607,2066252607,2066202607,2066203607,2066204607,2066205607,2066206607
"linear_iid_n500",806,2066192608,2066222608,2066252608,2066202608,2066203608,2066204608,2066205608,2066206608
"linear_iid_n500",807,2066192609,2066222609,2066252609,2066202609,2066203609,2066204609,2066205609,2066206609
"linear_iid_n500",808,2066192610,2066222610,2066252610,2066202610,2066203610,2066204610,2066205610,2066206610
"linear_iid_n500",809,2066192611,2066222611,2066252611,2066202611,2066203611,2066204611,2066205611,2066206611
"linear_iid_n500",810,2066192612,2066222612,2066252612,2066202612,2066203612,2066204612,2066205612,2066206612
"linear_iid_n500",811,2066192613,2066222613,2066252613,2066202613,2066203613,2066204613,2066205613,2066206613
"linear_iid_n500",812,2066192614,2066222614,2066252614,2066202614,2066203614,2066204614,2066205614,2066206614
"linear_iid_n500",813,2066192615,2066222615,2066252615,2066202615,2066203615,2066204615,2066205615,2066206615
"linear_iid_n500",814,2066192616,2066222616,2066252616,2066202616,2066203616,2066204616,2066205616,2066206616
"linear_iid_n500",815,2066192617,2066222617,2066252617,2066202617,2066203617,2066204617,2066205617,2066206617
"linear_iid_n500",816,2066192618,2066222618,2066252618,2066202618,2066203618,2066204618,2066205618,2066206618
"linear_iid_n500",817,2066192619,2066222619,2066252619,2066202619,2066203619,2066204619,2066205619,2066206619
"linear_iid_n500",818,2066192620,2066222620,2066252620,2066202620,2066203620,2066204620,2066205620,2066206620
"linear_iid_n500",819,2066192621,2066222621,2066252621,2066202621,2066203621,2066204621,2066205621,2066206621
"linear_iid_n500",820,2066192622,2066222622,2066252622,2066202622,2066203622,2066204622,2066205622,2066206622
"linear_iid_n500",821,2066192623,2066222623,2066252623,2066202623,2066203623,2066204623,2066205623,2066206623
"linear_iid_n500",822,2066192624,2066222624,2066252624,2066202624,2066203624,2066204624,2066205624,2066206624
"linear_iid_n500",823,2066192625,2066222625,2066252625,2066202625,2066203625,2066204625,2066205625,2066206625
"linear_iid_n500",824,2066192626,2066222626,2066252626,2066202626,2066203626,2066204626,2066205626,2066206626
"linear_iid_n500",825,2066192627,2066222627,2066252627,2066202627,2066203627,2066204627,2066205627,2066206627
"linear_iid_n500",826,2066192628,2066222628,2066252628,2066202628,2066203628,2066204628,2066205628,2066206628
"linear_iid_n500",827,2066192629,2066222629,2066252629,2066202629,2066203629,2066204629,2066205629,2066206629
"linear_iid_n500",828,2066192630,2066222630,2066252630,2066202630,2066203630,2066204630,2066205630,2066206630
"linear_iid_n500",829,2066192631,2066222631,2066252631,2066202631,2066203631,2066204631,2066205631,2066206631
"linear_iid_n500",830,2066192632,2066222632,2066252632,2066202632,2066203632,2066204632,2066205632,2066206632
"linear_iid_n500",831,2066192633,2066222633,2066252633,2066202633,2066203633,2066204633,2066205633,2066206633
"linear_iid_n500",832,2066192634,2066222634,2066252634,2066202634,2066203634,2066204634,2066205634,2066206634
"linear_iid_n500",833,2066192635,2066222635,2066252635,2066202635,2066203635,2066204635,2066205635,2066206635
"linear_iid_n500",834,2066192636,2066222636,2066252636,2066202636,2066203636,2066204636,2066205636,2066206636
"linear_iid_n500",835,2066192637,2066222637,2066252637,2066202637,2066203637,2066204637,2066205637,2066206637
"linear_iid_n500",836,2066192638,2066222638,2066252638,2066202638,2066203638,2066204638,2066205638,2066206638
"linear_iid_n500",837,2066192639,2066222639,2066252639,2066202639,2066203639,2066204639,2066205639,2066206639
"linear_iid_n500",838,2066192640,2066222640,2066252640,2066202640,2066203640,2066204640,2066205640,2066206640
"linear_iid_n500",839,2066192641,2066222641,2066252641,2066202641,2066203641,2066204641,2066205641,2066206641
"linear_iid_n500",840,2066192642,2066222642,2066252642,2066202642,2066203642,2066204642,2066205642,2066206642
"linear_iid_n500",841,2066192643,2066222643,2066252643,2066202643,2066203643,2066204643,2066205643,2066206643
"linear_iid_n500",842,2066192644,2066222644,2066252644,2066202644,2066203644,2066204644,2066205644,2066206644
"linear_iid_n500",843,2066192645,2066222645,2066252645,2066202645,2066203645,2066204645,2066205645,2066206645
"linear_iid_n500",844,2066192646,2066222646,2066252646,2066202646,2066203646,2066204646,2066205646,2066206646
"linear_iid_n500",845,2066192647,2066222647,2066252647,2066202647,2066203647,2066204647,2066205647,2066206647
"linear_iid_n500",846,2066192648,2066222648,2066252648,2066202648,2066203648,2066204648,2066205648,2066206648
"linear_iid_n500",847,2066192649,2066222649,2066252649,2066202649,2066203649,2066204649,2066205649,2066206649
"linear_iid_n500",848,2066192650,2066222650,2066252650,2066202650,2066203650,2066204650,2066205650,2066206650
"linear_iid_n500",849,2066192651,2066222651,2066252651,2066202651,2066203651,2066204651,2066205651,2066206651
"linear_iid_n500",850,2066192652,2066222652,2066252652,2066202652,2066203652,2066204652,2066205652,2066206652
"linear_iid_n500",851,2066192653,2066222653,2066252653,2066202653,2066203653,2066204653,2066205653,2066206653
"linear_iid_n500",852,2066192654,2066222654,2066252654,2066202654,2066203654,2066204654,2066205654,2066206654
"linear_iid_n500",853,2066192655,2066222655,2066252655,2066202655,2066203655,2066204655,2066205655,2066206655
"linear_iid_n500",854,2066192656,2066222656,2066252656,2066202656,2066203656,2066204656,2066205656,2066206656
"linear_iid_n500",855,2066192657,2066222657,2066252657,2066202657,2066203657,2066204657,2066205657,2066206657
"linear_iid_n500",856,2066192658,2066222658,2066252658,2066202658,2066203658,2066204658,2066205658,2066206658
"linear_iid_n500",857,2066192659,2066222659,2066252659,2066202659,2066203659,2066204659,2066205659,2066206659
"linear_iid_n500",858,2066192660,2066222660,2066252660,2066202660,2066203660,2066204660,2066205660,2066206660
"linear_iid_n500",859,2066192661,2066222661,2066252661,2066202661,2066203661,2066204661,2066205661,2066206661
"linear_iid_n500",860,2066192662,2066222662,2066252662,2066202662,2066203662,2066204662,2066205662,2066206662
"linear_iid_n500",861,2066192663,2066222663,2066252663,2066202663,2066203663,2066204663,2066205663,2066206663
"linear_iid_n500",862,2066192664,2066222664,2066252664,2066202664,2066203664,2066204664,2066205664,2066206664
"linear_iid_n500",863,2066192665,2066222665,2066252665,2066202665,2066203665,2066204665,2066205665,2066206665
"linear_iid_n500",864,2066192666,2066222666,2066252666,2066202666,2066203666,2066204666,2066205666,2066206666
"linear_iid_n500",865,2066192667,2066222667,2066252667,2066202667,2066203667,2066204667,2066205667,2066206667
"linear_iid_n500",866,2066192668,2066222668,2066252668,2066202668,2066203668,2066204668,2066205668,2066206668
"linear_iid_n500",867,2066192669,2066222669,2066252669,2066202669,2066203669,2066204669,2066205669,2066206669
"linear_iid_n500",868,2066192670,2066222670,2066252670,2066202670,2066203670,2066204670,2066205670,2066206670
"linear_iid_n500",869,2066192671,2066222671,2066252671,2066202671,2066203671,2066204671,2066205671,2066206671
"linear_iid_n500",870,2066192672,2066222672,2066252672,2066202672,2066203672,2066204672,2066205672,2066206672
"linear_iid_n500",871,2066192673,2066222673,2066252673,2066202673,2066203673,2066204673,2066205673,2066206673
"linear_iid_n500",872,2066192674,2066222674,2066252674,2066202674,2066203674,2066204674,2066205674,2066206674
"linear_iid_n500",873,2066192675,2066222675,2066252675,2066202675,2066203675,2066204675,2066205675,2066206675
"linear_iid_n500",874,2066192676,2066222676,2066252676,2066202676,2066203676,2066204676,2066205676,2066206676
"linear_iid_n500",875,2066192677,2066222677,2066252677,2066202677,2066203677,2066204677,2066205677,2066206677
"linear_iid_n500",876,2066192678,2066222678,2066252678,2066202678,2066203678,2066204678,2066205678,2066206678
"linear_iid_n500",877,2066192679,2066222679,2066252679,2066202679,2066203679,2066204679,2066205679,2066206679
"linear_iid_n500",878,2066192680,2066222680,2066252680,2066202680,2066203680,2066204680,2066205680,2066206680
"linear_iid_n500",879,2066192681,2066222681,2066252681,2066202681,2066203681,2066204681,2066205681,2066206681
"linear_iid_n500",880,2066192682,2066222682,2066252682,2066202682,2066203682,2066204682,2066205682,2066206682
"linear_iid_n500",881,2066192683,2066222683,2066252683,2066202683,2066203683,2066204683,2066205683,2066206683
"linear_iid_n500",882,2066192684,2066222684,2066252684,2066202684,2066203684,2066204684,2066205684,2066206684
"linear_iid_n500",883,2066192685,2066222685,2066252685,2066202685,2066203685,2066204685,2066205685,2066206685
"linear_iid_n500",884,2066192686,2066222686,2066252686,2066202686,2066203686,2066204686,2066205686,2066206686
"linear_iid_n500",885,2066192687,2066222687,2066252687,2066202687,2066203687,2066204687,2066205687,2066206687
"linear_iid_n500",886,2066192688,2066222688,2066252688,2066202688,2066203688,2066204688,2066205688,2066206688
"linear_iid_n500",887,2066192689,2066222689,2066252689,2066202689,2066203689,2066204689,2066205689,2066206689
"linear_iid_n500",888,2066192690,2066222690,2066252690,2066202690,2066203690,2066204690,2066205690,2066206690
"linear_iid_n500",889,2066192691,2066222691,2066252691,2066202691,2066203691,2066204691,2066205691,2066206691
"linear_iid_n500",890,2066192692,2066222692,2066252692,2066202692,2066203692,2066204692,2066205692,2066206692
"linear_iid_n500",891,2066192693,2066222693,2066252693,2066202693,2066203693,2066204693,2066205693,2066206693
"linear_iid_n500",892,2066192694,2066222694,2066252694,2066202694,2066203694,2066204694,2066205694,2066206694
"linear_iid_n500",893,2066192695,2066222695,2066252695,2066202695,2066203695,2066204695,2066205695,2066206695
"linear_iid_n500",894,2066192696,2066222696,2066252696,2066202696,2066203696,2066204696,2066205696,2066206696
"linear_iid_n500",895,2066192697,2066222697,2066252697,2066202697,2066203697,2066204697,2066205697,2066206697
"linear_iid_n500",896,2066192698,2066222698,2066252698,2066202698,2066203698,2066204698,2066205698,2066206698
"linear_iid_n500",897,2066192699,2066222699,2066252699,2066202699,2066203699,2066204699,2066205699,2066206699
"linear_iid_n500",898,2066192700,2066222700,2066252700,2066202700,2066203700,2066204700,2066205700,2066206700
"linear_iid_n500",899,2066192701,2066222701,2066252701,2066202701,2066203701,2066204701,2066205701,2066206701
"linear_iid_n500",900,2066192702,2066222702,2066252702,2066202702,2066203702,2066204702,2066205702,2066206702
"linear_iid_n500",901,2066192703,2066222703,2066252703,2066202703,2066203703,2066204703,2066205703,2066206703
"linear_iid_n500",902,2066192704,2066222704,2066252704,2066202704,2066203704,2066204704,2066205704,2066206704
"linear_iid_n500",903,2066192705,2066222705,2066252705,2066202705,2066203705,2066204705,2066205705,2066206705
"linear_iid_n500",904,2066192706,2066222706,2066252706,2066202706,2066203706,2066204706,2066205706,2066206706
"linear_iid_n500",905,2066192707,2066222707,2066252707,2066202707,2066203707,2066204707,2066205707,2066206707
"linear_iid_n500",906,2066192708,2066222708,2066252708,2066202708,2066203708,2066204708,2066205708,2066206708
"linear_iid_n500",907,2066192709,2066222709,2066252709,2066202709,2066203709,2066204709,2066205709,2066206709
"linear_iid_n500",908,2066192710,2066222710,2066252710,2066202710,2066203710,2066204710,2066205710,2066206710
"linear_iid_n500",909,2066192711,2066222711,2066252711,2066202711,2066203711,2066204711,2066205711,2066206711
"linear_iid_n500",910,2066192712,2066222712,2066252712,2066202712,2066203712,2066204712,2066205712,2066206712
"linear_iid_n500",911,2066192713,2066222713,2066252713,2066202713,2066203713,2066204713,2066205713,2066206713
"linear_iid_n500",912,2066192714,2066222714,2066252714,2066202714,2066203714,2066204714,2066205714,2066206714
"linear_iid_n500",913,2066192715,2066222715,2066252715,2066202715,2066203715,2066204715,2066205715,2066206715
"linear_iid_n500",914,2066192716,2066222716,2066252716,2066202716,2066203716,2066204716,2066205716,2066206716
"linear_iid_n500",915,2066192717,2066222717,2066252717,2066202717,2066203717,2066204717,2066205717,2066206717
"linear_iid_n500",916,2066192718,2066222718,2066252718,2066202718,2066203718,2066204718,2066205718,2066206718
"linear_iid_n500",917,2066192719,2066222719,2066252719,2066202719,2066203719,2066204719,2066205719,2066206719
"linear_iid_n500",918,2066192720,2066222720,2066252720,2066202720,2066203720,2066204720,2066205720,2066206720
"linear_iid_n500",919,2066192721,2066222721,2066252721,2066202721,2066203721,2066204721,2066205721,2066206721
"linear_iid_n500",920,2066192722,2066222722,2066252722,2066202722,2066203722,2066204722,2066205722,2066206722
"linear_iid_n500",921,2066192723,2066222723,2066252723,2066202723,2066203723,2066204723,2066205723,2066206723
"linear_iid_n500",922,2066192724,2066222724,2066252724,2066202724,2066203724,2066204724,2066205724,2066206724
"linear_iid_n500",923,2066192725,2066222725,2066252725,2066202725,2066203725,2066204725,2066205725,2066206725
"linear_iid_n500",924,2066192726,2066222726,2066252726,2066202726,2066203726,2066204726,2066205726,2066206726
"linear_iid_n500",925,2066192727,2066222727,2066252727,2066202727,2066203727,2066204727,2066205727,2066206727
"linear_iid_n500",926,2066192728,2066222728,2066252728,2066202728,2066203728,2066204728,2066205728,2066206728
"linear_iid_n500",927,2066192729,2066222729,2066252729,2066202729,2066203729,2066204729,2066205729,2066206729
"linear_iid_n500",928,2066192730,2066222730,2066252730,2066202730,2066203730,2066204730,2066205730,2066206730
"linear_iid_n500",929,2066192731,2066222731,2066252731,2066202731,2066203731,2066204731,2066205731,2066206731
"linear_iid_n500",930,2066192732,2066222732,2066252732,2066202732,2066203732,2066204732,2066205732,2066206732
"linear_iid_n500",931,2066192733,2066222733,2066252733,2066202733,2066203733,2066204733,2066205733,2066206733
"linear_iid_n500",932,2066192734,2066222734,2066252734,2066202734,2066203734,2066204734,2066205734,2066206734
"linear_iid_n500",933,2066192735,2066222735,2066252735,2066202735,2066203735,2066204735,2066205735,2066206735
"linear_iid_n500",934,2066192736,2066222736,2066252736,2066202736,2066203736,2066204736,2066205736,2066206736
"linear_iid_n500",935,2066192737,2066222737,2066252737,2066202737,2066203737,2066204737,2066205737,2066206737
"linear_iid_n500",936,2066192738,2066222738,2066252738,2066202738,2066203738,2066204738,2066205738,2066206738
"linear_iid_n500",937,2066192739,2066222739,2066252739,2066202739,2066203739,2066204739,2066205739,2066206739
"linear_iid_n500",938,2066192740,2066222740,2066252740,2066202740,2066203740,2066204740,2066205740,2066206740
"linear_iid_n500",939,2066192741,2066222741,2066252741,2066202741,2066203741,2066204741,2066205741,2066206741
"linear_iid_n500",940,2066192742,2066222742,2066252742,2066202742,2066203742,2066204742,2066205742,2066206742
"linear_iid_n500",941,2066192743,2066222743,2066252743,2066202743,2066203743,2066204743,2066205743,2066206743
"linear_iid_n500",942,2066192744,2066222744,2066252744,2066202744,2066203744,2066204744,2066205744,2066206744
"linear_iid_n500",943,2066192745,2066222745,2066252745,2066202745,2066203745,2066204745,2066205745,2066206745
"linear_iid_n500",944,2066192746,2066222746,2066252746,2066202746,2066203746,2066204746,2066205746,2066206746
"linear_iid_n500",945,2066192747,2066222747,2066252747,2066202747,2066203747,2066204747,2066205747,2066206747
"linear_iid_n500",946,2066192748,2066222748,2066252748,2066202748,2066203748,2066204748,2066205748,2066206748
"linear_iid_n500",947,2066192749,2066222749,2066252749,2066202749,2066203749,2066204749,2066205749,2066206749
"linear_iid_n500",948,2066192750,2066222750,2066252750,2066202750,2066203750,2066204750,2066205750,2066206750
"linear_iid_n500",949,2066192751,2066222751,2066252751,2066202751,2066203751,2066204751,2066205751,2066206751
"linear_iid_n500",950,2066192752,2066222752,2066252752,2066202752,2066203752,2066204752,2066205752,2066206752
"linear_iid_n500",951,2066192753,2066222753,2066252753,2066202753,2066203753,2066204753,2066205753,2066206753
"linear_iid_n500",952,2066192754,2066222754,2066252754,2066202754,2066203754,2066204754,2066205754,2066206754
"linear_iid_n500",953,2066192755,2066222755,2066252755,2066202755,2066203755,2066204755,2066205755,2066206755
"linear_iid_n500",954,2066192756,2066222756,2066252756,2066202756,2066203756,2066204756,2066205756,2066206756
"linear_iid_n500",955,2066192757,2066222757,2066252757,2066202757,2066203757,2066204757,2066205757,2066206757
"linear_iid_n500",956,2066192758,2066222758,2066252758,2066202758,2066203758,2066204758,2066205758,2066206758
"linear_iid_n500",957,2066192759,2066222759,2066252759,2066202759,2066203759,2066204759,2066205759,2066206759
"linear_iid_n500",958,2066192760,2066222760,2066252760,2066202760,2066203760,2066204760,2066205760,2066206760
"linear_iid_n500",959,2066192761,2066222761,2066252761,2066202761,2066203761,2066204761,2066205761,2066206761
"linear_iid_n500",960,2066192762,2066222762,2066252762,2066202762,2066203762,2066204762,2066205762,2066206762
"linear_iid_n500",961,2066192763,2066222763,2066252763,2066202763,2066203763,2066204763,2066205763,2066206763
"linear_iid_n500",962,2066192764,2066222764,2066252764,2066202764,2066203764,2066204764,2066205764,2066206764
"linear_iid_n500",963,2066192765,2066222765,2066252765,2066202765,2066203765,2066204765,2066205765,2066206765
"linear_iid_n500",964,2066192766,2066222766,2066252766,2066202766,2066203766,2066204766,2066205766,2066206766
"linear_iid_n500",965,2066192767,2066222767,2066252767,2066202767,2066203767,2066204767,2066205767,2066206767
"linear_iid_n500",966,2066192768,2066222768,2066252768,2066202768,2066203768,2066204768,2066205768,2066206768
"linear_iid_n500",967,2066192769,2066222769,2066252769,2066202769,2066203769,2066204769,2066205769,2066206769
"linear_iid_n500",968,2066192770,2066222770,2066252770,2066202770,2066203770,2066204770,2066205770,2066206770
"linear_iid_n500",969,2066192771,2066222771,2066252771,2066202771,2066203771,2066204771,2066205771,2066206771
"linear_iid_n500",970,2066192772,2066222772,2066252772,2066202772,2066203772,2066204772,2066205772,2066206772
"linear_iid_n500",971,2066192773,2066222773,2066252773,2066202773,2066203773,2066204773,2066205773,2066206773
"linear_iid_n500",972,2066192774,2066222774,2066252774,2066202774,2066203774,2066204774,2066205774,2066206774
"linear_iid_n500",973,2066192775,2066222775,2066252775,2066202775,2066203775,2066204775,2066205775,2066206775
"linear_iid_n500",974,2066192776,2066222776,2066252776,2066202776,2066203776,2066204776,2066205776,2066206776
"linear_iid_n500",975,2066192777,2066222777,2066252777,2066202777,2066203777,2066204777,2066205777,2066206777
"linear_iid_n500",976,2066192778,2066222778,2066252778,2066202778,2066203778,2066204778,2066205778,2066206778
"linear_iid_n500",977,2066192779,2066222779,2066252779,2066202779,2066203779,2066204779,2066205779,2066206779
"linear_iid_n500",978,2066192780,2066222780,2066252780,2066202780,2066203780,2066204780,2066205780,2066206780
"linear_iid_n500",979,2066192781,2066222781,2066252781,2066202781,2066203781,2066204781,2066205781,2066206781
"linear_iid_n500",980,2066192782,2066222782,2066252782,2066202782,2066203782,2066204782,2066205782,2066206782
"linear_iid_n500",981,2066192783,2066222783,2066252783,2066202783,2066203783,2066204783,2066205783,2066206783
"linear_iid_n500",982,2066192784,2066222784,2066252784,2066202784,2066203784,2066204784,2066205784,2066206784
"linear_iid_n500",983,2066192785,2066222785,2066252785,2066202785,2066203785,2066204785,2066205785,2066206785
"linear_iid_n500",984,2066192786,2066222786,2066252786,2066202786,2066203786,2066204786,2066205786,2066206786
"linear_iid_n500",985,2066192787,2066222787,2066252787,2066202787,2066203787,2066204787,2066205787,2066206787
"linear_iid_n500",986,2066192788,2066222788,2066252788,2066202788,2066203788,2066204788,2066205788,2066206788
"linear_iid_n500",987,2066192789,2066222789,2066252789,2066202789,2066203789,2066204789,2066205789,2066206789
"linear_iid_n500",988,2066192790,2066222790,2066252790,2066202790,2066203790,2066204790,2066205790,2066206790
"linear_iid_n500",989,2066192791,2066222791,2066252791,2066202791,2066203791,2066204791,2066205791,2066206791
"linear_iid_n500",990,2066192792,2066222792,2066252792,2066202792,2066203792,2066204792,2066205792,2066206792
"linear_iid_n500",991,2066192793,2066222793,2066252793,2066202793,2066203793,2066204793,2066205793,2066206793
"linear_iid_n500",992,2066192794,2066222794,2066252794,2066202794,2066203794,2066204794,2066205794,2066206794
"linear_iid_n500",993,2066192795,2066222795,2066252795,2066202795,2066203795,2066204795,2066205795,2066206795
"linear_iid_n500",994,2066192796,2066222796,2066252796,2066202796,2066203796,2066204796,2066205796,2066206796
"linear_iid_n500",995,2066192797,2066222797,2066252797,2066202797,2066203797,2066204797,2066205797,2066206797
"linear_iid_n500",996,2066192798,2066222798,2066252798,2066202798,2066203798,2066204798,2066205798,2066206798
"linear_iid_n500",997,2066192799,2066222799,2066252799,2066202799,2066203799,2066204799,2066205799,2066206799
"linear_iid_n500",998,2066192800,2066222800,2066252800,2066202800,2066203800,2066204800,2066205800,2066206800
"linear_iid_n500",999,2066192801,2066222801,2066252801,2066202801,2066203801,2066204801,2066205801,2066206801
"linear_iid_n500",1000,2066192802,2066222802,2066252802,2066202802,2066203802,2066204802,2066205802,2066206802
"linear_iid_n2000",1,2066291803,2066321803,2066351803,2066301803,2066302803,2066303803,2066304803,2066305803
"linear_iid_n2000",2,2066291804,2066321804,2066351804,2066301804,2066302804,2066303804,2066304804,2066305804
"linear_iid_n2000",3,2066291805,2066321805,2066351805,2066301805,2066302805,2066303805,2066304805,2066305805
"linear_iid_n2000",4,2066291806,2066321806,2066351806,2066301806,2066302806,2066303806,2066304806,2066305806
"linear_iid_n2000",5,2066291807,2066321807,2066351807,2066301807,2066302807,2066303807,2066304807,2066305807
"linear_iid_n2000",6,2066291808,2066321808,2066351808,2066301808,2066302808,2066303808,2066304808,2066305808
"linear_iid_n2000",7,2066291809,2066321809,2066351809,2066301809,2066302809,2066303809,2066304809,2066305809
"linear_iid_n2000",8,2066291810,2066321810,2066351810,2066301810,2066302810,2066303810,2066304810,2066305810
"linear_iid_n2000",9,2066291811,2066321811,2066351811,2066301811,2066302811,2066303811,2066304811,2066305811
"linear_iid_n2000",10,2066291812,2066321812,2066351812,2066301812,2066302812,2066303812,2066304812,2066305812
"linear_iid_n2000",11,2066291813,2066321813,2066351813,2066301813,2066302813,2066303813,2066304813,2066305813
"linear_iid_n2000",12,2066291814,2066321814,2066351814,2066301814,2066302814,2066303814,2066304814,2066305814
"linear_iid_n2000",13,2066291815,2066321815,2066351815,2066301815,2066302815,2066303815,2066304815,2066305815
"linear_iid_n2000",14,2066291816,2066321816,2066351816,2066301816,2066302816,2066303816,2066304816,2066305816
"linear_iid_n2000",15,2066291817,2066321817,2066351817,2066301817,2066302817,2066303817,2066304817,2066305817
"linear_iid_n2000",16,2066291818,2066321818,2066351818,2066301818,2066302818,2066303818,2066304818,2066305818
"linear_iid_n2000",17,2066291819,2066321819,2066351819,2066301819,2066302819,2066303819,2066304819,2066305819
"linear_iid_n2000",18,2066291820,2066321820,2066351820,2066301820,2066302820,2066303820,2066304820,2066305820
"linear_iid_n2000",19,2066291821,2066321821,2066351821,2066301821,2066302821,2066303821,2066304821,2066305821
"linear_iid_n2000",20,2066291822,2066321822,2066351822,2066301822,2066302822,2066303822,2066304822,2066305822
"linear_iid_n2000",21,2066291823,2066321823,2066351823,2066301823,2066302823,2066303823,2066304823,2066305823
"linear_iid_n2000",22,2066291824,2066321824,2066351824,2066301824,2066302824,2066303824,2066304824,2066305824
"linear_iid_n2000",23,2066291825,2066321825,2066351825,2066301825,2066302825,2066303825,2066304825,2066305825
"linear_iid_n2000",24,2066291826,2066321826,2066351826,2066301826,2066302826,2066303826,2066304826,2066305826
"linear_iid_n2000",25,2066291827,2066321827,2066351827,2066301827,2066302827,2066303827,2066304827,2066305827
"linear_iid_n2000",26,2066291828,2066321828,2066351828,2066301828,2066302828,2066303828,2066304828,2066305828
"linear_iid_n2000",27,2066291829,2066321829,2066351829,2066301829,2066302829,2066303829,2066304829,2066305829
"linear_iid_n2000",28,2066291830,2066321830,2066351830,2066301830,2066302830,2066303830,2066304830,2066305830
"linear_iid_n2000",29,2066291831,2066321831,2066351831,2066301831,2066302831,2066303831,2066304831,2066305831
"linear_iid_n2000",30,2066291832,2066321832,2066351832,2066301832,2066302832,2066303832,2066304832,2066305832
"linear_iid_n2000",31,2066291833,2066321833,2066351833,2066301833,2066302833,2066303833,2066304833,2066305833
"linear_iid_n2000",32,2066291834,2066321834,2066351834,2066301834,2066302834,2066303834,2066304834,2066305834
"linear_iid_n2000",33,2066291835,2066321835,2066351835,2066301835,2066302835,2066303835,2066304835,2066305835
"linear_iid_n2000",34,2066291836,2066321836,2066351836,2066301836,2066302836,2066303836,2066304836,2066305836
"linear_iid_n2000",35,2066291837,2066321837,2066351837,2066301837,2066302837,2066303837,2066304837,2066305837
"linear_iid_n2000",36,2066291838,2066321838,2066351838,2066301838,2066302838,2066303838,2066304838,2066305838
"linear_iid_n2000",37,2066291839,2066321839,2066351839,2066301839,2066302839,2066303839,2066304839,2066305839
"linear_iid_n2000",38,2066291840,2066321840,2066351840,2066301840,2066302840,2066303840,2066304840,2066305840
"linear_iid_n2000",39,2066291841,2066321841,2066351841,2066301841,2066302841,2066303841,2066304841,2066305841
"linear_iid_n2000",40,2066291842,2066321842,2066351842,2066301842,2066302842,2066303842,2066304842,2066305842
"linear_iid_n2000",41,2066291843,2066321843,2066351843,2066301843,2066302843,2066303843,2066304843,2066305843
"linear_iid_n2000",42,2066291844,2066321844,2066351844,2066301844,2066302844,2066303844,2066304844,2066305844
"linear_iid_n2000",43,2066291845,2066321845,2066351845,2066301845,2066302845,2066303845,2066304845,2066305845
"linear_iid_n2000",44,2066291846,2066321846,2066351846,2066301846,2066302846,2066303846,2066304846,2066305846
"linear_iid_n2000",45,2066291847,2066321847,2066351847,2066301847,2066302847,2066303847,2066304847,2066305847
"linear_iid_n2000",46,2066291848,2066321848,2066351848,2066301848,2066302848,2066303848,2066304848,2066305848
"linear_iid_n2000",47,2066291849,2066321849,2066351849,2066301849,2066302849,2066303849,2066304849,2066305849
"linear_iid_n2000",48,2066291850,2066321850,2066351850,2066301850,2066302850,2066303850,2066304850,2066305850
"linear_iid_n2000",49,2066291851,2066321851,2066351851,2066301851,2066302851,2066303851,2066304851,2066305851
"linear_iid_n2000",50,2066291852,2066321852,2066351852,2066301852,2066302852,2066303852,2066304852,2066305852
"linear_iid_n2000",51,2066291853,2066321853,2066351853,2066301853,2066302853,2066303853,2066304853,2066305853
"linear_iid_n2000",52,2066291854,2066321854,2066351854,2066301854,2066302854,2066303854,2066304854,2066305854
"linear_iid_n2000",53,2066291855,2066321855,2066351855,2066301855,2066302855,2066303855,2066304855,2066305855
"linear_iid_n2000",54,2066291856,2066321856,2066351856,2066301856,2066302856,2066303856,2066304856,2066305856
"linear_iid_n2000",55,2066291857,2066321857,2066351857,2066301857,2066302857,2066303857,2066304857,2066305857
"linear_iid_n2000",56,2066291858,2066321858,2066351858,2066301858,2066302858,2066303858,2066304858,2066305858
"linear_iid_n2000",57,2066291859,2066321859,2066351859,2066301859,2066302859,2066303859,2066304859,2066305859
"linear_iid_n2000",58,2066291860,2066321860,2066351860,2066301860,2066302860,2066303860,2066304860,2066305860
"linear_iid_n2000",59,2066291861,2066321861,2066351861,2066301861,2066302861,2066303861,2066304861,2066305861
"linear_iid_n2000",60,2066291862,2066321862,2066351862,2066301862,2066302862,2066303862,2066304862,2066305862
"linear_iid_n2000",61,2066291863,2066321863,2066351863,2066301863,2066302863,2066303863,2066304863,2066305863
"linear_iid_n2000",62,2066291864,2066321864,2066351864,2066301864,2066302864,2066303864,2066304864,2066305864
"linear_iid_n2000",63,2066291865,2066321865,2066351865,2066301865,2066302865,2066303865,2066304865,2066305865
"linear_iid_n2000",64,2066291866,2066321866,2066351866,2066301866,2066302866,2066303866,2066304866,2066305866
"linear_iid_n2000",65,2066291867,2066321867,2066351867,2066301867,2066302867,2066303867,2066304867,2066305867
"linear_iid_n2000",66,2066291868,2066321868,2066351868,2066301868,2066302868,2066303868,2066304868,2066305868
"linear_iid_n2000",67,2066291869,2066321869,2066351869,2066301869,2066302869,2066303869,2066304869,2066305869
"linear_iid_n2000",68,2066291870,2066321870,2066351870,2066301870,2066302870,2066303870,2066304870,2066305870
"linear_iid_n2000",69,2066291871,2066321871,2066351871,2066301871,2066302871,2066303871,2066304871,2066305871
"linear_iid_n2000",70,2066291872,2066321872,2066351872,2066301872,2066302872,2066303872,2066304872,2066305872
"linear_iid_n2000",71,2066291873,2066321873,2066351873,2066301873,2066302873,2066303873,2066304873,2066305873
"linear_iid_n2000",72,2066291874,2066321874,2066351874,2066301874,2066302874,2066303874,2066304874,2066305874
"linear_iid_n2000",73,2066291875,2066321875,2066351875,2066301875,2066302875,2066303875,2066304875,2066305875
"linear_iid_n2000",74,2066291876,2066321876,2066351876,2066301876,2066302876,2066303876,2066304876,2066305876
"linear_iid_n2000",75,2066291877,2066321877,2066351877,2066301877,2066302877,2066303877,2066304877,2066305877
"linear_iid_n2000",76,2066291878,2066321878,2066351878,2066301878,2066302878,2066303878,2066304878,2066305878
"linear_iid_n2000",77,2066291879,2066321879,2066351879,2066301879,2066302879,2066303879,2066304879,2066305879
"linear_iid_n2000",78,2066291880,2066321880,2066351880,2066301880,2066302880,2066303880,2066304880,2066305880
"linear_iid_n2000",79,2066291881,2066321881,2066351881,2066301881,2066302881,2066303881,2066304881,2066305881
"linear_iid_n2000",80,2066291882,2066321882,2066351882,2066301882,2066302882,2066303882,2066304882,2066305882
"linear_iid_n2000",81,2066291883,2066321883,2066351883,2066301883,2066302883,2066303883,2066304883,2066305883
"linear_iid_n2000",82,2066291884,2066321884,2066351884,2066301884,2066302884,2066303884,2066304884,2066305884
"linear_iid_n2000",83,2066291885,2066321885,2066351885,2066301885,2066302885,2066303885,2066304885,2066305885
"linear_iid_n2000",84,2066291886,2066321886,2066351886,2066301886,2066302886,2066303886,2066304886,2066305886
"linear_iid_n2000",85,2066291887,2066321887,2066351887,2066301887,2066302887,2066303887,2066304887,2066305887
"linear_iid_n2000",86,2066291888,2066321888,2066351888,2066301888,2066302888,2066303888,2066304888,2066305888
"linear_iid_n2000",87,2066291889,2066321889,2066351889,2066301889,2066302889,2066303889,2066304889,2066305889
"linear_iid_n2000",88,2066291890,2066321890,2066351890,2066301890,2066302890,2066303890,2066304890,2066305890
"linear_iid_n2000",89,2066291891,2066321891,2066351891,2066301891,2066302891,2066303891,2066304891,2066305891
"linear_iid_n2000",90,2066291892,2066321892,2066351892,2066301892,2066302892,2066303892,2066304892,2066305892
"linear_iid_n2000",91,2066291893,2066321893,2066351893,2066301893,2066302893,2066303893,2066304893,2066305893
"linear_iid_n2000",92,2066291894,2066321894,2066351894,2066301894,2066302894,2066303894,2066304894,2066305894
"linear_iid_n2000",93,2066291895,2066321895,2066351895,2066301895,2066302895,2066303895,2066304895,2066305895
"linear_iid_n2000",94,2066291896,2066321896,2066351896,2066301896,2066302896,2066303896,2066304896,2066305896
"linear_iid_n2000",95,2066291897,2066321897,2066351897,2066301897,2066302897,2066303897,2066304897,2066305897
"linear_iid_n2000",96,2066291898,2066321898,2066351898,2066301898,2066302898,2066303898,2066304898,2066305898
"linear_iid_n2000",97,2066291899,2066321899,2066351899,2066301899,2066302899,2066303899,2066304899,2066305899
"linear_iid_n2000",98,2066291900,2066321900,2066351900,2066301900,2066302900,2066303900,2066304900,2066305900
"linear_iid_n2000",99,2066291901,2066321901,2066351901,2066301901,2066302901,2066303901,2066304901,2066305901
"linear_iid_n2000",100,2066291902,2066321902,2066351902,2066301902,2066302902,2066303902,2066304902,2066305902
"linear_iid_n2000",101,2066291903,2066321903,2066351903,2066301903,2066302903,2066303903,2066304903,2066305903
"linear_iid_n2000",102,2066291904,2066321904,2066351904,2066301904,2066302904,2066303904,2066304904,2066305904
"linear_iid_n2000",103,2066291905,2066321905,2066351905,2066301905,2066302905,2066303905,2066304905,2066305905
"linear_iid_n2000",104,2066291906,2066321906,2066351906,2066301906,2066302906,2066303906,2066304906,2066305906
"linear_iid_n2000",105,2066291907,2066321907,2066351907,2066301907,2066302907,2066303907,2066304907,2066305907
"linear_iid_n2000",106,2066291908,2066321908,2066351908,2066301908,2066302908,2066303908,2066304908,2066305908
"linear_iid_n2000",107,2066291909,2066321909,2066351909,2066301909,2066302909,2066303909,2066304909,2066305909
"linear_iid_n2000",108,2066291910,2066321910,2066351910,2066301910,2066302910,2066303910,2066304910,2066305910
"linear_iid_n2000",109,2066291911,2066321911,2066351911,2066301911,2066302911,2066303911,2066304911,2066305911
"linear_iid_n2000",110,2066291912,2066321912,2066351912,2066301912,2066302912,2066303912,2066304912,2066305912
"linear_iid_n2000",111,2066291913,2066321913,2066351913,2066301913,2066302913,2066303913,2066304913,2066305913
"linear_iid_n2000",112,2066291914,2066321914,2066351914,2066301914,2066302914,2066303914,2066304914,2066305914
"linear_iid_n2000",113,2066291915,2066321915,2066351915,2066301915,2066302915,2066303915,2066304915,2066305915
"linear_iid_n2000",114,2066291916,2066321916,2066351916,2066301916,2066302916,2066303916,2066304916,2066305916
"linear_iid_n2000",115,2066291917,2066321917,2066351917,2066301917,2066302917,2066303917,2066304917,2066305917
"linear_iid_n2000",116,2066291918,2066321918,2066351918,2066301918,2066302918,2066303918,2066304918,2066305918
"linear_iid_n2000",117,2066291919,2066321919,2066351919,2066301919,2066302919,2066303919,2066304919,2066305919
"linear_iid_n2000",118,2066291920,2066321920,2066351920,2066301920,2066302920,2066303920,2066304920,2066305920
"linear_iid_n2000",119,2066291921,2066321921,2066351921,2066301921,2066302921,2066303921,2066304921,2066305921
"linear_iid_n2000",120,2066291922,2066321922,2066351922,2066301922,2066302922,2066303922,2066304922,2066305922
"linear_iid_n2000",121,2066291923,2066321923,2066351923,2066301923,2066302923,2066303923,2066304923,2066305923
"linear_iid_n2000",122,2066291924,2066321924,2066351924,2066301924,2066302924,2066303924,2066304924,2066305924
"linear_iid_n2000",123,2066291925,2066321925,2066351925,2066301925,2066302925,2066303925,2066304925,2066305925
"linear_iid_n2000",124,2066291926,2066321926,2066351926,2066301926,2066302926,2066303926,2066304926,2066305926
"linear_iid_n2000",125,2066291927,2066321927,2066351927,2066301927,2066302927,2066303927,2066304927,2066305927
"linear_iid_n2000",126,2066291928,2066321928,2066351928,2066301928,2066302928,2066303928,2066304928,2066305928
"linear_iid_n2000",127,2066291929,2066321929,2066351929,2066301929,2066302929,2066303929,2066304929,2066305929
"linear_iid_n2000",128,2066291930,2066321930,2066351930,2066301930,2066302930,2066303930,2066304930,2066305930
"linear_iid_n2000",129,2066291931,2066321931,2066351931,2066301931,2066302931,2066303931,2066304931,2066305931
"linear_iid_n2000",130,2066291932,2066321932,2066351932,2066301932,2066302932,2066303932,2066304932,2066305932
"linear_iid_n2000",131,2066291933,2066321933,2066351933,2066301933,2066302933,2066303933,2066304933,2066305933
"linear_iid_n2000",132,2066291934,2066321934,2066351934,2066301934,2066302934,2066303934,2066304934,2066305934
"linear_iid_n2000",133,2066291935,2066321935,2066351935,2066301935,2066302935,2066303935,2066304935,2066305935
"linear_iid_n2000",134,2066291936,2066321936,2066351936,2066301936,2066302936,2066303936,2066304936,2066305936
"linear_iid_n2000",135,2066291937,2066321937,2066351937,2066301937,2066302937,2066303937,2066304937,2066305937
"linear_iid_n2000",136,2066291938,2066321938,2066351938,2066301938,2066302938,2066303938,2066304938,2066305938
"linear_iid_n2000",137,2066291939,2066321939,2066351939,2066301939,2066302939,2066303939,2066304939,2066305939
"linear_iid_n2000",138,2066291940,2066321940,2066351940,2066301940,2066302940,2066303940,2066304940,2066305940
"linear_iid_n2000",139,2066291941,2066321941,2066351941,2066301941,2066302941,2066303941,2066304941,2066305941
"linear_iid_n2000",140,2066291942,2066321942,2066351942,2066301942,2066302942,2066303942,2066304942,2066305942
"linear_iid_n2000",141,2066291943,2066321943,2066351943,2066301943,2066302943,2066303943,2066304943,2066305943
"linear_iid_n2000",142,2066291944,2066321944,2066351944,2066301944,2066302944,2066303944,2066304944,2066305944
"linear_iid_n2000",143,2066291945,2066321945,2066351945,2066301945,2066302945,2066303945,2066304945,2066305945
"linear_iid_n2000",144,2066291946,2066321946,2066351946,2066301946,2066302946,2066303946,2066304946,2066305946
"linear_iid_n2000",145,2066291947,2066321947,2066351947,2066301947,2066302947,2066303947,2066304947,2066305947
"linear_iid_n2000",146,2066291948,2066321948,2066351948,2066301948,2066302948,2066303948,2066304948,2066305948
"linear_iid_n2000",147,2066291949,2066321949,2066351949,2066301949,2066302949,2066303949,2066304949,2066305949
"linear_iid_n2000",148,2066291950,2066321950,2066351950,2066301950,2066302950,2066303950,2066304950,2066305950
"linear_iid_n2000",149,2066291951,2066321951,2066351951,2066301951,2066302951,2066303951,2066304951,2066305951
"linear_iid_n2000",150,2066291952,2066321952,2066351952,2066301952,2066302952,2066303952,2066304952,2066305952
"linear_iid_n2000",151,2066291953,2066321953,2066351953,2066301953,2066302953,2066303953,2066304953,2066305953
"linear_iid_n2000",152,2066291954,2066321954,2066351954,2066301954,2066302954,2066303954,2066304954,2066305954
"linear_iid_n2000",153,2066291955,2066321955,2066351955,2066301955,2066302955,2066303955,2066304955,2066305955
"linear_iid_n2000",154,2066291956,2066321956,2066351956,2066301956,2066302956,2066303956,2066304956,2066305956
"linear_iid_n2000",155,2066291957,2066321957,2066351957,2066301957,2066302957,2066303957,2066304957,2066305957
"linear_iid_n2000",156,2066291958,2066321958,2066351958,2066301958,2066302958,2066303958,2066304958,2066305958
"linear_iid_n2000",157,2066291959,2066321959,2066351959,2066301959,2066302959,2066303959,2066304959,2066305959
"linear_iid_n2000",158,2066291960,2066321960,2066351960,2066301960,2066302960,2066303960,2066304960,2066305960
"linear_iid_n2000",159,2066291961,2066321961,2066351961,2066301961,2066302961,2066303961,2066304961,2066305961
"linear_iid_n2000",160,2066291962,2066321962,2066351962,2066301962,2066302962,2066303962,2066304962,2066305962
"linear_iid_n2000",161,2066291963,2066321963,2066351963,2066301963,2066302963,2066303963,2066304963,2066305963
"linear_iid_n2000",162,2066291964,2066321964,2066351964,2066301964,2066302964,2066303964,2066304964,2066305964
"linear_iid_n2000",163,2066291965,2066321965,2066351965,2066301965,2066302965,2066303965,2066304965,2066305965
"linear_iid_n2000",164,2066291966,2066321966,2066351966,2066301966,2066302966,2066303966,2066304966,2066305966
"linear_iid_n2000",165,2066291967,2066321967,2066351967,2066301967,2066302967,2066303967,2066304967,2066305967
"linear_iid_n2000",166,2066291968,2066321968,2066351968,2066301968,2066302968,2066303968,2066304968,2066305968
"linear_iid_n2000",167,2066291969,2066321969,2066351969,2066301969,2066302969,2066303969,2066304969,2066305969
"linear_iid_n2000",168,2066291970,2066321970,2066351970,2066301970,2066302970,2066303970,2066304970,2066305970
"linear_iid_n2000",169,2066291971,2066321971,2066351971,2066301971,2066302971,2066303971,2066304971,2066305971
"linear_iid_n2000",170,2066291972,2066321972,2066351972,2066301972,2066302972,2066303972,2066304972,2066305972
"linear_iid_n2000",171,2066291973,2066321973,2066351973,2066301973,2066302973,2066303973,2066304973,2066305973
"linear_iid_n2000",172,2066291974,2066321974,2066351974,2066301974,2066302974,2066303974,2066304974,2066305974
"linear_iid_n2000",173,2066291975,2066321975,2066351975,2066301975,2066302975,2066303975,2066304975,2066305975
"linear_iid_n2000",174,2066291976,2066321976,2066351976,2066301976,2066302976,2066303976,2066304976,2066305976
"linear_iid_n2000",175,2066291977,2066321977,2066351977,2066301977,2066302977,2066303977,2066304977,2066305977
"linear_iid_n2000",176,2066291978,2066321978,2066351978,2066301978,2066302978,2066303978,2066304978,2066305978
"linear_iid_n2000",177,2066291979,2066321979,2066351979,2066301979,2066302979,2066303979,2066304979,2066305979
"linear_iid_n2000",178,2066291980,2066321980,2066351980,2066301980,2066302980,2066303980,2066304980,2066305980
"linear_iid_n2000",179,2066291981,2066321981,2066351981,2066301981,2066302981,2066303981,2066304981,2066305981
"linear_iid_n2000",180,2066291982,2066321982,2066351982,2066301982,2066302982,2066303982,2066304982,2066305982
"linear_iid_n2000",181,2066291983,2066321983,2066351983,2066301983,2066302983,2066303983,2066304983,2066305983
"linear_iid_n2000",182,2066291984,2066321984,2066351984,2066301984,2066302984,2066303984,2066304984,2066305984
"linear_iid_n2000",183,2066291985,2066321985,2066351985,2066301985,2066302985,2066303985,2066304985,2066305985
"linear_iid_n2000",184,2066291986,2066321986,2066351986,2066301986,2066302986,2066303986,2066304986,2066305986
"linear_iid_n2000",185,2066291987,2066321987,2066351987,2066301987,2066302987,2066303987,2066304987,2066305987
"linear_iid_n2000",186,2066291988,2066321988,2066351988,2066301988,2066302988,2066303988,2066304988,2066305988
"linear_iid_n2000",187,2066291989,2066321989,2066351989,2066301989,2066302989,2066303989,2066304989,2066305989
"linear_iid_n2000",188,2066291990,2066321990,2066351990,2066301990,2066302990,2066303990,2066304990,2066305990
"linear_iid_n2000",189,2066291991,2066321991,2066351991,2066301991,2066302991,2066303991,2066304991,2066305991
"linear_iid_n2000",190,2066291992,2066321992,2066351992,2066301992,2066302992,2066303992,2066304992,2066305992
"linear_iid_n2000",191,2066291993,2066321993,2066351993,2066301993,2066302993,2066303993,2066304993,2066305993
"linear_iid_n2000",192,2066291994,2066321994,2066351994,2066301994,2066302994,2066303994,2066304994,2066305994
"linear_iid_n2000",193,2066291995,2066321995,2066351995,2066301995,2066302995,2066303995,2066304995,2066305995
"linear_iid_n2000",194,2066291996,2066321996,2066351996,2066301996,2066302996,2066303996,2066304996,2066305996
"linear_iid_n2000",195,2066291997,2066321997,2066351997,2066301997,2066302997,2066303997,2066304997,2066305997
"linear_iid_n2000",196,2066291998,2066321998,2066351998,2066301998,2066302998,2066303998,2066304998,2066305998
"linear_iid_n2000",197,2066291999,2066321999,2066351999,2066301999,2066302999,2066303999,2066304999,2066305999
"linear_iid_n2000",198,2066292000,2066322000,2066352000,2066302000,2066303000,2066304000,2066305000,2066306000
"linear_iid_n2000",199,2066292001,2066322001,2066352001,2066302001,2066303001,2066304001,2066305001,2066306001
"linear_iid_n2000",200,2066292002,2066322002,2066352002,2066302002,2066303002,2066304002,2066305002,2066306002
"linear_iid_n2000",201,2066292003,2066322003,2066352003,2066302003,2066303003,2066304003,2066305003,2066306003
"linear_iid_n2000",202,2066292004,2066322004,2066352004,2066302004,2066303004,2066304004,2066305004,2066306004
"linear_iid_n2000",203,2066292005,2066322005,2066352005,2066302005,2066303005,2066304005,2066305005,2066306005
"linear_iid_n2000",204,2066292006,2066322006,2066352006,2066302006,2066303006,2066304006,2066305006,2066306006
"linear_iid_n2000",205,2066292007,2066322007,2066352007,2066302007,2066303007,2066304007,2066305007,2066306007
"linear_iid_n2000",206,2066292008,2066322008,2066352008,2066302008,2066303008,2066304008,2066305008,2066306008
"linear_iid_n2000",207,2066292009,2066322009,2066352009,2066302009,2066303009,2066304009,2066305009,2066306009
"linear_iid_n2000",208,2066292010,2066322010,2066352010,2066302010,2066303010,2066304010,2066305010,2066306010
"linear_iid_n2000",209,2066292011,2066322011,2066352011,2066302011,2066303011,2066304011,2066305011,2066306011
"linear_iid_n2000",210,2066292012,2066322012,2066352012,2066302012,2066303012,2066304012,2066305012,2066306012
"linear_iid_n2000",211,2066292013,2066322013,2066352013,2066302013,2066303013,2066304013,2066305013,2066306013
"linear_iid_n2000",212,2066292014,2066322014,2066352014,2066302014,2066303014,2066304014,2066305014,2066306014
"linear_iid_n2000",213,2066292015,2066322015,2066352015,2066302015,2066303015,2066304015,2066305015,2066306015
"linear_iid_n2000",214,2066292016,2066322016,2066352016,2066302016,2066303016,2066304016,2066305016,2066306016
"linear_iid_n2000",215,2066292017,2066322017,2066352017,2066302017,2066303017,2066304017,2066305017,2066306017
"linear_iid_n2000",216,2066292018,2066322018,2066352018,2066302018,2066303018,2066304018,2066305018,2066306018
"linear_iid_n2000",217,2066292019,2066322019,2066352019,2066302019,2066303019,2066304019,2066305019,2066306019
"linear_iid_n2000",218,2066292020,2066322020,2066352020,2066302020,2066303020,2066304020,2066305020,2066306020
"linear_iid_n2000",219,2066292021,2066322021,2066352021,2066302021,2066303021,2066304021,2066305021,2066306021
"linear_iid_n2000",220,2066292022,2066322022,2066352022,2066302022,2066303022,2066304022,2066305022,2066306022
"linear_iid_n2000",221,2066292023,2066322023,2066352023,2066302023,2066303023,2066304023,2066305023,2066306023
"linear_iid_n2000",222,2066292024,2066322024,2066352024,2066302024,2066303024,2066304024,2066305024,2066306024
"linear_iid_n2000",223,2066292025,2066322025,2066352025,2066302025,2066303025,2066304025,2066305025,2066306025
"linear_iid_n2000",224,2066292026,2066322026,2066352026,2066302026,2066303026,2066304026,2066305026,2066306026
"linear_iid_n2000",225,2066292027,2066322027,2066352027,2066302027,2066303027,2066304027,2066305027,2066306027
"linear_iid_n2000",226,2066292028,2066322028,2066352028,2066302028,2066303028,2066304028,2066305028,2066306028
"linear_iid_n2000",227,2066292029,2066322029,2066352029,2066302029,2066303029,2066304029,2066305029,2066306029
"linear_iid_n2000",228,2066292030,2066322030,2066352030,2066302030,2066303030,2066304030,2066305030,2066306030
"linear_iid_n2000",229,2066292031,2066322031,2066352031,2066302031,2066303031,2066304031,2066305031,2066306031
"linear_iid_n2000",230,2066292032,2066322032,2066352032,2066302032,2066303032,2066304032,2066305032,2066306032
"linear_iid_n2000",231,2066292033,2066322033,2066352033,2066302033,2066303033,2066304033,2066305033,2066306033
"linear_iid_n2000",232,2066292034,2066322034,2066352034,2066302034,2066303034,2066304034,2066305034,2066306034
"linear_iid_n2000",233,2066292035,2066322035,2066352035,2066302035,2066303035,2066304035,2066305035,2066306035
"linear_iid_n2000",234,2066292036,2066322036,2066352036,2066302036,2066303036,2066304036,2066305036,2066306036
"linear_iid_n2000",235,2066292037,2066322037,2066352037,2066302037,2066303037,2066304037,2066305037,2066306037
"linear_iid_n2000",236,2066292038,2066322038,2066352038,2066302038,2066303038,2066304038,2066305038,2066306038
"linear_iid_n2000",237,2066292039,2066322039,2066352039,2066302039,2066303039,2066304039,2066305039,2066306039
"linear_iid_n2000",238,2066292040,2066322040,2066352040,2066302040,2066303040,2066304040,2066305040,2066306040
"linear_iid_n2000",239,2066292041,2066322041,2066352041,2066302041,2066303041,2066304041,2066305041,2066306041
"linear_iid_n2000",240,2066292042,2066322042,2066352042,2066302042,2066303042,2066304042,2066305042,2066306042
"linear_iid_n2000",241,2066292043,2066322043,2066352043,2066302043,2066303043,2066304043,2066305043,2066306043
"linear_iid_n2000",242,2066292044,2066322044,2066352044,2066302044,2066303044,2066304044,2066305044,2066306044
"linear_iid_n2000",243,2066292045,2066322045,2066352045,2066302045,2066303045,2066304045,2066305045,2066306045
"linear_iid_n2000",244,2066292046,2066322046,2066352046,2066302046,2066303046,2066304046,2066305046,2066306046
"linear_iid_n2000",245,2066292047,2066322047,2066352047,2066302047,2066303047,2066304047,2066305047,2066306047
"linear_iid_n2000",246,2066292048,2066322048,2066352048,2066302048,2066303048,2066304048,2066305048,2066306048
"linear_iid_n2000",247,2066292049,2066322049,2066352049,2066302049,2066303049,2066304049,2066305049,2066306049
"linear_iid_n2000",248,2066292050,2066322050,2066352050,2066302050,2066303050,2066304050,2066305050,2066306050
"linear_iid_n2000",249,2066292051,2066322051,2066352051,2066302051,2066303051,2066304051,2066305051,2066306051
"linear_iid_n2000",250,2066292052,2066322052,2066352052,2066302052,2066303052,2066304052,2066305052,2066306052
"linear_iid_n2000",251,2066292053,2066322053,2066352053,2066302053,2066303053,2066304053,2066305053,2066306053
"linear_iid_n2000",252,2066292054,2066322054,2066352054,2066302054,2066303054,2066304054,2066305054,2066306054
"linear_iid_n2000",253,2066292055,2066322055,2066352055,2066302055,2066303055,2066304055,2066305055,2066306055
"linear_iid_n2000",254,2066292056,2066322056,2066352056,2066302056,2066303056,2066304056,2066305056,2066306056
"linear_iid_n2000",255,2066292057,2066322057,2066352057,2066302057,2066303057,2066304057,2066305057,2066306057
"linear_iid_n2000",256,2066292058,2066322058,2066352058,2066302058,2066303058,2066304058,2066305058,2066306058
"linear_iid_n2000",257,2066292059,2066322059,2066352059,2066302059,2066303059,2066304059,2066305059,2066306059
"linear_iid_n2000",258,2066292060,2066322060,2066352060,2066302060,2066303060,2066304060,2066305060,2066306060
"linear_iid_n2000",259,2066292061,2066322061,2066352061,2066302061,2066303061,2066304061,2066305061,2066306061
"linear_iid_n2000",260,2066292062,2066322062,2066352062,2066302062,2066303062,2066304062,2066305062,2066306062
"linear_iid_n2000",261,2066292063,2066322063,2066352063,2066302063,2066303063,2066304063,2066305063,2066306063
"linear_iid_n2000",262,2066292064,2066322064,2066352064,2066302064,2066303064,2066304064,2066305064,2066306064
"linear_iid_n2000",263,2066292065,2066322065,2066352065,2066302065,2066303065,2066304065,2066305065,2066306065
"linear_iid_n2000",264,2066292066,2066322066,2066352066,2066302066,2066303066,2066304066,2066305066,2066306066
"linear_iid_n2000",265,2066292067,2066322067,2066352067,2066302067,2066303067,2066304067,2066305067,2066306067
"linear_iid_n2000",266,2066292068,2066322068,2066352068,2066302068,2066303068,2066304068,2066305068,2066306068
"linear_iid_n2000",267,2066292069,2066322069,2066352069,2066302069,2066303069,2066304069,2066305069,2066306069
"linear_iid_n2000",268,2066292070,2066322070,2066352070,2066302070,2066303070,2066304070,2066305070,2066306070
"linear_iid_n2000",269,2066292071,2066322071,2066352071,2066302071,2066303071,2066304071,2066305071,2066306071
"linear_iid_n2000",270,2066292072,2066322072,2066352072,2066302072,2066303072,2066304072,2066305072,2066306072
"linear_iid_n2000",271,2066292073,2066322073,2066352073,2066302073,2066303073,2066304073,2066305073,2066306073
"linear_iid_n2000",272,2066292074,2066322074,2066352074,2066302074,2066303074,2066304074,2066305074,2066306074
"linear_iid_n2000",273,2066292075,2066322075,2066352075,2066302075,2066303075,2066304075,2066305075,2066306075
"linear_iid_n2000",274,2066292076,2066322076,2066352076,2066302076,2066303076,2066304076,2066305076,2066306076
"linear_iid_n2000",275,2066292077,2066322077,2066352077,2066302077,2066303077,2066304077,2066305077,2066306077
"linear_iid_n2000",276,2066292078,2066322078,2066352078,2066302078,2066303078,2066304078,2066305078,2066306078
"linear_iid_n2000",277,2066292079,2066322079,2066352079,2066302079,2066303079,2066304079,2066305079,2066306079
"linear_iid_n2000",278,2066292080,2066322080,2066352080,2066302080,2066303080,2066304080,2066305080,2066306080
"linear_iid_n2000",279,2066292081,2066322081,2066352081,2066302081,2066303081,2066304081,2066305081,2066306081
"linear_iid_n2000",280,2066292082,2066322082,2066352082,2066302082,2066303082,2066304082,2066305082,2066306082
"linear_iid_n2000",281,2066292083,2066322083,2066352083,2066302083,2066303083,2066304083,2066305083,2066306083
"linear_iid_n2000",282,2066292084,2066322084,2066352084,2066302084,2066303084,2066304084,2066305084,2066306084
"linear_iid_n2000",283,2066292085,2066322085,2066352085,2066302085,2066303085,2066304085,2066305085,2066306085
"linear_iid_n2000",284,2066292086,2066322086,2066352086,2066302086,2066303086,2066304086,2066305086,2066306086
"linear_iid_n2000",285,2066292087,2066322087,2066352087,2066302087,2066303087,2066304087,2066305087,2066306087
"linear_iid_n2000",286,2066292088,2066322088,2066352088,2066302088,2066303088,2066304088,2066305088,2066306088
"linear_iid_n2000",287,2066292089,2066322089,2066352089,2066302089,2066303089,2066304089,2066305089,2066306089
"linear_iid_n2000",288,2066292090,2066322090,2066352090,2066302090,2066303090,2066304090,2066305090,2066306090
"linear_iid_n2000",289,2066292091,2066322091,2066352091,2066302091,2066303091,2066304091,2066305091,2066306091
"linear_iid_n2000",290,2066292092,2066322092,2066352092,2066302092,2066303092,2066304092,2066305092,2066306092
"linear_iid_n2000",291,2066292093,2066322093,2066352093,2066302093,2066303093,2066304093,2066305093,2066306093
"linear_iid_n2000",292,2066292094,2066322094,2066352094,2066302094,2066303094,2066304094,2066305094,2066306094
"linear_iid_n2000",293,2066292095,2066322095,2066352095,2066302095,2066303095,2066304095,2066305095,2066306095
"linear_iid_n2000",294,2066292096,2066322096,2066352096,2066302096,2066303096,2066304096,2066305096,2066306096
"linear_iid_n2000",295,2066292097,2066322097,2066352097,2066302097,2066303097,2066304097,2066305097,2066306097
"linear_iid_n2000",296,2066292098,2066322098,2066352098,2066302098,2066303098,2066304098,2066305098,2066306098
"linear_iid_n2000",297,2066292099,2066322099,2066352099,2066302099,2066303099,2066304099,2066305099,2066306099
"linear_iid_n2000",298,2066292100,2066322100,2066352100,2066302100,2066303100,2066304100,2066305100,2066306100
"linear_iid_n2000",299,2066292101,2066322101,2066352101,2066302101,2066303101,2066304101,2066305101,2066306101
"linear_iid_n2000",300,2066292102,2066322102,2066352102,2066302102,2066303102,2066304102,2066305102,2066306102
"linear_iid_n2000",301,2066292103,2066322103,2066352103,2066302103,2066303103,2066304103,2066305103,2066306103
"linear_iid_n2000",302,2066292104,2066322104,2066352104,2066302104,2066303104,2066304104,2066305104,2066306104
"linear_iid_n2000",303,2066292105,2066322105,2066352105,2066302105,2066303105,2066304105,2066305105,2066306105
"linear_iid_n2000",304,2066292106,2066322106,2066352106,2066302106,2066303106,2066304106,2066305106,2066306106
"linear_iid_n2000",305,2066292107,2066322107,2066352107,2066302107,2066303107,2066304107,2066305107,2066306107
"linear_iid_n2000",306,2066292108,2066322108,2066352108,2066302108,2066303108,2066304108,2066305108,2066306108
"linear_iid_n2000",307,2066292109,2066322109,2066352109,2066302109,2066303109,2066304109,2066305109,2066306109
"linear_iid_n2000",308,2066292110,2066322110,2066352110,2066302110,2066303110,2066304110,2066305110,2066306110
"linear_iid_n2000",309,2066292111,2066322111,2066352111,2066302111,2066303111,2066304111,2066305111,2066306111
"linear_iid_n2000",310,2066292112,2066322112,2066352112,2066302112,2066303112,2066304112,2066305112,2066306112
"linear_iid_n2000",311,2066292113,2066322113,2066352113,2066302113,2066303113,2066304113,2066305113,2066306113
"linear_iid_n2000",312,2066292114,2066322114,2066352114,2066302114,2066303114,2066304114,2066305114,2066306114
"linear_iid_n2000",313,2066292115,2066322115,2066352115,2066302115,2066303115,2066304115,2066305115,2066306115
"linear_iid_n2000",314,2066292116,2066322116,2066352116,2066302116,2066303116,2066304116,2066305116,2066306116
"linear_iid_n2000",315,2066292117,2066322117,2066352117,2066302117,2066303117,2066304117,2066305117,2066306117
"linear_iid_n2000",316,2066292118,2066322118,2066352118,2066302118,2066303118,2066304118,2066305118,2066306118
"linear_iid_n2000",317,2066292119,2066322119,2066352119,2066302119,2066303119,2066304119,2066305119,2066306119
"linear_iid_n2000",318,2066292120,2066322120,2066352120,2066302120,2066303120,2066304120,2066305120,2066306120
"linear_iid_n2000",319,2066292121,2066322121,2066352121,2066302121,2066303121,2066304121,2066305121,2066306121
"linear_iid_n2000",320,2066292122,2066322122,2066352122,2066302122,2066303122,2066304122,2066305122,2066306122
"linear_iid_n2000",321,2066292123,2066322123,2066352123,2066302123,2066303123,2066304123,2066305123,2066306123
"linear_iid_n2000",322,2066292124,2066322124,2066352124,2066302124,2066303124,2066304124,2066305124,2066306124
"linear_iid_n2000",323,2066292125,2066322125,2066352125,2066302125,2066303125,2066304125,2066305125,2066306125
"linear_iid_n2000",324,2066292126,2066322126,2066352126,2066302126,2066303126,2066304126,2066305126,2066306126
"linear_iid_n2000",325,2066292127,2066322127,2066352127,2066302127,2066303127,2066304127,2066305127,2066306127
"linear_iid_n2000",326,2066292128,2066322128,2066352128,2066302128,2066303128,2066304128,2066305128,2066306128
"linear_iid_n2000",327,2066292129,2066322129,2066352129,2066302129,2066303129,2066304129,2066305129,2066306129
"linear_iid_n2000",328,2066292130,2066322130,2066352130,2066302130,2066303130,2066304130,2066305130,2066306130
"linear_iid_n2000",329,2066292131,2066322131,2066352131,2066302131,2066303131,2066304131,2066305131,2066306131
"linear_iid_n2000",330,2066292132,2066322132,2066352132,2066302132,2066303132,2066304132,2066305132,2066306132
"linear_iid_n2000",331,2066292133,2066322133,2066352133,2066302133,2066303133,2066304133,2066305133,2066306133
"linear_iid_n2000",332,2066292134,2066322134,2066352134,2066302134,2066303134,2066304134,2066305134,2066306134
"linear_iid_n2000",333,2066292135,2066322135,2066352135,2066302135,2066303135,2066304135,2066305135,2066306135
"linear_iid_n2000",334,2066292136,2066322136,2066352136,2066302136,2066303136,2066304136,2066305136,2066306136
"linear_iid_n2000",335,2066292137,2066322137,2066352137,2066302137,2066303137,2066304137,2066305137,2066306137
"linear_iid_n2000",336,2066292138,2066322138,2066352138,2066302138,2066303138,2066304138,2066305138,2066306138
"linear_iid_n2000",337,2066292139,2066322139,2066352139,2066302139,2066303139,2066304139,2066305139,2066306139
"linear_iid_n2000",338,2066292140,2066322140,2066352140,2066302140,2066303140,2066304140,2066305140,2066306140
"linear_iid_n2000",339,2066292141,2066322141,2066352141,2066302141,2066303141,2066304141,2066305141,2066306141
"linear_iid_n2000",340,2066292142,2066322142,2066352142,2066302142,2066303142,2066304142,2066305142,2066306142
"linear_iid_n2000",341,2066292143,2066322143,2066352143,2066302143,2066303143,2066304143,2066305143,2066306143
"linear_iid_n2000",342,2066292144,2066322144,2066352144,2066302144,2066303144,2066304144,2066305144,2066306144
"linear_iid_n2000",343,2066292145,2066322145,2066352145,2066302145,2066303145,2066304145,2066305145,2066306145
"linear_iid_n2000",344,2066292146,2066322146,2066352146,2066302146,2066303146,2066304146,2066305146,2066306146
"linear_iid_n2000",345,2066292147,2066322147,2066352147,2066302147,2066303147,2066304147,2066305147,2066306147
"linear_iid_n2000",346,2066292148,2066322148,2066352148,2066302148,2066303148,2066304148,2066305148,2066306148
"linear_iid_n2000",347,2066292149,2066322149,2066352149,2066302149,2066303149,2066304149,2066305149,2066306149
"linear_iid_n2000",348,2066292150,2066322150,2066352150,2066302150,2066303150,2066304150,2066305150,2066306150
"linear_iid_n2000",349,2066292151,2066322151,2066352151,2066302151,2066303151,2066304151,2066305151,2066306151
"linear_iid_n2000",350,2066292152,2066322152,2066352152,2066302152,2066303152,2066304152,2066305152,2066306152
"linear_iid_n2000",351,2066292153,2066322153,2066352153,2066302153,2066303153,2066304153,2066305153,2066306153
"linear_iid_n2000",352,2066292154,2066322154,2066352154,2066302154,2066303154,2066304154,2066305154,2066306154
"linear_iid_n2000",353,2066292155,2066322155,2066352155,2066302155,2066303155,2066304155,2066305155,2066306155
"linear_iid_n2000",354,2066292156,2066322156,2066352156,2066302156,2066303156,2066304156,2066305156,2066306156
"linear_iid_n2000",355,2066292157,2066322157,2066352157,2066302157,2066303157,2066304157,2066305157,2066306157
"linear_iid_n2000",356,2066292158,2066322158,2066352158,2066302158,2066303158,2066304158,2066305158,2066306158
"linear_iid_n2000",357,2066292159,2066322159,2066352159,2066302159,2066303159,2066304159,2066305159,2066306159
"linear_iid_n2000",358,2066292160,2066322160,2066352160,2066302160,2066303160,2066304160,2066305160,2066306160
"linear_iid_n2000",359,2066292161,2066322161,2066352161,2066302161,2066303161,2066304161,2066305161,2066306161
"linear_iid_n2000",360,2066292162,2066322162,2066352162,2066302162,2066303162,2066304162,2066305162,2066306162
"linear_iid_n2000",361,2066292163,2066322163,2066352163,2066302163,2066303163,2066304163,2066305163,2066306163
"linear_iid_n2000",362,2066292164,2066322164,2066352164,2066302164,2066303164,2066304164,2066305164,2066306164
"linear_iid_n2000",363,2066292165,2066322165,2066352165,2066302165,2066303165,2066304165,2066305165,2066306165
"linear_iid_n2000",364,2066292166,2066322166,2066352166,2066302166,2066303166,2066304166,2066305166,2066306166
"linear_iid_n2000",365,2066292167,2066322167,2066352167,2066302167,2066303167,2066304167,2066305167,2066306167
"linear_iid_n2000",366,2066292168,2066322168,2066352168,2066302168,2066303168,2066304168,2066305168,2066306168
"linear_iid_n2000",367,2066292169,2066322169,2066352169,2066302169,2066303169,2066304169,2066305169,2066306169
"linear_iid_n2000",368,2066292170,2066322170,2066352170,2066302170,2066303170,2066304170,2066305170,2066306170
"linear_iid_n2000",369,2066292171,2066322171,2066352171,2066302171,2066303171,2066304171,2066305171,2066306171
"linear_iid_n2000",370,2066292172,2066322172,2066352172,2066302172,2066303172,2066304172,2066305172,2066306172
"linear_iid_n2000",371,2066292173,2066322173,2066352173,2066302173,2066303173,2066304173,2066305173,2066306173
"linear_iid_n2000",372,2066292174,2066322174,2066352174,2066302174,2066303174,2066304174,2066305174,2066306174
"linear_iid_n2000",373,2066292175,2066322175,2066352175,2066302175,2066303175,2066304175,2066305175,2066306175
"linear_iid_n2000",374,2066292176,2066322176,2066352176,2066302176,2066303176,2066304176,2066305176,2066306176
"linear_iid_n2000",375,2066292177,2066322177,2066352177,2066302177,2066303177,2066304177,2066305177,2066306177
"linear_iid_n2000",376,2066292178,2066322178,2066352178,2066302178,2066303178,2066304178,2066305178,2066306178
"linear_iid_n2000",377,2066292179,2066322179,2066352179,2066302179,2066303179,2066304179,2066305179,2066306179
"linear_iid_n2000",378,2066292180,2066322180,2066352180,2066302180,2066303180,2066304180,2066305180,2066306180
"linear_iid_n2000",379,2066292181,2066322181,2066352181,2066302181,2066303181,2066304181,2066305181,2066306181
"linear_iid_n2000",380,2066292182,2066322182,2066352182,2066302182,2066303182,2066304182,2066305182,2066306182
"linear_iid_n2000",381,2066292183,2066322183,2066352183,2066302183,2066303183,2066304183,2066305183,2066306183
"linear_iid_n2000",382,2066292184,2066322184,2066352184,2066302184,2066303184,2066304184,2066305184,2066306184
"linear_iid_n2000",383,2066292185,2066322185,2066352185,2066302185,2066303185,2066304185,2066305185,2066306185
"linear_iid_n2000",384,2066292186,2066322186,2066352186,2066302186,2066303186,2066304186,2066305186,2066306186
"linear_iid_n2000",385,2066292187,2066322187,2066352187,2066302187,2066303187,2066304187,2066305187,2066306187
"linear_iid_n2000",386,2066292188,2066322188,2066352188,2066302188,2066303188,2066304188,2066305188,2066306188
"linear_iid_n2000",387,2066292189,2066322189,2066352189,2066302189,2066303189,2066304189,2066305189,2066306189
"linear_iid_n2000",388,2066292190,2066322190,2066352190,2066302190,2066303190,2066304190,2066305190,2066306190
"linear_iid_n2000",389,2066292191,2066322191,2066352191,2066302191,2066303191,2066304191,2066305191,2066306191
"linear_iid_n2000",390,2066292192,2066322192,2066352192,2066302192,2066303192,2066304192,2066305192,2066306192
"linear_iid_n2000",391,2066292193,2066322193,2066352193,2066302193,2066303193,2066304193,2066305193,2066306193
"linear_iid_n2000",392,2066292194,2066322194,2066352194,2066302194,2066303194,2066304194,2066305194,2066306194
"linear_iid_n2000",393,2066292195,2066322195,2066352195,2066302195,2066303195,2066304195,2066305195,2066306195
"linear_iid_n2000",394,2066292196,2066322196,2066352196,2066302196,2066303196,2066304196,2066305196,2066306196
"linear_iid_n2000",395,2066292197,2066322197,2066352197,2066302197,2066303197,2066304197,2066305197,2066306197
"linear_iid_n2000",396,2066292198,2066322198,2066352198,2066302198,2066303198,2066304198,2066305198,2066306198
"linear_iid_n2000",397,2066292199,2066322199,2066352199,2066302199,2066303199,2066304199,2066305199,2066306199
"linear_iid_n2000",398,2066292200,2066322200,2066352200,2066302200,2066303200,2066304200,2066305200,2066306200
"linear_iid_n2000",399,2066292201,2066322201,2066352201,2066302201,2066303201,2066304201,2066305201,2066306201
"linear_iid_n2000",400,2066292202,2066322202,2066352202,2066302202,2066303202,2066304202,2066305202,2066306202
"linear_iid_n2000",401,2066292203,2066322203,2066352203,2066302203,2066303203,2066304203,2066305203,2066306203
"linear_iid_n2000",402,2066292204,2066322204,2066352204,2066302204,2066303204,2066304204,2066305204,2066306204
"linear_iid_n2000",403,2066292205,2066322205,2066352205,2066302205,2066303205,2066304205,2066305205,2066306205
"linear_iid_n2000",404,2066292206,2066322206,2066352206,2066302206,2066303206,2066304206,2066305206,2066306206
"linear_iid_n2000",405,2066292207,2066322207,2066352207,2066302207,2066303207,2066304207,2066305207,2066306207
"linear_iid_n2000",406,2066292208,2066322208,2066352208,2066302208,2066303208,2066304208,2066305208,2066306208
"linear_iid_n2000",407,2066292209,2066322209,2066352209,2066302209,2066303209,2066304209,2066305209,2066306209
"linear_iid_n2000",408,2066292210,2066322210,2066352210,2066302210,2066303210,2066304210,2066305210,2066306210
"linear_iid_n2000",409,2066292211,2066322211,2066352211,2066302211,2066303211,2066304211,2066305211,2066306211
"linear_iid_n2000",410,2066292212,2066322212,2066352212,2066302212,2066303212,2066304212,2066305212,2066306212
"linear_iid_n2000",411,2066292213,2066322213,2066352213,2066302213,2066303213,2066304213,2066305213,2066306213
"linear_iid_n2000",412,2066292214,2066322214,2066352214,2066302214,2066303214,2066304214,2066305214,2066306214
"linear_iid_n2000",413,2066292215,2066322215,2066352215,2066302215,2066303215,2066304215,2066305215,2066306215
"linear_iid_n2000",414,2066292216,2066322216,2066352216,2066302216,2066303216,2066304216,2066305216,2066306216
"linear_iid_n2000",415,2066292217,2066322217,2066352217,2066302217,2066303217,2066304217,2066305217,2066306217
"linear_iid_n2000",416,2066292218,2066322218,2066352218,2066302218,2066303218,2066304218,2066305218,2066306218
"linear_iid_n2000",417,2066292219,2066322219,2066352219,2066302219,2066303219,2066304219,2066305219,2066306219
"linear_iid_n2000",418,2066292220,2066322220,2066352220,2066302220,2066303220,2066304220,2066305220,2066306220
"linear_iid_n2000",419,2066292221,2066322221,2066352221,2066302221,2066303221,2066304221,2066305221,2066306221
"linear_iid_n2000",420,2066292222,2066322222,2066352222,2066302222,2066303222,2066304222,2066305222,2066306222
"linear_iid_n2000",421,2066292223,2066322223,2066352223,2066302223,2066303223,2066304223,2066305223,2066306223
"linear_iid_n2000",422,2066292224,2066322224,2066352224,2066302224,2066303224,2066304224,2066305224,2066306224
"linear_iid_n2000",423,2066292225,2066322225,2066352225,2066302225,2066303225,2066304225,2066305225,2066306225
"linear_iid_n2000",424,2066292226,2066322226,2066352226,2066302226,2066303226,2066304226,2066305226,2066306226
"linear_iid_n2000",425,2066292227,2066322227,2066352227,2066302227,2066303227,2066304227,2066305227,2066306227
"linear_iid_n2000",426,2066292228,2066322228,2066352228,2066302228,2066303228,2066304228,2066305228,2066306228
"linear_iid_n2000",427,2066292229,2066322229,2066352229,2066302229,2066303229,2066304229,2066305229,2066306229
"linear_iid_n2000",428,2066292230,2066322230,2066352230,2066302230,2066303230,2066304230,2066305230,2066306230
"linear_iid_n2000",429,2066292231,2066322231,2066352231,2066302231,2066303231,2066304231,2066305231,2066306231
"linear_iid_n2000",430,2066292232,2066322232,2066352232,2066302232,2066303232,2066304232,2066305232,2066306232
"linear_iid_n2000",431,2066292233,2066322233,2066352233,2066302233,2066303233,2066304233,2066305233,2066306233
"linear_iid_n2000",432,2066292234,2066322234,2066352234,2066302234,2066303234,2066304234,2066305234,2066306234
"linear_iid_n2000",433,2066292235,2066322235,2066352235,2066302235,2066303235,2066304235,2066305235,2066306235
"linear_iid_n2000",434,2066292236,2066322236,2066352236,2066302236,2066303236,2066304236,2066305236,2066306236
"linear_iid_n2000",435,2066292237,2066322237,2066352237,2066302237,2066303237,2066304237,2066305237,2066306237
"linear_iid_n2000",436,2066292238,2066322238,2066352238,2066302238,2066303238,2066304238,2066305238,2066306238
"linear_iid_n2000",437,2066292239,2066322239,2066352239,2066302239,2066303239,2066304239,2066305239,2066306239
"linear_iid_n2000",438,2066292240,2066322240,2066352240,2066302240,2066303240,2066304240,2066305240,2066306240
"linear_iid_n2000",439,2066292241,2066322241,2066352241,2066302241,2066303241,2066304241,2066305241,2066306241
"linear_iid_n2000",440,2066292242,2066322242,2066352242,2066302242,2066303242,2066304242,2066305242,2066306242
"linear_iid_n2000",441,2066292243,2066322243,2066352243,2066302243,2066303243,2066304243,2066305243,2066306243
"linear_iid_n2000",442,2066292244,2066322244,2066352244,2066302244,2066303244,2066304244,2066305244,2066306244
"linear_iid_n2000",443,2066292245,2066322245,2066352245,2066302245,2066303245,2066304245,2066305245,2066306245
"linear_iid_n2000",444,2066292246,2066322246,2066352246,2066302246,2066303246,2066304246,2066305246,2066306246
"linear_iid_n2000",445,2066292247,2066322247,2066352247,2066302247,2066303247,2066304247,2066305247,2066306247
"linear_iid_n2000",446,2066292248,2066322248,2066352248,2066302248,2066303248,2066304248,2066305248,2066306248
"linear_iid_n2000",447,2066292249,2066322249,2066352249,2066302249,2066303249,2066304249,2066305249,2066306249
"linear_iid_n2000",448,2066292250,2066322250,2066352250,2066302250,2066303250,2066304250,2066305250,2066306250
"linear_iid_n2000",449,2066292251,2066322251,2066352251,2066302251,2066303251,2066304251,2066305251,2066306251
"linear_iid_n2000",450,2066292252,2066322252,2066352252,2066302252,2066303252,2066304252,2066305252,2066306252
"linear_iid_n2000",451,2066292253,2066322253,2066352253,2066302253,2066303253,2066304253,2066305253,2066306253
"linear_iid_n2000",452,2066292254,2066322254,2066352254,2066302254,2066303254,2066304254,2066305254,2066306254
"linear_iid_n2000",453,2066292255,2066322255,2066352255,2066302255,2066303255,2066304255,2066305255,2066306255
"linear_iid_n2000",454,2066292256,2066322256,2066352256,2066302256,2066303256,2066304256,2066305256,2066306256
"linear_iid_n2000",455,2066292257,2066322257,2066352257,2066302257,2066303257,2066304257,2066305257,2066306257
"linear_iid_n2000",456,2066292258,2066322258,2066352258,2066302258,2066303258,2066304258,2066305258,2066306258
"linear_iid_n2000",457,2066292259,2066322259,2066352259,2066302259,2066303259,2066304259,2066305259,2066306259
"linear_iid_n2000",458,2066292260,2066322260,2066352260,2066302260,2066303260,2066304260,2066305260,2066306260
"linear_iid_n2000",459,2066292261,2066322261,2066352261,2066302261,2066303261,2066304261,2066305261,2066306261
"linear_iid_n2000",460,2066292262,2066322262,2066352262,2066302262,2066303262,2066304262,2066305262,2066306262
"linear_iid_n2000",461,2066292263,2066322263,2066352263,2066302263,2066303263,2066304263,2066305263,2066306263
"linear_iid_n2000",462,2066292264,2066322264,2066352264,2066302264,2066303264,2066304264,2066305264,2066306264
"linear_iid_n2000",463,2066292265,2066322265,2066352265,2066302265,2066303265,2066304265,2066305265,2066306265
"linear_iid_n2000",464,2066292266,2066322266,2066352266,2066302266,2066303266,2066304266,2066305266,2066306266
"linear_iid_n2000",465,2066292267,2066322267,2066352267,2066302267,2066303267,2066304267,2066305267,2066306267
"linear_iid_n2000",466,2066292268,2066322268,2066352268,2066302268,2066303268,2066304268,2066305268,2066306268
"linear_iid_n2000",467,2066292269,2066322269,2066352269,2066302269,2066303269,2066304269,2066305269,2066306269
"linear_iid_n2000",468,2066292270,2066322270,2066352270,2066302270,2066303270,2066304270,2066305270,2066306270
"linear_iid_n2000",469,2066292271,2066322271,2066352271,2066302271,2066303271,2066304271,2066305271,2066306271
"linear_iid_n2000",470,2066292272,2066322272,2066352272,2066302272,2066303272,2066304272,2066305272,2066306272
"linear_iid_n2000",471,2066292273,2066322273,2066352273,2066302273,2066303273,2066304273,2066305273,2066306273
"linear_iid_n2000",472,2066292274,2066322274,2066352274,2066302274,2066303274,2066304274,2066305274,2066306274
"linear_iid_n2000",473,2066292275,2066322275,2066352275,2066302275,2066303275,2066304275,2066305275,2066306275
"linear_iid_n2000",474,2066292276,2066322276,2066352276,2066302276,2066303276,2066304276,2066305276,2066306276
"linear_iid_n2000",475,2066292277,2066322277,2066352277,2066302277,2066303277,2066304277,2066305277,2066306277
"linear_iid_n2000",476,2066292278,2066322278,2066352278,2066302278,2066303278,2066304278,2066305278,2066306278
"linear_iid_n2000",477,2066292279,2066322279,2066352279,2066302279,2066303279,2066304279,2066305279,2066306279
"linear_iid_n2000",478,2066292280,2066322280,2066352280,2066302280,2066303280,2066304280,2066305280,2066306280
"linear_iid_n2000",479,2066292281,2066322281,2066352281,2066302281,2066303281,2066304281,2066305281,2066306281
"linear_iid_n2000",480,2066292282,2066322282,2066352282,2066302282,2066303282,2066304282,2066305282,2066306282
"linear_iid_n2000",481,2066292283,2066322283,2066352283,2066302283,2066303283,2066304283,2066305283,2066306283
"linear_iid_n2000",482,2066292284,2066322284,2066352284,2066302284,2066303284,2066304284,2066305284,2066306284
"linear_iid_n2000",483,2066292285,2066322285,2066352285,2066302285,2066303285,2066304285,2066305285,2066306285
"linear_iid_n2000",484,2066292286,2066322286,2066352286,2066302286,2066303286,2066304286,2066305286,2066306286
"linear_iid_n2000",485,2066292287,2066322287,2066352287,2066302287,2066303287,2066304287,2066305287,2066306287
"linear_iid_n2000",486,2066292288,2066322288,2066352288,2066302288,2066303288,2066304288,2066305288,2066306288
"linear_iid_n2000",487,2066292289,2066322289,2066352289,2066302289,2066303289,2066304289,2066305289,2066306289
"linear_iid_n2000",488,2066292290,2066322290,2066352290,2066302290,2066303290,2066304290,2066305290,2066306290
"linear_iid_n2000",489,2066292291,2066322291,2066352291,2066302291,2066303291,2066304291,2066305291,2066306291
"linear_iid_n2000",490,2066292292,2066322292,2066352292,2066302292,2066303292,2066304292,2066305292,2066306292
"linear_iid_n2000",491,2066292293,2066322293,2066352293,2066302293,2066303293,2066304293,2066305293,2066306293
"linear_iid_n2000",492,2066292294,2066322294,2066352294,2066302294,2066303294,2066304294,2066305294,2066306294
"linear_iid_n2000",493,2066292295,2066322295,2066352295,2066302295,2066303295,2066304295,2066305295,2066306295
"linear_iid_n2000",494,2066292296,2066322296,2066352296,2066302296,2066303296,2066304296,2066305296,2066306296
"linear_iid_n2000",495,2066292297,2066322297,2066352297,2066302297,2066303297,2066304297,2066305297,2066306297
"linear_iid_n2000",496,2066292298,2066322298,2066352298,2066302298,2066303298,2066304298,2066305298,2066306298
"linear_iid_n2000",497,2066292299,2066322299,2066352299,2066302299,2066303299,2066304299,2066305299,2066306299
"linear_iid_n2000",498,2066292300,2066322300,2066352300,2066302300,2066303300,2066304300,2066305300,2066306300
"linear_iid_n2000",499,2066292301,2066322301,2066352301,2066302301,2066303301,2066304301,2066305301,2066306301
"linear_iid_n2000",500,2066292302,2066322302,2066352302,2066302302,2066303302,2066304302,2066305302,2066306302
"linear_iid_n2000",501,2066292303,2066322303,2066352303,2066302303,2066303303,2066304303,2066305303,2066306303
"linear_iid_n2000",502,2066292304,2066322304,2066352304,2066302304,2066303304,2066304304,2066305304,2066306304
"linear_iid_n2000",503,2066292305,2066322305,2066352305,2066302305,2066303305,2066304305,2066305305,2066306305
"linear_iid_n2000",504,2066292306,2066322306,2066352306,2066302306,2066303306,2066304306,2066305306,2066306306
"linear_iid_n2000",505,2066292307,2066322307,2066352307,2066302307,2066303307,2066304307,2066305307,2066306307
"linear_iid_n2000",506,2066292308,2066322308,2066352308,2066302308,2066303308,2066304308,2066305308,2066306308
"linear_iid_n2000",507,2066292309,2066322309,2066352309,2066302309,2066303309,2066304309,2066305309,2066306309
"linear_iid_n2000",508,2066292310,2066322310,2066352310,2066302310,2066303310,2066304310,2066305310,2066306310
"linear_iid_n2000",509,2066292311,2066322311,2066352311,2066302311,2066303311,2066304311,2066305311,2066306311
"linear_iid_n2000",510,2066292312,2066322312,2066352312,2066302312,2066303312,2066304312,2066305312,2066306312
"linear_iid_n2000",511,2066292313,2066322313,2066352313,2066302313,2066303313,2066304313,2066305313,2066306313
"linear_iid_n2000",512,2066292314,2066322314,2066352314,2066302314,2066303314,2066304314,2066305314,2066306314
"linear_iid_n2000",513,2066292315,2066322315,2066352315,2066302315,2066303315,2066304315,2066305315,2066306315
"linear_iid_n2000",514,2066292316,2066322316,2066352316,2066302316,2066303316,2066304316,2066305316,2066306316
"linear_iid_n2000",515,2066292317,2066322317,2066352317,2066302317,2066303317,2066304317,2066305317,2066306317
"linear_iid_n2000",516,2066292318,2066322318,2066352318,2066302318,2066303318,2066304318,2066305318,2066306318
"linear_iid_n2000",517,2066292319,2066322319,2066352319,2066302319,2066303319,2066304319,2066305319,2066306319
"linear_iid_n2000",518,2066292320,2066322320,2066352320,2066302320,2066303320,2066304320,2066305320,2066306320
"linear_iid_n2000",519,2066292321,2066322321,2066352321,2066302321,2066303321,2066304321,2066305321,2066306321
"linear_iid_n2000",520,2066292322,2066322322,2066352322,2066302322,2066303322,2066304322,2066305322,2066306322
"linear_iid_n2000",521,2066292323,2066322323,2066352323,2066302323,2066303323,2066304323,2066305323,2066306323
"linear_iid_n2000",522,2066292324,2066322324,2066352324,2066302324,2066303324,2066304324,2066305324,2066306324
"linear_iid_n2000",523,2066292325,2066322325,2066352325,2066302325,2066303325,2066304325,2066305325,2066306325
"linear_iid_n2000",524,2066292326,2066322326,2066352326,2066302326,2066303326,2066304326,2066305326,2066306326
"linear_iid_n2000",525,2066292327,2066322327,2066352327,2066302327,2066303327,2066304327,2066305327,2066306327
"linear_iid_n2000",526,2066292328,2066322328,2066352328,2066302328,2066303328,2066304328,2066305328,2066306328
"linear_iid_n2000",527,2066292329,2066322329,2066352329,2066302329,2066303329,2066304329,2066305329,2066306329
"linear_iid_n2000",528,2066292330,2066322330,2066352330,2066302330,2066303330,2066304330,2066305330,2066306330
"linear_iid_n2000",529,2066292331,2066322331,2066352331,2066302331,2066303331,2066304331,2066305331,2066306331
"linear_iid_n2000",530,2066292332,2066322332,2066352332,2066302332,2066303332,2066304332,2066305332,2066306332
"linear_iid_n2000",531,2066292333,2066322333,2066352333,2066302333,2066303333,2066304333,2066305333,2066306333
"linear_iid_n2000",532,2066292334,2066322334,2066352334,2066302334,2066303334,2066304334,2066305334,2066306334
"linear_iid_n2000",533,2066292335,2066322335,2066352335,2066302335,2066303335,2066304335,2066305335,2066306335
"linear_iid_n2000",534,2066292336,2066322336,2066352336,2066302336,2066303336,2066304336,2066305336,2066306336
"linear_iid_n2000",535,2066292337,2066322337,2066352337,2066302337,2066303337,2066304337,2066305337,2066306337
"linear_iid_n2000",536,2066292338,2066322338,2066352338,2066302338,2066303338,2066304338,2066305338,2066306338
"linear_iid_n2000",537,2066292339,2066322339,2066352339,2066302339,2066303339,2066304339,2066305339,2066306339
"linear_iid_n2000",538,2066292340,2066322340,2066352340,2066302340,2066303340,2066304340,2066305340,2066306340
"linear_iid_n2000",539,2066292341,2066322341,2066352341,2066302341,2066303341,2066304341,2066305341,2066306341
"linear_iid_n2000",540,2066292342,2066322342,2066352342,2066302342,2066303342,2066304342,2066305342,2066306342
"linear_iid_n2000",541,2066292343,2066322343,2066352343,2066302343,2066303343,2066304343,2066305343,2066306343
"linear_iid_n2000",542,2066292344,2066322344,2066352344,2066302344,2066303344,2066304344,2066305344,2066306344
"linear_iid_n2000",543,2066292345,2066322345,2066352345,2066302345,2066303345,2066304345,2066305345,2066306345
"linear_iid_n2000",544,2066292346,2066322346,2066352346,2066302346,2066303346,2066304346,2066305346,2066306346
"linear_iid_n2000",545,2066292347,2066322347,2066352347,2066302347,2066303347,2066304347,2066305347,2066306347
"linear_iid_n2000",546,2066292348,2066322348,2066352348,2066302348,2066303348,2066304348,2066305348,2066306348
"linear_iid_n2000",547,2066292349,2066322349,2066352349,2066302349,2066303349,2066304349,2066305349,2066306349
"linear_iid_n2000",548,2066292350,2066322350,2066352350,2066302350,2066303350,2066304350,2066305350,2066306350
"linear_iid_n2000",549,2066292351,2066322351,2066352351,2066302351,2066303351,2066304351,2066305351,2066306351
"linear_iid_n2000",550,2066292352,2066322352,2066352352,2066302352,2066303352,2066304352,2066305352,2066306352
"linear_iid_n2000",551,2066292353,2066322353,2066352353,2066302353,2066303353,2066304353,2066305353,2066306353
"linear_iid_n2000",552,2066292354,2066322354,2066352354,2066302354,2066303354,2066304354,2066305354,2066306354
"linear_iid_n2000",553,2066292355,2066322355,2066352355,2066302355,2066303355,2066304355,2066305355,2066306355
"linear_iid_n2000",554,2066292356,2066322356,2066352356,2066302356,2066303356,2066304356,2066305356,2066306356
"linear_iid_n2000",555,2066292357,2066322357,2066352357,2066302357,2066303357,2066304357,2066305357,2066306357
"linear_iid_n2000",556,2066292358,2066322358,2066352358,2066302358,2066303358,2066304358,2066305358,2066306358
"linear_iid_n2000",557,2066292359,2066322359,2066352359,2066302359,2066303359,2066304359,2066305359,2066306359
"linear_iid_n2000",558,2066292360,2066322360,2066352360,2066302360,2066303360,2066304360,2066305360,2066306360
"linear_iid_n2000",559,2066292361,2066322361,2066352361,2066302361,2066303361,2066304361,2066305361,2066306361
"linear_iid_n2000",560,2066292362,2066322362,2066352362,2066302362,2066303362,2066304362,2066305362,2066306362
"linear_iid_n2000",561,2066292363,2066322363,2066352363,2066302363,2066303363,2066304363,2066305363,2066306363
"linear_iid_n2000",562,2066292364,2066322364,2066352364,2066302364,2066303364,2066304364,2066305364,2066306364
"linear_iid_n2000",563,2066292365,2066322365,2066352365,2066302365,2066303365,2066304365,2066305365,2066306365
"linear_iid_n2000",564,2066292366,2066322366,2066352366,2066302366,2066303366,2066304366,2066305366,2066306366
"linear_iid_n2000",565,2066292367,2066322367,2066352367,2066302367,2066303367,2066304367,2066305367,2066306367
"linear_iid_n2000",566,2066292368,2066322368,2066352368,2066302368,2066303368,2066304368,2066305368,2066306368
"linear_iid_n2000",567,2066292369,2066322369,2066352369,2066302369,2066303369,2066304369,2066305369,2066306369
"linear_iid_n2000",568,2066292370,2066322370,2066352370,2066302370,2066303370,2066304370,2066305370,2066306370
"linear_iid_n2000",569,2066292371,2066322371,2066352371,2066302371,2066303371,2066304371,2066305371,2066306371
"linear_iid_n2000",570,2066292372,2066322372,2066352372,2066302372,2066303372,2066304372,2066305372,2066306372
"linear_iid_n2000",571,2066292373,2066322373,2066352373,2066302373,2066303373,2066304373,2066305373,2066306373
"linear_iid_n2000",572,2066292374,2066322374,2066352374,2066302374,2066303374,2066304374,2066305374,2066306374
"linear_iid_n2000",573,2066292375,2066322375,2066352375,2066302375,2066303375,2066304375,2066305375,2066306375
"linear_iid_n2000",574,2066292376,2066322376,2066352376,2066302376,2066303376,2066304376,2066305376,2066306376
"linear_iid_n2000",575,2066292377,2066322377,2066352377,2066302377,2066303377,2066304377,2066305377,2066306377
"linear_iid_n2000",576,2066292378,2066322378,2066352378,2066302378,2066303378,2066304378,2066305378,2066306378
"linear_iid_n2000",577,2066292379,2066322379,2066352379,2066302379,2066303379,2066304379,2066305379,2066306379
"linear_iid_n2000",578,2066292380,2066322380,2066352380,2066302380,2066303380,2066304380,2066305380,2066306380
"linear_iid_n2000",579,2066292381,2066322381,2066352381,2066302381,2066303381,2066304381,2066305381,2066306381
"linear_iid_n2000",580,2066292382,2066322382,2066352382,2066302382,2066303382,2066304382,2066305382,2066306382
"linear_iid_n2000",581,2066292383,2066322383,2066352383,2066302383,2066303383,2066304383,2066305383,2066306383
"linear_iid_n2000",582,2066292384,2066322384,2066352384,2066302384,2066303384,2066304384,2066305384,2066306384
"linear_iid_n2000",583,2066292385,2066322385,2066352385,2066302385,2066303385,2066304385,2066305385,2066306385
"linear_iid_n2000",584,2066292386,2066322386,2066352386,2066302386,2066303386,2066304386,2066305386,2066306386
"linear_iid_n2000",585,2066292387,2066322387,2066352387,2066302387,2066303387,2066304387,2066305387,2066306387
"linear_iid_n2000",586,2066292388,2066322388,2066352388,2066302388,2066303388,2066304388,2066305388,2066306388
"linear_iid_n2000",587,2066292389,2066322389,2066352389,2066302389,2066303389,2066304389,2066305389,2066306389
"linear_iid_n2000",588,2066292390,2066322390,2066352390,2066302390,2066303390,2066304390,2066305390,2066306390
"linear_iid_n2000",589,2066292391,2066322391,2066352391,2066302391,2066303391,2066304391,2066305391,2066306391
"linear_iid_n2000",590,2066292392,2066322392,2066352392,2066302392,2066303392,2066304392,2066305392,2066306392
"linear_iid_n2000",591,2066292393,2066322393,2066352393,2066302393,2066303393,2066304393,2066305393,2066306393
"linear_iid_n2000",592,2066292394,2066322394,2066352394,2066302394,2066303394,2066304394,2066305394,2066306394
"linear_iid_n2000",593,2066292395,2066322395,2066352395,2066302395,2066303395,2066304395,2066305395,2066306395
"linear_iid_n2000",594,2066292396,2066322396,2066352396,2066302396,2066303396,2066304396,2066305396,2066306396
"linear_iid_n2000",595,2066292397,2066322397,2066352397,2066302397,2066303397,2066304397,2066305397,2066306397
"linear_iid_n2000",596,2066292398,2066322398,2066352398,2066302398,2066303398,2066304398,2066305398,2066306398
"linear_iid_n2000",597,2066292399,2066322399,2066352399,2066302399,2066303399,2066304399,2066305399,2066306399
"linear_iid_n2000",598,2066292400,2066322400,2066352400,2066302400,2066303400,2066304400,2066305400,2066306400
"linear_iid_n2000",599,2066292401,2066322401,2066352401,2066302401,2066303401,2066304401,2066305401,2066306401
"linear_iid_n2000",600,2066292402,2066322402,2066352402,2066302402,2066303402,2066304402,2066305402,2066306402
"linear_iid_n2000",601,2066292403,2066322403,2066352403,2066302403,2066303403,2066304403,2066305403,2066306403
"linear_iid_n2000",602,2066292404,2066322404,2066352404,2066302404,2066303404,2066304404,2066305404,2066306404
"linear_iid_n2000",603,2066292405,2066322405,2066352405,2066302405,2066303405,2066304405,2066305405,2066306405
"linear_iid_n2000",604,2066292406,2066322406,2066352406,2066302406,2066303406,2066304406,2066305406,2066306406
"linear_iid_n2000",605,2066292407,2066322407,2066352407,2066302407,2066303407,2066304407,2066305407,2066306407
"linear_iid_n2000",606,2066292408,2066322408,2066352408,2066302408,2066303408,2066304408,2066305408,2066306408
"linear_iid_n2000",607,2066292409,2066322409,2066352409,2066302409,2066303409,2066304409,2066305409,2066306409
"linear_iid_n2000",608,2066292410,2066322410,2066352410,2066302410,2066303410,2066304410,2066305410,2066306410
"linear_iid_n2000",609,2066292411,2066322411,2066352411,2066302411,2066303411,2066304411,2066305411,2066306411
"linear_iid_n2000",610,2066292412,2066322412,2066352412,2066302412,2066303412,2066304412,2066305412,2066306412
"linear_iid_n2000",611,2066292413,2066322413,2066352413,2066302413,2066303413,2066304413,2066305413,2066306413
"linear_iid_n2000",612,2066292414,2066322414,2066352414,2066302414,2066303414,2066304414,2066305414,2066306414
"linear_iid_n2000",613,2066292415,2066322415,2066352415,2066302415,2066303415,2066304415,2066305415,2066306415
"linear_iid_n2000",614,2066292416,2066322416,2066352416,2066302416,2066303416,2066304416,2066305416,2066306416
"linear_iid_n2000",615,2066292417,2066322417,2066352417,2066302417,2066303417,2066304417,2066305417,2066306417
"linear_iid_n2000",616,2066292418,2066322418,2066352418,2066302418,2066303418,2066304418,2066305418,2066306418
"linear_iid_n2000",617,2066292419,2066322419,2066352419,2066302419,2066303419,2066304419,2066305419,2066306419
"linear_iid_n2000",618,2066292420,2066322420,2066352420,2066302420,2066303420,2066304420,2066305420,2066306420
"linear_iid_n2000",619,2066292421,2066322421,2066352421,2066302421,2066303421,2066304421,2066305421,2066306421
"linear_iid_n2000",620,2066292422,2066322422,2066352422,2066302422,2066303422,2066304422,2066305422,2066306422
"linear_iid_n2000",621,2066292423,2066322423,2066352423,2066302423,2066303423,2066304423,2066305423,2066306423
"linear_iid_n2000",622,2066292424,2066322424,2066352424,2066302424,2066303424,2066304424,2066305424,2066306424
"linear_iid_n2000",623,2066292425,2066322425,2066352425,2066302425,2066303425,2066304425,2066305425,2066306425
"linear_iid_n2000",624,2066292426,2066322426,2066352426,2066302426,2066303426,2066304426,2066305426,2066306426
"linear_iid_n2000",625,2066292427,2066322427,2066352427,2066302427,2066303427,2066304427,2066305427,2066306427
"linear_iid_n2000",626,2066292428,2066322428,2066352428,2066302428,2066303428,2066304428,2066305428,2066306428
"linear_iid_n2000",627,2066292429,2066322429,2066352429,2066302429,2066303429,2066304429,2066305429,2066306429
"linear_iid_n2000",628,2066292430,2066322430,2066352430,2066302430,2066303430,2066304430,2066305430,2066306430
"linear_iid_n2000",629,2066292431,2066322431,2066352431,2066302431,2066303431,2066304431,2066305431,2066306431
"linear_iid_n2000",630,2066292432,2066322432,2066352432,2066302432,2066303432,2066304432,2066305432,2066306432
"linear_iid_n2000",631,2066292433,2066322433,2066352433,2066302433,2066303433,2066304433,2066305433,2066306433
"linear_iid_n2000",632,2066292434,2066322434,2066352434,2066302434,2066303434,2066304434,2066305434,2066306434
"linear_iid_n2000",633,2066292435,2066322435,2066352435,2066302435,2066303435,2066304435,2066305435,2066306435
"linear_iid_n2000",634,2066292436,2066322436,2066352436,2066302436,2066303436,2066304436,2066305436,2066306436
"linear_iid_n2000",635,2066292437,2066322437,2066352437,2066302437,2066303437,2066304437,2066305437,2066306437
"linear_iid_n2000",636,2066292438,2066322438,2066352438,2066302438,2066303438,2066304438,2066305438,2066306438
"linear_iid_n2000",637,2066292439,2066322439,2066352439,2066302439,2066303439,2066304439,2066305439,2066306439
"linear_iid_n2000",638,2066292440,2066322440,2066352440,2066302440,2066303440,2066304440,2066305440,2066306440
"linear_iid_n2000",639,2066292441,2066322441,2066352441,2066302441,2066303441,2066304441,2066305441,2066306441
"linear_iid_n2000",640,2066292442,2066322442,2066352442,2066302442,2066303442,2066304442,2066305442,2066306442
"linear_iid_n2000",641,2066292443,2066322443,2066352443,2066302443,2066303443,2066304443,2066305443,2066306443
"linear_iid_n2000",642,2066292444,2066322444,2066352444,2066302444,2066303444,2066304444,2066305444,2066306444
"linear_iid_n2000",643,2066292445,2066322445,2066352445,2066302445,2066303445,2066304445,2066305445,2066306445
"linear_iid_n2000",644,2066292446,2066322446,2066352446,2066302446,2066303446,2066304446,2066305446,2066306446
"linear_iid_n2000",645,2066292447,2066322447,2066352447,2066302447,2066303447,2066304447,2066305447,2066306447
"linear_iid_n2000",646,2066292448,2066322448,2066352448,2066302448,2066303448,2066304448,2066305448,2066306448
"linear_iid_n2000",647,2066292449,2066322449,2066352449,2066302449,2066303449,2066304449,2066305449,2066306449
"linear_iid_n2000",648,2066292450,2066322450,2066352450,2066302450,2066303450,2066304450,2066305450,2066306450
"linear_iid_n2000",649,2066292451,2066322451,2066352451,2066302451,2066303451,2066304451,2066305451,2066306451
"linear_iid_n2000",650,2066292452,2066322452,2066352452,2066302452,2066303452,2066304452,2066305452,2066306452
"linear_iid_n2000",651,2066292453,2066322453,2066352453,2066302453,2066303453,2066304453,2066305453,2066306453
"linear_iid_n2000",652,2066292454,2066322454,2066352454,2066302454,2066303454,2066304454,2066305454,2066306454
"linear_iid_n2000",653,2066292455,2066322455,2066352455,2066302455,2066303455,2066304455,2066305455,2066306455
"linear_iid_n2000",654,2066292456,2066322456,2066352456,2066302456,2066303456,2066304456,2066305456,2066306456
"linear_iid_n2000",655,2066292457,2066322457,2066352457,2066302457,2066303457,2066304457,2066305457,2066306457
"linear_iid_n2000",656,2066292458,2066322458,2066352458,2066302458,2066303458,2066304458,2066305458,2066306458
"linear_iid_n2000",657,2066292459,2066322459,2066352459,2066302459,2066303459,2066304459,2066305459,2066306459
"linear_iid_n2000",658,2066292460,2066322460,2066352460,2066302460,2066303460,2066304460,2066305460,2066306460
"linear_iid_n2000",659,2066292461,2066322461,2066352461,2066302461,2066303461,2066304461,2066305461,2066306461
"linear_iid_n2000",660,2066292462,2066322462,2066352462,2066302462,2066303462,2066304462,2066305462,2066306462
"linear_iid_n2000",661,2066292463,2066322463,2066352463,2066302463,2066303463,2066304463,2066305463,2066306463
"linear_iid_n2000",662,2066292464,2066322464,2066352464,2066302464,2066303464,2066304464,2066305464,2066306464
"linear_iid_n2000",663,2066292465,2066322465,2066352465,2066302465,2066303465,2066304465,2066305465,2066306465
"linear_iid_n2000",664,2066292466,2066322466,2066352466,2066302466,2066303466,2066304466,2066305466,2066306466
"linear_iid_n2000",665,2066292467,2066322467,2066352467,2066302467,2066303467,2066304467,2066305467,2066306467
"linear_iid_n2000",666,2066292468,2066322468,2066352468,2066302468,2066303468,2066304468,2066305468,2066306468
"linear_iid_n2000",667,2066292469,2066322469,2066352469,2066302469,2066303469,2066304469,2066305469,2066306469
"linear_iid_n2000",668,2066292470,2066322470,2066352470,2066302470,2066303470,2066304470,2066305470,2066306470
"linear_iid_n2000",669,2066292471,2066322471,2066352471,2066302471,2066303471,2066304471,2066305471,2066306471
"linear_iid_n2000",670,2066292472,2066322472,2066352472,2066302472,2066303472,2066304472,2066305472,2066306472
"linear_iid_n2000",671,2066292473,2066322473,2066352473,2066302473,2066303473,2066304473,2066305473,2066306473
"linear_iid_n2000",672,2066292474,2066322474,2066352474,2066302474,2066303474,2066304474,2066305474,2066306474
"linear_iid_n2000",673,2066292475,2066322475,2066352475,2066302475,2066303475,2066304475,2066305475,2066306475
"linear_iid_n2000",674,2066292476,2066322476,2066352476,2066302476,2066303476,2066304476,2066305476,2066306476
"linear_iid_n2000",675,2066292477,2066322477,2066352477,2066302477,2066303477,2066304477,2066305477,2066306477
"linear_iid_n2000",676,2066292478,2066322478,2066352478,2066302478,2066303478,2066304478,2066305478,2066306478
"linear_iid_n2000",677,2066292479,2066322479,2066352479,2066302479,2066303479,2066304479,2066305479,2066306479
"linear_iid_n2000",678,2066292480,2066322480,2066352480,2066302480,2066303480,2066304480,2066305480,2066306480
"linear_iid_n2000",679,2066292481,2066322481,2066352481,2066302481,2066303481,2066304481,2066305481,2066306481
"linear_iid_n2000",680,2066292482,2066322482,2066352482,2066302482,2066303482,2066304482,2066305482,2066306482
"linear_iid_n2000",681,2066292483,2066322483,2066352483,2066302483,2066303483,2066304483,2066305483,2066306483
"linear_iid_n2000",682,2066292484,2066322484,2066352484,2066302484,2066303484,2066304484,2066305484,2066306484
"linear_iid_n2000",683,2066292485,2066322485,2066352485,2066302485,2066303485,2066304485,2066305485,2066306485
"linear_iid_n2000",684,2066292486,2066322486,2066352486,2066302486,2066303486,2066304486,2066305486,2066306486
"linear_iid_n2000",685,2066292487,2066322487,2066352487,2066302487,2066303487,2066304487,2066305487,2066306487
"linear_iid_n2000",686,2066292488,2066322488,2066352488,2066302488,2066303488,2066304488,2066305488,2066306488
"linear_iid_n2000",687,2066292489,2066322489,2066352489,2066302489,2066303489,2066304489,2066305489,2066306489
"linear_iid_n2000",688,2066292490,2066322490,2066352490,2066302490,2066303490,2066304490,2066305490,2066306490
"linear_iid_n2000",689,2066292491,2066322491,2066352491,2066302491,2066303491,2066304491,2066305491,2066306491
"linear_iid_n2000",690,2066292492,2066322492,2066352492,2066302492,2066303492,2066304492,2066305492,2066306492
"linear_iid_n2000",691,2066292493,2066322493,2066352493,2066302493,2066303493,2066304493,2066305493,2066306493
"linear_iid_n2000",692,2066292494,2066322494,2066352494,2066302494,2066303494,2066304494,2066305494,2066306494
"linear_iid_n2000",693,2066292495,2066322495,2066352495,2066302495,2066303495,2066304495,2066305495,2066306495
"linear_iid_n2000",694,2066292496,2066322496,2066352496,2066302496,2066303496,2066304496,2066305496,2066306496
"linear_iid_n2000",695,2066292497,2066322497,2066352497,2066302497,2066303497,2066304497,2066305497,2066306497
"linear_iid_n2000",696,2066292498,2066322498,2066352498,2066302498,2066303498,2066304498,2066305498,2066306498
"linear_iid_n2000",697,2066292499,2066322499,2066352499,2066302499,2066303499,2066304499,2066305499,2066306499
"linear_iid_n2000",698,2066292500,2066322500,2066352500,2066302500,2066303500,2066304500,2066305500,2066306500
"linear_iid_n2000",699,2066292501,2066322501,2066352501,2066302501,2066303501,2066304501,2066305501,2066306501
"linear_iid_n2000",700,2066292502,2066322502,2066352502,2066302502,2066303502,2066304502,2066305502,2066306502
"linear_iid_n2000",701,2066292503,2066322503,2066352503,2066302503,2066303503,2066304503,2066305503,2066306503
"linear_iid_n2000",702,2066292504,2066322504,2066352504,2066302504,2066303504,2066304504,2066305504,2066306504
"linear_iid_n2000",703,2066292505,2066322505,2066352505,2066302505,2066303505,2066304505,2066305505,2066306505
"linear_iid_n2000",704,2066292506,2066322506,2066352506,2066302506,2066303506,2066304506,2066305506,2066306506
"linear_iid_n2000",705,2066292507,2066322507,2066352507,2066302507,2066303507,2066304507,2066305507,2066306507
"linear_iid_n2000",706,2066292508,2066322508,2066352508,2066302508,2066303508,2066304508,2066305508,2066306508
"linear_iid_n2000",707,2066292509,2066322509,2066352509,2066302509,2066303509,2066304509,2066305509,2066306509
"linear_iid_n2000",708,2066292510,2066322510,2066352510,2066302510,2066303510,2066304510,2066305510,2066306510
"linear_iid_n2000",709,2066292511,2066322511,2066352511,2066302511,2066303511,2066304511,2066305511,2066306511
"linear_iid_n2000",710,2066292512,2066322512,2066352512,2066302512,2066303512,2066304512,2066305512,2066306512
"linear_iid_n2000",711,2066292513,2066322513,2066352513,2066302513,2066303513,2066304513,2066305513,2066306513
"linear_iid_n2000",712,2066292514,2066322514,2066352514,2066302514,2066303514,2066304514,2066305514,2066306514
"linear_iid_n2000",713,2066292515,2066322515,2066352515,2066302515,2066303515,2066304515,2066305515,2066306515
"linear_iid_n2000",714,2066292516,2066322516,2066352516,2066302516,2066303516,2066304516,2066305516,2066306516
"linear_iid_n2000",715,2066292517,2066322517,2066352517,2066302517,2066303517,2066304517,2066305517,2066306517
"linear_iid_n2000",716,2066292518,2066322518,2066352518,2066302518,2066303518,2066304518,2066305518,2066306518
"linear_iid_n2000",717,2066292519,2066322519,2066352519,2066302519,2066303519,2066304519,2066305519,2066306519
"linear_iid_n2000",718,2066292520,2066322520,2066352520,2066302520,2066303520,2066304520,2066305520,2066306520
"linear_iid_n2000",719,2066292521,2066322521,2066352521,2066302521,2066303521,2066304521,2066305521,2066306521
"linear_iid_n2000",720,2066292522,2066322522,2066352522,2066302522,2066303522,2066304522,2066305522,2066306522
"linear_iid_n2000",721,2066292523,2066322523,2066352523,2066302523,2066303523,2066304523,2066305523,2066306523
"linear_iid_n2000",722,2066292524,2066322524,2066352524,2066302524,2066303524,2066304524,2066305524,2066306524
"linear_iid_n2000",723,2066292525,2066322525,2066352525,2066302525,2066303525,2066304525,2066305525,2066306525
"linear_iid_n2000",724,2066292526,2066322526,2066352526,2066302526,2066303526,2066304526,2066305526,2066306526
"linear_iid_n2000",725,2066292527,2066322527,2066352527,2066302527,2066303527,2066304527,2066305527,2066306527
"linear_iid_n2000",726,2066292528,2066322528,2066352528,2066302528,2066303528,2066304528,2066305528,2066306528
"linear_iid_n2000",727,2066292529,2066322529,2066352529,2066302529,2066303529,2066304529,2066305529,2066306529
"linear_iid_n2000",728,2066292530,2066322530,2066352530,2066302530,2066303530,2066304530,2066305530,2066306530
"linear_iid_n2000",729,2066292531,2066322531,2066352531,2066302531,2066303531,2066304531,2066305531,2066306531
"linear_iid_n2000",730,2066292532,2066322532,2066352532,2066302532,2066303532,2066304532,2066305532,2066306532
"linear_iid_n2000",731,2066292533,2066322533,2066352533,2066302533,2066303533,2066304533,2066305533,2066306533
"linear_iid_n2000",732,2066292534,2066322534,2066352534,2066302534,2066303534,2066304534,2066305534,2066306534
"linear_iid_n2000",733,2066292535,2066322535,2066352535,2066302535,2066303535,2066304535,2066305535,2066306535
"linear_iid_n2000",734,2066292536,2066322536,2066352536,2066302536,2066303536,2066304536,2066305536,2066306536
"linear_iid_n2000",735,2066292537,2066322537,2066352537,2066302537,2066303537,2066304537,2066305537,2066306537
"linear_iid_n2000",736,2066292538,2066322538,2066352538,2066302538,2066303538,2066304538,2066305538,2066306538
"linear_iid_n2000",737,2066292539,2066322539,2066352539,2066302539,2066303539,2066304539,2066305539,2066306539
"linear_iid_n2000",738,2066292540,2066322540,2066352540,2066302540,2066303540,2066304540,2066305540,2066306540
"linear_iid_n2000",739,2066292541,2066322541,2066352541,2066302541,2066303541,2066304541,2066305541,2066306541
"linear_iid_n2000",740,2066292542,2066322542,2066352542,2066302542,2066303542,2066304542,2066305542,2066306542
"linear_iid_n2000",741,2066292543,2066322543,2066352543,2066302543,2066303543,2066304543,2066305543,2066306543
"linear_iid_n2000",742,2066292544,2066322544,2066352544,2066302544,2066303544,2066304544,2066305544,2066306544
"linear_iid_n2000",743,2066292545,2066322545,2066352545,2066302545,2066303545,2066304545,2066305545,2066306545
"linear_iid_n2000",744,2066292546,2066322546,2066352546,2066302546,2066303546,2066304546,2066305546,2066306546
"linear_iid_n2000",745,2066292547,2066322547,2066352547,2066302547,2066303547,2066304547,2066305547,2066306547
"linear_iid_n2000",746,2066292548,2066322548,2066352548,2066302548,2066303548,2066304548,2066305548,2066306548
"linear_iid_n2000",747,2066292549,2066322549,2066352549,2066302549,2066303549,2066304549,2066305549,2066306549
"linear_iid_n2000",748,2066292550,2066322550,2066352550,2066302550,2066303550,2066304550,2066305550,2066306550
"linear_iid_n2000",749,2066292551,2066322551,2066352551,2066302551,2066303551,2066304551,2066305551,2066306551
"linear_iid_n2000",750,2066292552,2066322552,2066352552,2066302552,2066303552,2066304552,2066305552,2066306552
"linear_iid_n2000",751,2066292553,2066322553,2066352553,2066302553,2066303553,2066304553,2066305553,2066306553
"linear_iid_n2000",752,2066292554,2066322554,2066352554,2066302554,2066303554,2066304554,2066305554,2066306554
"linear_iid_n2000",753,2066292555,2066322555,2066352555,2066302555,2066303555,2066304555,2066305555,2066306555
"linear_iid_n2000",754,2066292556,2066322556,2066352556,2066302556,2066303556,2066304556,2066305556,2066306556
"linear_iid_n2000",755,2066292557,2066322557,2066352557,2066302557,2066303557,2066304557,2066305557,2066306557
"linear_iid_n2000",756,2066292558,2066322558,2066352558,2066302558,2066303558,2066304558,2066305558,2066306558
"linear_iid_n2000",757,2066292559,2066322559,2066352559,2066302559,2066303559,2066304559,2066305559,2066306559
"linear_iid_n2000",758,2066292560,2066322560,2066352560,2066302560,2066303560,2066304560,2066305560,2066306560
"linear_iid_n2000",759,2066292561,2066322561,2066352561,2066302561,2066303561,2066304561,2066305561,2066306561
"linear_iid_n2000",760,2066292562,2066322562,2066352562,2066302562,2066303562,2066304562,2066305562,2066306562
"linear_iid_n2000",761,2066292563,2066322563,2066352563,2066302563,2066303563,2066304563,2066305563,2066306563
"linear_iid_n2000",762,2066292564,2066322564,2066352564,2066302564,2066303564,2066304564,2066305564,2066306564
"linear_iid_n2000",763,2066292565,2066322565,2066352565,2066302565,2066303565,2066304565,2066305565,2066306565
"linear_iid_n2000",764,2066292566,2066322566,2066352566,2066302566,2066303566,2066304566,2066305566,2066306566
"linear_iid_n2000",765,2066292567,2066322567,2066352567,2066302567,2066303567,2066304567,2066305567,2066306567
"linear_iid_n2000",766,2066292568,2066322568,2066352568,2066302568,2066303568,2066304568,2066305568,2066306568
"linear_iid_n2000",767,2066292569,2066322569,2066352569,2066302569,2066303569,2066304569,2066305569,2066306569
"linear_iid_n2000",768,2066292570,2066322570,2066352570,2066302570,2066303570,2066304570,2066305570,2066306570
"linear_iid_n2000",769,2066292571,2066322571,2066352571,2066302571,2066303571,2066304571,2066305571,2066306571
"linear_iid_n2000",770,2066292572,2066322572,2066352572,2066302572,2066303572,2066304572,2066305572,2066306572
"linear_iid_n2000",771,2066292573,2066322573,2066352573,2066302573,2066303573,2066304573,2066305573,2066306573
"linear_iid_n2000",772,2066292574,2066322574,2066352574,2066302574,2066303574,2066304574,2066305574,2066306574
"linear_iid_n2000",773,2066292575,2066322575,2066352575,2066302575,2066303575,2066304575,2066305575,2066306575
"linear_iid_n2000",774,2066292576,2066322576,2066352576,2066302576,2066303576,2066304576,2066305576,2066306576
"linear_iid_n2000",775,2066292577,2066322577,2066352577,2066302577,2066303577,2066304577,2066305577,2066306577
"linear_iid_n2000",776,2066292578,2066322578,2066352578,2066302578,2066303578,2066304578,2066305578,2066306578
"linear_iid_n2000",777,2066292579,2066322579,2066352579,2066302579,2066303579,2066304579,2066305579,2066306579
"linear_iid_n2000",778,2066292580,2066322580,2066352580,2066302580,2066303580,2066304580,2066305580,2066306580
"linear_iid_n2000",779,2066292581,2066322581,2066352581,2066302581,2066303581,2066304581,2066305581,2066306581
"linear_iid_n2000",780,2066292582,2066322582,2066352582,2066302582,2066303582,2066304582,2066305582,2066306582
"linear_iid_n2000",781,2066292583,2066322583,2066352583,2066302583,2066303583,2066304583,2066305583,2066306583
"linear_iid_n2000",782,2066292584,2066322584,2066352584,2066302584,2066303584,2066304584,2066305584,2066306584
"linear_iid_n2000",783,2066292585,2066322585,2066352585,2066302585,2066303585,2066304585,2066305585,2066306585
"linear_iid_n2000",784,2066292586,2066322586,2066352586,2066302586,2066303586,2066304586,2066305586,2066306586
"linear_iid_n2000",785,2066292587,2066322587,2066352587,2066302587,2066303587,2066304587,2066305587,2066306587
"linear_iid_n2000",786,2066292588,2066322588,2066352588,2066302588,2066303588,2066304588,2066305588,2066306588
"linear_iid_n2000",787,2066292589,2066322589,2066352589,2066302589,2066303589,2066304589,2066305589,2066306589
"linear_iid_n2000",788,2066292590,2066322590,2066352590,2066302590,2066303590,2066304590,2066305590,2066306590
"linear_iid_n2000",789,2066292591,2066322591,2066352591,2066302591,2066303591,2066304591,2066305591,2066306591
"linear_iid_n2000",790,2066292592,2066322592,2066352592,2066302592,2066303592,2066304592,2066305592,2066306592
"linear_iid_n2000",791,2066292593,2066322593,2066352593,2066302593,2066303593,2066304593,2066305593,2066306593
"linear_iid_n2000",792,2066292594,2066322594,2066352594,2066302594,2066303594,2066304594,2066305594,2066306594
"linear_iid_n2000",793,2066292595,2066322595,2066352595,2066302595,2066303595,2066304595,2066305595,2066306595
"linear_iid_n2000",794,2066292596,2066322596,2066352596,2066302596,2066303596,2066304596,2066305596,2066306596
"linear_iid_n2000",795,2066292597,2066322597,2066352597,2066302597,2066303597,2066304597,2066305597,2066306597
"linear_iid_n2000",796,2066292598,2066322598,2066352598,2066302598,2066303598,2066304598,2066305598,2066306598
"linear_iid_n2000",797,2066292599,2066322599,2066352599,2066302599,2066303599,2066304599,2066305599,2066306599
"linear_iid_n2000",798,2066292600,2066322600,2066352600,2066302600,2066303600,2066304600,2066305600,2066306600
"linear_iid_n2000",799,2066292601,2066322601,2066352601,2066302601,2066303601,2066304601,2066305601,2066306601
"linear_iid_n2000",800,2066292602,2066322602,2066352602,2066302602,2066303602,2066304602,2066305602,2066306602
"linear_iid_n2000",801,2066292603,2066322603,2066352603,2066302603,2066303603,2066304603,2066305603,2066306603
"linear_iid_n2000",802,2066292604,2066322604,2066352604,2066302604,2066303604,2066304604,2066305604,2066306604
"linear_iid_n2000",803,2066292605,2066322605,2066352605,2066302605,2066303605,2066304605,2066305605,2066306605
"linear_iid_n2000",804,2066292606,2066322606,2066352606,2066302606,2066303606,2066304606,2066305606,2066306606
"linear_iid_n2000",805,2066292607,2066322607,2066352607,2066302607,2066303607,2066304607,2066305607,2066306607
"linear_iid_n2000",806,2066292608,2066322608,2066352608,2066302608,2066303608,2066304608,2066305608,2066306608
"linear_iid_n2000",807,2066292609,2066322609,2066352609,2066302609,2066303609,2066304609,2066305609,2066306609
"linear_iid_n2000",808,2066292610,2066322610,2066352610,2066302610,2066303610,2066304610,2066305610,2066306610
"linear_iid_n2000",809,2066292611,2066322611,2066352611,2066302611,2066303611,2066304611,2066305611,2066306611
"linear_iid_n2000",810,2066292612,2066322612,2066352612,2066302612,2066303612,2066304612,2066305612,2066306612
"linear_iid_n2000",811,2066292613,2066322613,2066352613,2066302613,2066303613,2066304613,2066305613,2066306613
"linear_iid_n2000",812,2066292614,2066322614,2066352614,2066302614,2066303614,2066304614,2066305614,2066306614
"linear_iid_n2000",813,2066292615,2066322615,2066352615,2066302615,2066303615,2066304615,2066305615,2066306615
"linear_iid_n2000",814,2066292616,2066322616,2066352616,2066302616,2066303616,2066304616,2066305616,2066306616
"linear_iid_n2000",815,2066292617,2066322617,2066352617,2066302617,2066303617,2066304617,2066305617,2066306617
"linear_iid_n2000",816,2066292618,2066322618,2066352618,2066302618,2066303618,2066304618,2066305618,2066306618
"linear_iid_n2000",817,2066292619,2066322619,2066352619,2066302619,2066303619,2066304619,2066305619,2066306619
"linear_iid_n2000",818,2066292620,2066322620,2066352620,2066302620,2066303620,2066304620,2066305620,2066306620
"linear_iid_n2000",819,2066292621,2066322621,2066352621,2066302621,2066303621,2066304621,2066305621,2066306621
"linear_iid_n2000",820,2066292622,2066322622,2066352622,2066302622,2066303622,2066304622,2066305622,2066306622
"linear_iid_n2000",821,2066292623,2066322623,2066352623,2066302623,2066303623,2066304623,2066305623,2066306623
"linear_iid_n2000",822,2066292624,2066322624,2066352624,2066302624,2066303624,2066304624,2066305624,2066306624
"linear_iid_n2000",823,2066292625,2066322625,2066352625,2066302625,2066303625,2066304625,2066305625,2066306625
"linear_iid_n2000",824,2066292626,2066322626,2066352626,2066302626,2066303626,2066304626,2066305626,2066306626
"linear_iid_n2000",825,2066292627,2066322627,2066352627,2066302627,2066303627,2066304627,2066305627,2066306627
"linear_iid_n2000",826,2066292628,2066322628,2066352628,2066302628,2066303628,2066304628,2066305628,2066306628
"linear_iid_n2000",827,2066292629,2066322629,2066352629,2066302629,2066303629,2066304629,2066305629,2066306629
"linear_iid_n2000",828,2066292630,2066322630,2066352630,2066302630,2066303630,2066304630,2066305630,2066306630
"linear_iid_n2000",829,2066292631,2066322631,2066352631,2066302631,2066303631,2066304631,2066305631,2066306631
"linear_iid_n2000",830,2066292632,2066322632,2066352632,2066302632,2066303632,2066304632,2066305632,2066306632
"linear_iid_n2000",831,2066292633,2066322633,2066352633,2066302633,2066303633,2066304633,2066305633,2066306633
"linear_iid_n2000",832,2066292634,2066322634,2066352634,2066302634,2066303634,2066304634,2066305634,2066306634
"linear_iid_n2000",833,2066292635,2066322635,2066352635,2066302635,2066303635,2066304635,2066305635,2066306635
"linear_iid_n2000",834,2066292636,2066322636,2066352636,2066302636,2066303636,2066304636,2066305636,2066306636
"linear_iid_n2000",835,2066292637,2066322637,2066352637,2066302637,2066303637,2066304637,2066305637,2066306637
"linear_iid_n2000",836,2066292638,2066322638,2066352638,2066302638,2066303638,2066304638,2066305638,2066306638
"linear_iid_n2000",837,2066292639,2066322639,2066352639,2066302639,2066303639,2066304639,2066305639,2066306639
"linear_iid_n2000",838,2066292640,2066322640,2066352640,2066302640,2066303640,2066304640,2066305640,2066306640
"linear_iid_n2000",839,2066292641,2066322641,2066352641,2066302641,2066303641,2066304641,2066305641,2066306641
"linear_iid_n2000",840,2066292642,2066322642,2066352642,2066302642,2066303642,2066304642,2066305642,2066306642
"linear_iid_n2000",841,2066292643,2066322643,2066352643,2066302643,2066303643,2066304643,2066305643,2066306643
"linear_iid_n2000",842,2066292644,2066322644,2066352644,2066302644,2066303644,2066304644,2066305644,2066306644
"linear_iid_n2000",843,2066292645,2066322645,2066352645,2066302645,2066303645,2066304645,2066305645,2066306645
"linear_iid_n2000",844,2066292646,2066322646,2066352646,2066302646,2066303646,2066304646,2066305646,2066306646
"linear_iid_n2000",845,2066292647,2066322647,2066352647,2066302647,2066303647,2066304647,2066305647,2066306647
"linear_iid_n2000",846,2066292648,2066322648,2066352648,2066302648,2066303648,2066304648,2066305648,2066306648
"linear_iid_n2000",847,2066292649,2066322649,2066352649,2066302649,2066303649,2066304649,2066305649,2066306649
"linear_iid_n2000",848,2066292650,2066322650,2066352650,2066302650,2066303650,2066304650,2066305650,2066306650
"linear_iid_n2000",849,2066292651,2066322651,2066352651,2066302651,2066303651,2066304651,2066305651,2066306651
"linear_iid_n2000",850,2066292652,2066322652,2066352652,2066302652,2066303652,2066304652,2066305652,2066306652
"linear_iid_n2000",851,2066292653,2066322653,2066352653,2066302653,2066303653,2066304653,2066305653,2066306653
"linear_iid_n2000",852,2066292654,2066322654,2066352654,2066302654,2066303654,2066304654,2066305654,2066306654
"linear_iid_n2000",853,2066292655,2066322655,2066352655,2066302655,2066303655,2066304655,2066305655,2066306655
"linear_iid_n2000",854,2066292656,2066322656,2066352656,2066302656,2066303656,2066304656,2066305656,2066306656
"linear_iid_n2000",855,2066292657,2066322657,2066352657,2066302657,2066303657,2066304657,2066305657,2066306657
"linear_iid_n2000",856,2066292658,2066322658,2066352658,2066302658,2066303658,2066304658,2066305658,2066306658
"linear_iid_n2000",857,2066292659,2066322659,2066352659,2066302659,2066303659,2066304659,2066305659,2066306659
"linear_iid_n2000",858,2066292660,2066322660,2066352660,2066302660,2066303660,2066304660,2066305660,2066306660
"linear_iid_n2000",859,2066292661,2066322661,2066352661,2066302661,2066303661,2066304661,2066305661,2066306661
"linear_iid_n2000",860,2066292662,2066322662,2066352662,2066302662,2066303662,2066304662,2066305662,2066306662
"linear_iid_n2000",861,2066292663,2066322663,2066352663,2066302663,2066303663,2066304663,2066305663,2066306663
"linear_iid_n2000",862,2066292664,2066322664,2066352664,2066302664,2066303664,2066304664,2066305664,2066306664
"linear_iid_n2000",863,2066292665,2066322665,2066352665,2066302665,2066303665,2066304665,2066305665,2066306665
"linear_iid_n2000",864,2066292666,2066322666,2066352666,2066302666,2066303666,2066304666,2066305666,2066306666
"linear_iid_n2000",865,2066292667,2066322667,2066352667,2066302667,2066303667,2066304667,2066305667,2066306667
"linear_iid_n2000",866,2066292668,2066322668,2066352668,2066302668,2066303668,2066304668,2066305668,2066306668
"linear_iid_n2000",867,2066292669,2066322669,2066352669,2066302669,2066303669,2066304669,2066305669,2066306669
"linear_iid_n2000",868,2066292670,2066322670,2066352670,2066302670,2066303670,2066304670,2066305670,2066306670
"linear_iid_n2000",869,2066292671,2066322671,2066352671,2066302671,2066303671,2066304671,2066305671,2066306671
"linear_iid_n2000",870,2066292672,2066322672,2066352672,2066302672,2066303672,2066304672,2066305672,2066306672
"linear_iid_n2000",871,2066292673,2066322673,2066352673,2066302673,2066303673,2066304673,2066305673,2066306673
"linear_iid_n2000",872,2066292674,2066322674,2066352674,2066302674,2066303674,2066304674,2066305674,2066306674
"linear_iid_n2000",873,2066292675,2066322675,2066352675,2066302675,2066303675,2066304675,2066305675,2066306675
"linear_iid_n2000",874,2066292676,2066322676,2066352676,2066302676,2066303676,2066304676,2066305676,2066306676
"linear_iid_n2000",875,2066292677,2066322677,2066352677,2066302677,2066303677,2066304677,2066305677,2066306677
"linear_iid_n2000",876,2066292678,2066322678,2066352678,2066302678,2066303678,2066304678,2066305678,2066306678
"linear_iid_n2000",877,2066292679,2066322679,2066352679,2066302679,2066303679,2066304679,2066305679,2066306679
"linear_iid_n2000",878,2066292680,2066322680,2066352680,2066302680,2066303680,2066304680,2066305680,2066306680
"linear_iid_n2000",879,2066292681,2066322681,2066352681,2066302681,2066303681,2066304681,2066305681,2066306681
"linear_iid_n2000",880,2066292682,2066322682,2066352682,2066302682,2066303682,2066304682,2066305682,2066306682
"linear_iid_n2000",881,2066292683,2066322683,2066352683,2066302683,2066303683,2066304683,2066305683,2066306683
"linear_iid_n2000",882,2066292684,2066322684,2066352684,2066302684,2066303684,2066304684,2066305684,2066306684
"linear_iid_n2000",883,2066292685,2066322685,2066352685,2066302685,2066303685,2066304685,2066305685,2066306685
"linear_iid_n2000",884,2066292686,2066322686,2066352686,2066302686,2066303686,2066304686,2066305686,2066306686
"linear_iid_n2000",885,2066292687,2066322687,2066352687,2066302687,2066303687,2066304687,2066305687,2066306687
"linear_iid_n2000",886,2066292688,2066322688,2066352688,2066302688,2066303688,2066304688,2066305688,2066306688
"linear_iid_n2000",887,2066292689,2066322689,2066352689,2066302689,2066303689,2066304689,2066305689,2066306689
"linear_iid_n2000",888,2066292690,2066322690,2066352690,2066302690,2066303690,2066304690,2066305690,2066306690
"linear_iid_n2000",889,2066292691,2066322691,2066352691,2066302691,2066303691,2066304691,2066305691,2066306691
"linear_iid_n2000",890,2066292692,2066322692,2066352692,2066302692,2066303692,2066304692,2066305692,2066306692
"linear_iid_n2000",891,2066292693,2066322693,2066352693,2066302693,2066303693,2066304693,2066305693,2066306693
"linear_iid_n2000",892,2066292694,2066322694,2066352694,2066302694,2066303694,2066304694,2066305694,2066306694
"linear_iid_n2000",893,2066292695,2066322695,2066352695,2066302695,2066303695,2066304695,2066305695,2066306695
"linear_iid_n2000",894,2066292696,2066322696,2066352696,2066302696,2066303696,2066304696,2066305696,2066306696
"linear_iid_n2000",895,2066292697,2066322697,2066352697,2066302697,2066303697,2066304697,2066305697,2066306697
"linear_iid_n2000",896,2066292698,2066322698,2066352698,2066302698,2066303698,2066304698,2066305698,2066306698
"linear_iid_n2000",897,2066292699,2066322699,2066352699,2066302699,2066303699,2066304699,2066305699,2066306699
"linear_iid_n2000",898,2066292700,2066322700,2066352700,2066302700,2066303700,2066304700,2066305700,2066306700
"linear_iid_n2000",899,2066292701,2066322701,2066352701,2066302701,2066303701,2066304701,2066305701,2066306701
"linear_iid_n2000",900,2066292702,2066322702,2066352702,2066302702,2066303702,2066304702,2066305702,2066306702
"linear_iid_n2000",901,2066292703,2066322703,2066352703,2066302703,2066303703,2066304703,2066305703,2066306703
"linear_iid_n2000",902,2066292704,2066322704,2066352704,2066302704,2066303704,2066304704,2066305704,2066306704
"linear_iid_n2000",903,2066292705,2066322705,2066352705,2066302705,2066303705,2066304705,2066305705,2066306705
"linear_iid_n2000",904,2066292706,2066322706,2066352706,2066302706,2066303706,2066304706,2066305706,2066306706
"linear_iid_n2000",905,2066292707,2066322707,2066352707,2066302707,2066303707,2066304707,2066305707,2066306707
"linear_iid_n2000",906,2066292708,2066322708,2066352708,2066302708,2066303708,2066304708,2066305708,2066306708
"linear_iid_n2000",907,2066292709,2066322709,2066352709,2066302709,2066303709,2066304709,2066305709,2066306709
"linear_iid_n2000",908,2066292710,2066322710,2066352710,2066302710,2066303710,2066304710,2066305710,2066306710
"linear_iid_n2000",909,2066292711,2066322711,2066352711,2066302711,2066303711,2066304711,2066305711,2066306711
"linear_iid_n2000",910,2066292712,2066322712,2066352712,2066302712,2066303712,2066304712,2066305712,2066306712
"linear_iid_n2000",911,2066292713,2066322713,2066352713,2066302713,2066303713,2066304713,2066305713,2066306713
"linear_iid_n2000",912,2066292714,2066322714,2066352714,2066302714,2066303714,2066304714,2066305714,2066306714
"linear_iid_n2000",913,2066292715,2066322715,2066352715,2066302715,2066303715,2066304715,2066305715,2066306715
"linear_iid_n2000",914,2066292716,2066322716,2066352716,2066302716,2066303716,2066304716,2066305716,2066306716
"linear_iid_n2000",915,2066292717,2066322717,2066352717,2066302717,2066303717,2066304717,2066305717,2066306717
"linear_iid_n2000",916,2066292718,2066322718,2066352718,2066302718,2066303718,2066304718,2066305718,2066306718
"linear_iid_n2000",917,2066292719,2066322719,2066352719,2066302719,2066303719,2066304719,2066305719,2066306719
"linear_iid_n2000",918,2066292720,2066322720,2066352720,2066302720,2066303720,2066304720,2066305720,2066306720
"linear_iid_n2000",919,2066292721,2066322721,2066352721,2066302721,2066303721,2066304721,2066305721,2066306721
"linear_iid_n2000",920,2066292722,2066322722,2066352722,2066302722,2066303722,2066304722,2066305722,2066306722
"linear_iid_n2000",921,2066292723,2066322723,2066352723,2066302723,2066303723,2066304723,2066305723,2066306723
"linear_iid_n2000",922,2066292724,2066322724,2066352724,2066302724,2066303724,2066304724,2066305724,2066306724
"linear_iid_n2000",923,2066292725,2066322725,2066352725,2066302725,2066303725,2066304725,2066305725,2066306725
"linear_iid_n2000",924,2066292726,2066322726,2066352726,2066302726,2066303726,2066304726,2066305726,2066306726
"linear_iid_n2000",925,2066292727,2066322727,2066352727,2066302727,2066303727,2066304727,2066305727,2066306727
"linear_iid_n2000",926,2066292728,2066322728,2066352728,2066302728,2066303728,2066304728,2066305728,2066306728
"linear_iid_n2000",927,2066292729,2066322729,2066352729,2066302729,2066303729,2066304729,2066305729,2066306729
"linear_iid_n2000",928,2066292730,2066322730,2066352730,2066302730,2066303730,2066304730,2066305730,2066306730
"linear_iid_n2000",929,2066292731,2066322731,2066352731,2066302731,2066303731,2066304731,2066305731,2066306731
"linear_iid_n2000",930,2066292732,2066322732,2066352732,2066302732,2066303732,2066304732,2066305732,2066306732
"linear_iid_n2000",931,2066292733,2066322733,2066352733,2066302733,2066303733,2066304733,2066305733,2066306733
"linear_iid_n2000",932,2066292734,2066322734,2066352734,2066302734,2066303734,2066304734,2066305734,2066306734
"linear_iid_n2000",933,2066292735,2066322735,2066352735,2066302735,2066303735,2066304735,2066305735,2066306735
"linear_iid_n2000",934,2066292736,2066322736,2066352736,2066302736,2066303736,2066304736,2066305736,2066306736
"linear_iid_n2000",935,2066292737,2066322737,2066352737,2066302737,2066303737,2066304737,2066305737,2066306737
"linear_iid_n2000",936,2066292738,2066322738,2066352738,2066302738,2066303738,2066304738,2066305738,2066306738
"linear_iid_n2000",937,2066292739,2066322739,2066352739,2066302739,2066303739,2066304739,2066305739,2066306739
"linear_iid_n2000",938,2066292740,2066322740,2066352740,2066302740,2066303740,2066304740,2066305740,2066306740
"linear_iid_n2000",939,2066292741,2066322741,2066352741,2066302741,2066303741,2066304741,2066305741,2066306741
"linear_iid_n2000",940,2066292742,2066322742,2066352742,2066302742,2066303742,2066304742,2066305742,2066306742
"linear_iid_n2000",941,2066292743,2066322743,2066352743,2066302743,2066303743,2066304743,2066305743,2066306743
"linear_iid_n2000",942,2066292744,2066322744,2066352744,2066302744,2066303744,2066304744,2066305744,2066306744
"linear_iid_n2000",943,2066292745,2066322745,2066352745,2066302745,2066303745,2066304745,2066305745,2066306745
"linear_iid_n2000",944,2066292746,2066322746,2066352746,2066302746,2066303746,2066304746,2066305746,2066306746
"linear_iid_n2000",945,2066292747,2066322747,2066352747,2066302747,2066303747,2066304747,2066305747,2066306747
"linear_iid_n2000",946,2066292748,2066322748,2066352748,2066302748,2066303748,2066304748,2066305748,2066306748
"linear_iid_n2000",947,2066292749,2066322749,2066352749,2066302749,2066303749,2066304749,2066305749,2066306749
"linear_iid_n2000",948,2066292750,2066322750,2066352750,2066302750,2066303750,2066304750,2066305750,2066306750
"linear_iid_n2000",949,2066292751,2066322751,2066352751,2066302751,2066303751,2066304751,2066305751,2066306751
"linear_iid_n2000",950,2066292752,2066322752,2066352752,2066302752,2066303752,2066304752,2066305752,2066306752
"linear_iid_n2000",951,2066292753,2066322753,2066352753,2066302753,2066303753,2066304753,2066305753,2066306753
"linear_iid_n2000",952,2066292754,2066322754,2066352754,2066302754,2066303754,2066304754,2066305754,2066306754
"linear_iid_n2000",953,2066292755,2066322755,2066352755,2066302755,2066303755,2066304755,2066305755,2066306755
"linear_iid_n2000",954,2066292756,2066322756,2066352756,2066302756,2066303756,2066304756,2066305756,2066306756
"linear_iid_n2000",955,2066292757,2066322757,2066352757,2066302757,2066303757,2066304757,2066305757,2066306757
"linear_iid_n2000",956,2066292758,2066322758,2066352758,2066302758,2066303758,2066304758,2066305758,2066306758
"linear_iid_n2000",957,2066292759,2066322759,2066352759,2066302759,2066303759,2066304759,2066305759,2066306759
"linear_iid_n2000",958,2066292760,2066322760,2066352760,2066302760,2066303760,2066304760,2066305760,2066306760
"linear_iid_n2000",959,2066292761,2066322761,2066352761,2066302761,2066303761,2066304761,2066305761,2066306761
"linear_iid_n2000",960,2066292762,2066322762,2066352762,2066302762,2066303762,2066304762,2066305762,2066306762
"linear_iid_n2000",961,2066292763,2066322763,2066352763,2066302763,2066303763,2066304763,2066305763,2066306763
"linear_iid_n2000",962,2066292764,2066322764,2066352764,2066302764,2066303764,2066304764,2066305764,2066306764
"linear_iid_n2000",963,2066292765,2066322765,2066352765,2066302765,2066303765,2066304765,2066305765,2066306765
"linear_iid_n2000",964,2066292766,2066322766,2066352766,2066302766,2066303766,2066304766,2066305766,2066306766
"linear_iid_n2000",965,2066292767,2066322767,2066352767,2066302767,2066303767,2066304767,2066305767,2066306767
"linear_iid_n2000",966,2066292768,2066322768,2066352768,2066302768,2066303768,2066304768,2066305768,2066306768
"linear_iid_n2000",967,2066292769,2066322769,2066352769,2066302769,2066303769,2066304769,2066305769,2066306769
"linear_iid_n2000",968,2066292770,2066322770,2066352770,2066302770,2066303770,2066304770,2066305770,2066306770
"linear_iid_n2000",969,2066292771,2066322771,2066352771,2066302771,2066303771,2066304771,2066305771,2066306771
"linear_iid_n2000",970,2066292772,2066322772,2066352772,2066302772,2066303772,2066304772,2066305772,2066306772
"linear_iid_n2000",971,2066292773,2066322773,2066352773,2066302773,2066303773,2066304773,2066305773,2066306773
"linear_iid_n2000",972,2066292774,2066322774,2066352774,2066302774,2066303774,2066304774,2066305774,2066306774
"linear_iid_n2000",973,2066292775,2066322775,2066352775,2066302775,2066303775,2066304775,2066305775,2066306775
"linear_iid_n2000",974,2066292776,2066322776,2066352776,2066302776,2066303776,2066304776,2066305776,2066306776
"linear_iid_n2000",975,2066292777,2066322777,2066352777,2066302777,2066303777,2066304777,2066305777,2066306777
"linear_iid_n2000",976,2066292778,2066322778,2066352778,2066302778,2066303778,2066304778,2066305778,2066306778
"linear_iid_n2000",977,2066292779,2066322779,2066352779,2066302779,2066303779,2066304779,2066305779,2066306779
"linear_iid_n2000",978,2066292780,2066322780,2066352780,2066302780,2066303780,2066304780,2066305780,2066306780
"linear_iid_n2000",979,2066292781,2066322781,2066352781,2066302781,2066303781,2066304781,2066305781,2066306781
"linear_iid_n2000",980,2066292782,2066322782,2066352782,2066302782,2066303782,2066304782,2066305782,2066306782
"linear_iid_n2000",981,2066292783,2066322783,2066352783,2066302783,2066303783,2066304783,2066305783,2066306783
"linear_iid_n2000",982,2066292784,2066322784,2066352784,2066302784,2066303784,2066304784,2066305784,2066306784
"linear_iid_n2000",983,2066292785,2066322785,2066352785,2066302785,2066303785,2066304785,2066305785,2066306785
"linear_iid_n2000",984,2066292786,2066322786,2066352786,2066302786,2066303786,2066304786,2066305786,2066306786
"linear_iid_n2000",985,2066292787,2066322787,2066352787,2066302787,2066303787,2066304787,2066305787,2066306787
"linear_iid_n2000",986,2066292788,2066322788,2066352788,2066302788,2066303788,2066304788,2066305788,2066306788
"linear_iid_n2000",987,2066292789,2066322789,2066352789,2066302789,2066303789,2066304789,2066305789,2066306789
"linear_iid_n2000",988,2066292790,2066322790,2066352790,2066302790,2066303790,2066304790,2066305790,2066306790
"linear_iid_n2000",989,2066292791,2066322791,2066352791,2066302791,2066303791,2066304791,2066305791,2066306791
"linear_iid_n2000",990,2066292792,2066322792,2066352792,2066302792,2066303792,2066304792,2066305792,2066306792
"linear_iid_n2000",991,2066292793,2066322793,2066352793,2066302793,2066303793,2066304793,2066305793,2066306793
"linear_iid_n2000",992,2066292794,2066322794,2066352794,2066302794,2066303794,2066304794,2066305794,2066306794
"linear_iid_n2000",993,2066292795,2066322795,2066352795,2066302795,2066303795,2066304795,2066305795,2066306795
"linear_iid_n2000",994,2066292796,2066322796,2066352796,2066302796,2066303796,2066304796,2066305796,2066306796
"linear_iid_n2000",995,2066292797,2066322797,2066352797,2066302797,2066303797,2066304797,2066305797,2066306797
"linear_iid_n2000",996,2066292798,2066322798,2066352798,2066302798,2066303798,2066304798,2066305798,2066306798
"linear_iid_n2000",997,2066292799,2066322799,2066352799,2066302799,2066303799,2066304799,2066305799,2066306799
"linear_iid_n2000",998,2066292800,2066322800,2066352800,2066302800,2066303800,2066304800,2066305800,2066306800
"linear_iid_n2000",999,2066292801,2066322801,2066352801,2066302801,2066303801,2066304801,2066305801,2066306801
"linear_iid_n2000",1000,2066292802,2066322802,2066352802,2066302802,2066303802,2066304802,2066305802,2066306802
"logistic_iid_n500",1,2066391803,2066421803,2066451803,2066401803,2066402803,2066403803,2066404803,2066405803
"logistic_iid_n500",2,2066391804,2066421804,2066451804,2066401804,2066402804,2066403804,2066404804,2066405804
"logistic_iid_n500",3,2066391805,2066421805,2066451805,2066401805,2066402805,2066403805,2066404805,2066405805
"logistic_iid_n500",4,2066391806,2066421806,2066451806,2066401806,2066402806,2066403806,2066404806,2066405806
"logistic_iid_n500",5,2066391807,2066421807,2066451807,2066401807,2066402807,2066403807,2066404807,2066405807
"logistic_iid_n500",6,2066391808,2066421808,2066451808,2066401808,2066402808,2066403808,2066404808,2066405808
"logistic_iid_n500",7,2066391809,2066421809,2066451809,2066401809,2066402809,2066403809,2066404809,2066405809
"logistic_iid_n500",8,2066391810,2066421810,2066451810,2066401810,2066402810,2066403810,2066404810,2066405810
"logistic_iid_n500",9,2066391811,2066421811,2066451811,2066401811,2066402811,2066403811,2066404811,2066405811
"logistic_iid_n500",10,2066391812,2066421812,2066451812,2066401812,2066402812,2066403812,2066404812,2066405812
"logistic_iid_n500",11,2066391813,2066421813,2066451813,2066401813,2066402813,2066403813,2066404813,2066405813
"logistic_iid_n500",12,2066391814,2066421814,2066451814,2066401814,2066402814,2066403814,2066404814,2066405814
"logistic_iid_n500",13,2066391815,2066421815,2066451815,2066401815,2066402815,2066403815,2066404815,2066405815
"logistic_iid_n500",14,2066391816,2066421816,2066451816,2066401816,2066402816,2066403816,2066404816,2066405816
"logistic_iid_n500",15,2066391817,2066421817,2066451817,2066401817,2066402817,2066403817,2066404817,2066405817
"logistic_iid_n500",16,2066391818,2066421818,2066451818,2066401818,2066402818,2066403818,2066404818,2066405818
"logistic_iid_n500",17,2066391819,2066421819,2066451819,2066401819,2066402819,2066403819,2066404819,2066405819
"logistic_iid_n500",18,2066391820,2066421820,2066451820,2066401820,2066402820,2066403820,2066404820,2066405820
"logistic_iid_n500",19,2066391821,2066421821,2066451821,2066401821,2066402821,2066403821,2066404821,2066405821
"logistic_iid_n500",20,2066391822,2066421822,2066451822,2066401822,2066402822,2066403822,2066404822,2066405822
"logistic_iid_n500",21,2066391823,2066421823,2066451823,2066401823,2066402823,2066403823,2066404823,2066405823
"logistic_iid_n500",22,2066391824,2066421824,2066451824,2066401824,2066402824,2066403824,2066404824,2066405824
"logistic_iid_n500",23,2066391825,2066421825,2066451825,2066401825,2066402825,2066403825,2066404825,2066405825
"logistic_iid_n500",24,2066391826,2066421826,2066451826,2066401826,2066402826,2066403826,2066404826,2066405826
"logistic_iid_n500",25,2066391827,2066421827,2066451827,2066401827,2066402827,2066403827,2066404827,2066405827
"logistic_iid_n500",26,2066391828,2066421828,2066451828,2066401828,2066402828,2066403828,2066404828,2066405828
"logistic_iid_n500",27,2066391829,2066421829,2066451829,2066401829,2066402829,2066403829,2066404829,2066405829
"logistic_iid_n500",28,2066391830,2066421830,2066451830,2066401830,2066402830,2066403830,2066404830,2066405830
"logistic_iid_n500",29,2066391831,2066421831,2066451831,2066401831,2066402831,2066403831,2066404831,2066405831
"logistic_iid_n500",30,2066391832,2066421832,2066451832,2066401832,2066402832,2066403832,2066404832,2066405832
"logistic_iid_n500",31,2066391833,2066421833,2066451833,2066401833,2066402833,2066403833,2066404833,2066405833
"logistic_iid_n500",32,2066391834,2066421834,2066451834,2066401834,2066402834,2066403834,2066404834,2066405834
"logistic_iid_n500",33,2066391835,2066421835,2066451835,2066401835,2066402835,2066403835,2066404835,2066405835
"logistic_iid_n500",34,2066391836,2066421836,2066451836,2066401836,2066402836,2066403836,2066404836,2066405836
"logistic_iid_n500",35,2066391837,2066421837,2066451837,2066401837,2066402837,2066403837,2066404837,2066405837
"logistic_iid_n500",36,2066391838,2066421838,2066451838,2066401838,2066402838,2066403838,2066404838,2066405838
"logistic_iid_n500",37,2066391839,2066421839,2066451839,2066401839,2066402839,2066403839,2066404839,2066405839
"logistic_iid_n500",38,2066391840,2066421840,2066451840,2066401840,2066402840,2066403840,2066404840,2066405840
"logistic_iid_n500",39,2066391841,2066421841,2066451841,2066401841,2066402841,2066403841,2066404841,2066405841
"logistic_iid_n500",40,2066391842,2066421842,2066451842,2066401842,2066402842,2066403842,2066404842,2066405842
"logistic_iid_n500",41,2066391843,2066421843,2066451843,2066401843,2066402843,2066403843,2066404843,2066405843
"logistic_iid_n500",42,2066391844,2066421844,2066451844,2066401844,2066402844,2066403844,2066404844,2066405844
"logistic_iid_n500",43,2066391845,2066421845,2066451845,2066401845,2066402845,2066403845,2066404845,2066405845
"logistic_iid_n500",44,2066391846,2066421846,2066451846,2066401846,2066402846,2066403846,2066404846,2066405846
"logistic_iid_n500",45,2066391847,2066421847,2066451847,2066401847,2066402847,2066403847,2066404847,2066405847
"logistic_iid_n500",46,2066391848,2066421848,2066451848,2066401848,2066402848,2066403848,2066404848,2066405848
"logistic_iid_n500",47,2066391849,2066421849,2066451849,2066401849,2066402849,2066403849,2066404849,2066405849
"logistic_iid_n500",48,2066391850,2066421850,2066451850,2066401850,2066402850,2066403850,2066404850,2066405850
"logistic_iid_n500",49,2066391851,2066421851,2066451851,2066401851,2066402851,2066403851,2066404851,2066405851
"logistic_iid_n500",50,2066391852,2066421852,2066451852,2066401852,2066402852,2066403852,2066404852,2066405852
"logistic_iid_n500",51,2066391853,2066421853,2066451853,2066401853,2066402853,2066403853,2066404853,2066405853
"logistic_iid_n500",52,2066391854,2066421854,2066451854,2066401854,2066402854,2066403854,2066404854,2066405854
"logistic_iid_n500",53,2066391855,2066421855,2066451855,2066401855,2066402855,2066403855,2066404855,2066405855
"logistic_iid_n500",54,2066391856,2066421856,2066451856,2066401856,2066402856,2066403856,2066404856,2066405856
"logistic_iid_n500",55,2066391857,2066421857,2066451857,2066401857,2066402857,2066403857,2066404857,2066405857
"logistic_iid_n500",56,2066391858,2066421858,2066451858,2066401858,2066402858,2066403858,2066404858,2066405858
"logistic_iid_n500",57,2066391859,2066421859,2066451859,2066401859,2066402859,2066403859,2066404859,2066405859
"logistic_iid_n500",58,2066391860,2066421860,2066451860,2066401860,2066402860,2066403860,2066404860,2066405860
"logistic_iid_n500",59,2066391861,2066421861,2066451861,2066401861,2066402861,2066403861,2066404861,2066405861
"logistic_iid_n500",60,2066391862,2066421862,2066451862,2066401862,2066402862,2066403862,2066404862,2066405862
"logistic_iid_n500",61,2066391863,2066421863,2066451863,2066401863,2066402863,2066403863,2066404863,2066405863
"logistic_iid_n500",62,2066391864,2066421864,2066451864,2066401864,2066402864,2066403864,2066404864,2066405864
"logistic_iid_n500",63,2066391865,2066421865,2066451865,2066401865,2066402865,2066403865,2066404865,2066405865
"logistic_iid_n500",64,2066391866,2066421866,2066451866,2066401866,2066402866,2066403866,2066404866,2066405866
"logistic_iid_n500",65,2066391867,2066421867,2066451867,2066401867,2066402867,2066403867,2066404867,2066405867
"logistic_iid_n500",66,2066391868,2066421868,2066451868,2066401868,2066402868,2066403868,2066404868,2066405868
"logistic_iid_n500",67,2066391869,2066421869,2066451869,2066401869,2066402869,2066403869,2066404869,2066405869
"logistic_iid_n500",68,2066391870,2066421870,2066451870,2066401870,2066402870,2066403870,2066404870,2066405870
"logistic_iid_n500",69,2066391871,2066421871,2066451871,2066401871,2066402871,2066403871,2066404871,2066405871
"logistic_iid_n500",70,2066391872,2066421872,2066451872,2066401872,2066402872,2066403872,2066404872,2066405872
"logistic_iid_n500",71,2066391873,2066421873,2066451873,2066401873,2066402873,2066403873,2066404873,2066405873
"logistic_iid_n500",72,2066391874,2066421874,2066451874,2066401874,2066402874,2066403874,2066404874,2066405874
"logistic_iid_n500",73,2066391875,2066421875,2066451875,2066401875,2066402875,2066403875,2066404875,2066405875
"logistic_iid_n500",74,2066391876,2066421876,2066451876,2066401876,2066402876,2066403876,2066404876,2066405876
"logistic_iid_n500",75,2066391877,2066421877,2066451877,2066401877,2066402877,2066403877,2066404877,2066405877
"logistic_iid_n500",76,2066391878,2066421878,2066451878,2066401878,2066402878,2066403878,2066404878,2066405878
"logistic_iid_n500",77,2066391879,2066421879,2066451879,2066401879,2066402879,2066403879,2066404879,2066405879
"logistic_iid_n500",78,2066391880,2066421880,2066451880,2066401880,2066402880,2066403880,2066404880,2066405880
"logistic_iid_n500",79,2066391881,2066421881,2066451881,2066401881,2066402881,2066403881,2066404881,2066405881
"logistic_iid_n500",80,2066391882,2066421882,2066451882,2066401882,2066402882,2066403882,2066404882,2066405882
"logistic_iid_n500",81,2066391883,2066421883,2066451883,2066401883,2066402883,2066403883,2066404883,2066405883
"logistic_iid_n500",82,2066391884,2066421884,2066451884,2066401884,2066402884,2066403884,2066404884,2066405884
"logistic_iid_n500",83,2066391885,2066421885,2066451885,2066401885,2066402885,2066403885,2066404885,2066405885
"logistic_iid_n500",84,2066391886,2066421886,2066451886,2066401886,2066402886,2066403886,2066404886,2066405886
"logistic_iid_n500",85,2066391887,2066421887,2066451887,2066401887,2066402887,2066403887,2066404887,2066405887
"logistic_iid_n500",86,2066391888,2066421888,2066451888,2066401888,2066402888,2066403888,2066404888,2066405888
"logistic_iid_n500",87,2066391889,2066421889,2066451889,2066401889,2066402889,2066403889,2066404889,2066405889
"logistic_iid_n500",88,2066391890,2066421890,2066451890,2066401890,2066402890,2066403890,2066404890,2066405890
"logistic_iid_n500",89,2066391891,2066421891,2066451891,2066401891,2066402891,2066403891,2066404891,2066405891
"logistic_iid_n500",90,2066391892,2066421892,2066451892,2066401892,2066402892,2066403892,2066404892,2066405892
"logistic_iid_n500",91,2066391893,2066421893,2066451893,2066401893,2066402893,2066403893,2066404893,2066405893
"logistic_iid_n500",92,2066391894,2066421894,2066451894,2066401894,2066402894,2066403894,2066404894,2066405894
"logistic_iid_n500",93,2066391895,2066421895,2066451895,2066401895,2066402895,2066403895,2066404895,2066405895
"logistic_iid_n500",94,2066391896,2066421896,2066451896,2066401896,2066402896,2066403896,2066404896,2066405896
"logistic_iid_n500",95,2066391897,2066421897,2066451897,2066401897,2066402897,2066403897,2066404897,2066405897
"logistic_iid_n500",96,2066391898,2066421898,2066451898,2066401898,2066402898,2066403898,2066404898,2066405898
"logistic_iid_n500",97,2066391899,2066421899,2066451899,2066401899,2066402899,2066403899,2066404899,2066405899
"logistic_iid_n500",98,2066391900,2066421900,2066451900,2066401900,2066402900,2066403900,2066404900,2066405900
"logistic_iid_n500",99,2066391901,2066421901,2066451901,2066401901,2066402901,2066403901,2066404901,2066405901
"logistic_iid_n500",100,2066391902,2066421902,2066451902,2066401902,2066402902,2066403902,2066404902,2066405902
"logistic_iid_n500",101,2066391903,2066421903,2066451903,2066401903,2066402903,2066403903,2066404903,2066405903
"logistic_iid_n500",102,2066391904,2066421904,2066451904,2066401904,2066402904,2066403904,2066404904,2066405904
"logistic_iid_n500",103,2066391905,2066421905,2066451905,2066401905,2066402905,2066403905,2066404905,2066405905
"logistic_iid_n500",104,2066391906,2066421906,2066451906,2066401906,2066402906,2066403906,2066404906,2066405906
"logistic_iid_n500",105,2066391907,2066421907,2066451907,2066401907,2066402907,2066403907,2066404907,2066405907
"logistic_iid_n500",106,2066391908,2066421908,2066451908,2066401908,2066402908,2066403908,2066404908,2066405908
"logistic_iid_n500",107,2066391909,2066421909,2066451909,2066401909,2066402909,2066403909,2066404909,2066405909
"logistic_iid_n500",108,2066391910,2066421910,2066451910,2066401910,2066402910,2066403910,2066404910,2066405910
"logistic_iid_n500",109,2066391911,2066421911,2066451911,2066401911,2066402911,2066403911,2066404911,2066405911
"logistic_iid_n500",110,2066391912,2066421912,2066451912,2066401912,2066402912,2066403912,2066404912,2066405912
"logistic_iid_n500",111,2066391913,2066421913,2066451913,2066401913,2066402913,2066403913,2066404913,2066405913
"logistic_iid_n500",112,2066391914,2066421914,2066451914,2066401914,2066402914,2066403914,2066404914,2066405914
"logistic_iid_n500",113,2066391915,2066421915,2066451915,2066401915,2066402915,2066403915,2066404915,2066405915
"logistic_iid_n500",114,2066391916,2066421916,2066451916,2066401916,2066402916,2066403916,2066404916,2066405916
"logistic_iid_n500",115,2066391917,2066421917,2066451917,2066401917,2066402917,2066403917,2066404917,2066405917
"logistic_iid_n500",116,2066391918,2066421918,2066451918,2066401918,2066402918,2066403918,2066404918,2066405918
"logistic_iid_n500",117,2066391919,2066421919,2066451919,2066401919,2066402919,2066403919,2066404919,2066405919
"logistic_iid_n500",118,2066391920,2066421920,2066451920,2066401920,2066402920,2066403920,2066404920,2066405920
"logistic_iid_n500",119,2066391921,2066421921,2066451921,2066401921,2066402921,2066403921,2066404921,2066405921
"logistic_iid_n500",120,2066391922,2066421922,2066451922,2066401922,2066402922,2066403922,2066404922,2066405922
"logistic_iid_n500",121,2066391923,2066421923,2066451923,2066401923,2066402923,2066403923,2066404923,2066405923
"logistic_iid_n500",122,2066391924,2066421924,2066451924,2066401924,2066402924,2066403924,2066404924,2066405924
"logistic_iid_n500",123,2066391925,2066421925,2066451925,2066401925,2066402925,2066403925,2066404925,2066405925
"logistic_iid_n500",124,2066391926,2066421926,2066451926,2066401926,2066402926,2066403926,2066404926,2066405926
"logistic_iid_n500",125,2066391927,2066421927,2066451927,2066401927,2066402927,2066403927,2066404927,2066405927
"logistic_iid_n500",126,2066391928,2066421928,2066451928,2066401928,2066402928,2066403928,2066404928,2066405928
"logistic_iid_n500",127,2066391929,2066421929,2066451929,2066401929,2066402929,2066403929,2066404929,2066405929
"logistic_iid_n500",128,2066391930,2066421930,2066451930,2066401930,2066402930,2066403930,2066404930,2066405930
"logistic_iid_n500",129,2066391931,2066421931,2066451931,2066401931,2066402931,2066403931,2066404931,2066405931
"logistic_iid_n500",130,2066391932,2066421932,2066451932,2066401932,2066402932,2066403932,2066404932,2066405932
"logistic_iid_n500",131,2066391933,2066421933,2066451933,2066401933,2066402933,2066403933,2066404933,2066405933
"logistic_iid_n500",132,2066391934,2066421934,2066451934,2066401934,2066402934,2066403934,2066404934,2066405934
"logistic_iid_n500",133,2066391935,2066421935,2066451935,2066401935,2066402935,2066403935,2066404935,2066405935
"logistic_iid_n500",134,2066391936,2066421936,2066451936,2066401936,2066402936,2066403936,2066404936,2066405936
"logistic_iid_n500",135,2066391937,2066421937,2066451937,2066401937,2066402937,2066403937,2066404937,2066405937
"logistic_iid_n500",136,2066391938,2066421938,2066451938,2066401938,2066402938,2066403938,2066404938,2066405938
"logistic_iid_n500",137,2066391939,2066421939,2066451939,2066401939,2066402939,2066403939,2066404939,2066405939
"logistic_iid_n500",138,2066391940,2066421940,2066451940,2066401940,2066402940,2066403940,2066404940,2066405940
"logistic_iid_n500",139,2066391941,2066421941,2066451941,2066401941,2066402941,2066403941,2066404941,2066405941
"logistic_iid_n500",140,2066391942,2066421942,2066451942,2066401942,2066402942,2066403942,2066404942,2066405942
"logistic_iid_n500",141,2066391943,2066421943,2066451943,2066401943,2066402943,2066403943,2066404943,2066405943
"logistic_iid_n500",142,2066391944,2066421944,2066451944,2066401944,2066402944,2066403944,2066404944,2066405944
"logistic_iid_n500",143,2066391945,2066421945,2066451945,2066401945,2066402945,2066403945,2066404945,2066405945
"logistic_iid_n500",144,2066391946,2066421946,2066451946,2066401946,2066402946,2066403946,2066404946,2066405946
"logistic_iid_n500",145,2066391947,2066421947,2066451947,2066401947,2066402947,2066403947,2066404947,2066405947
"logistic_iid_n500",146,2066391948,2066421948,2066451948,2066401948,2066402948,2066403948,2066404948,2066405948
"logistic_iid_n500",147,2066391949,2066421949,2066451949,2066401949,2066402949,2066403949,2066404949,2066405949
"logistic_iid_n500",148,2066391950,2066421950,2066451950,2066401950,2066402950,2066403950,2066404950,2066405950
"logistic_iid_n500",149,2066391951,2066421951,2066451951,2066401951,2066402951,2066403951,2066404951,2066405951
"logistic_iid_n500",150,2066391952,2066421952,2066451952,2066401952,2066402952,2066403952,2066404952,2066405952
"logistic_iid_n500",151,2066391953,2066421953,2066451953,2066401953,2066402953,2066403953,2066404953,2066405953
"logistic_iid_n500",152,2066391954,2066421954,2066451954,2066401954,2066402954,2066403954,2066404954,2066405954
"logistic_iid_n500",153,2066391955,2066421955,2066451955,2066401955,2066402955,2066403955,2066404955,2066405955
"logistic_iid_n500",154,2066391956,2066421956,2066451956,2066401956,2066402956,2066403956,2066404956,2066405956
"logistic_iid_n500",155,2066391957,2066421957,2066451957,2066401957,2066402957,2066403957,2066404957,2066405957
"logistic_iid_n500",156,2066391958,2066421958,2066451958,2066401958,2066402958,2066403958,2066404958,2066405958
"logistic_iid_n500",157,2066391959,2066421959,2066451959,2066401959,2066402959,2066403959,2066404959,2066405959
"logistic_iid_n500",158,2066391960,2066421960,2066451960,2066401960,2066402960,2066403960,2066404960,2066405960
"logistic_iid_n500",159,2066391961,2066421961,2066451961,2066401961,2066402961,2066403961,2066404961,2066405961
"logistic_iid_n500",160,2066391962,2066421962,2066451962,2066401962,2066402962,2066403962,2066404962,2066405962
"logistic_iid_n500",161,2066391963,2066421963,2066451963,2066401963,2066402963,2066403963,2066404963,2066405963
"logistic_iid_n500",162,2066391964,2066421964,2066451964,2066401964,2066402964,2066403964,2066404964,2066405964
"logistic_iid_n500",163,2066391965,2066421965,2066451965,2066401965,2066402965,2066403965,2066404965,2066405965
"logistic_iid_n500",164,2066391966,2066421966,2066451966,2066401966,2066402966,2066403966,2066404966,2066405966
"logistic_iid_n500",165,2066391967,2066421967,2066451967,2066401967,2066402967,2066403967,2066404967,2066405967
"logistic_iid_n500",166,2066391968,2066421968,2066451968,2066401968,2066402968,2066403968,2066404968,2066405968
"logistic_iid_n500",167,2066391969,2066421969,2066451969,2066401969,2066402969,2066403969,2066404969,2066405969
"logistic_iid_n500",168,2066391970,2066421970,2066451970,2066401970,2066402970,2066403970,2066404970,2066405970
"logistic_iid_n500",169,2066391971,2066421971,2066451971,2066401971,2066402971,2066403971,2066404971,2066405971
"logistic_iid_n500",170,2066391972,2066421972,2066451972,2066401972,2066402972,2066403972,2066404972,2066405972
"logistic_iid_n500",171,2066391973,2066421973,2066451973,2066401973,2066402973,2066403973,2066404973,2066405973
"logistic_iid_n500",172,2066391974,2066421974,2066451974,2066401974,2066402974,2066403974,2066404974,2066405974
"logistic_iid_n500",173,2066391975,2066421975,2066451975,2066401975,2066402975,2066403975,2066404975,2066405975
"logistic_iid_n500",174,2066391976,2066421976,2066451976,2066401976,2066402976,2066403976,2066404976,2066405976
"logistic_iid_n500",175,2066391977,2066421977,2066451977,2066401977,2066402977,2066403977,2066404977,2066405977
"logistic_iid_n500",176,2066391978,2066421978,2066451978,2066401978,2066402978,2066403978,2066404978,2066405978
"logistic_iid_n500",177,2066391979,2066421979,2066451979,2066401979,2066402979,2066403979,2066404979,2066405979
"logistic_iid_n500",178,2066391980,2066421980,2066451980,2066401980,2066402980,2066403980,2066404980,2066405980
"logistic_iid_n500",179,2066391981,2066421981,2066451981,2066401981,2066402981,2066403981,2066404981,2066405981
"logistic_iid_n500",180,2066391982,2066421982,2066451982,2066401982,2066402982,2066403982,2066404982,2066405982
"logistic_iid_n500",181,2066391983,2066421983,2066451983,2066401983,2066402983,2066403983,2066404983,2066405983
"logistic_iid_n500",182,2066391984,2066421984,2066451984,2066401984,2066402984,2066403984,2066404984,2066405984
"logistic_iid_n500",183,2066391985,2066421985,2066451985,2066401985,2066402985,2066403985,2066404985,2066405985
"logistic_iid_n500",184,2066391986,2066421986,2066451986,2066401986,2066402986,2066403986,2066404986,2066405986
"logistic_iid_n500",185,2066391987,2066421987,2066451987,2066401987,2066402987,2066403987,2066404987,2066405987
"logistic_iid_n500",186,2066391988,2066421988,2066451988,2066401988,2066402988,2066403988,2066404988,2066405988
"logistic_iid_n500",187,2066391989,2066421989,2066451989,2066401989,2066402989,2066403989,2066404989,2066405989
"logistic_iid_n500",188,2066391990,2066421990,2066451990,2066401990,2066402990,2066403990,2066404990,2066405990
"logistic_iid_n500",189,2066391991,2066421991,2066451991,2066401991,2066402991,2066403991,2066404991,2066405991
"logistic_iid_n500",190,2066391992,2066421992,2066451992,2066401992,2066402992,2066403992,2066404992,2066405992
"logistic_iid_n500",191,2066391993,2066421993,2066451993,2066401993,2066402993,2066403993,2066404993,2066405993
"logistic_iid_n500",192,2066391994,2066421994,2066451994,2066401994,2066402994,2066403994,2066404994,2066405994
"logistic_iid_n500",193,2066391995,2066421995,2066451995,2066401995,2066402995,2066403995,2066404995,2066405995
"logistic_iid_n500",194,2066391996,2066421996,2066451996,2066401996,2066402996,2066403996,2066404996,2066405996
"logistic_iid_n500",195,2066391997,2066421997,2066451997,2066401997,2066402997,2066403997,2066404997,2066405997
"logistic_iid_n500",196,2066391998,2066421998,2066451998,2066401998,2066402998,2066403998,2066404998,2066405998
"logistic_iid_n500",197,2066391999,2066421999,2066451999,2066401999,2066402999,2066403999,2066404999,2066405999
"logistic_iid_n500",198,2066392000,2066422000,2066452000,2066402000,2066403000,2066404000,2066405000,2066406000
"logistic_iid_n500",199,2066392001,2066422001,2066452001,2066402001,2066403001,2066404001,2066405001,2066406001
"logistic_iid_n500",200,2066392002,2066422002,2066452002,2066402002,2066403002,2066404002,2066405002,2066406002
"logistic_iid_n500",201,2066392003,2066422003,2066452003,2066402003,2066403003,2066404003,2066405003,2066406003
"logistic_iid_n500",202,2066392004,2066422004,2066452004,2066402004,2066403004,2066404004,2066405004,2066406004
"logistic_iid_n500",203,2066392005,2066422005,2066452005,2066402005,2066403005,2066404005,2066405005,2066406005
"logistic_iid_n500",204,2066392006,2066422006,2066452006,2066402006,2066403006,2066404006,2066405006,2066406006
"logistic_iid_n500",205,2066392007,2066422007,2066452007,2066402007,2066403007,2066404007,2066405007,2066406007
"logistic_iid_n500",206,2066392008,2066422008,2066452008,2066402008,2066403008,2066404008,2066405008,2066406008
"logistic_iid_n500",207,2066392009,2066422009,2066452009,2066402009,2066403009,2066404009,2066405009,2066406009
"logistic_iid_n500",208,2066392010,2066422010,2066452010,2066402010,2066403010,2066404010,2066405010,2066406010
"logistic_iid_n500",209,2066392011,2066422011,2066452011,2066402011,2066403011,2066404011,2066405011,2066406011
"logistic_iid_n500",210,2066392012,2066422012,2066452012,2066402012,2066403012,2066404012,2066405012,2066406012
"logistic_iid_n500",211,2066392013,2066422013,2066452013,2066402013,2066403013,2066404013,2066405013,2066406013
"logistic_iid_n500",212,2066392014,2066422014,2066452014,2066402014,2066403014,2066404014,2066405014,2066406014
"logistic_iid_n500",213,2066392015,2066422015,2066452015,2066402015,2066403015,2066404015,2066405015,2066406015
"logistic_iid_n500",214,2066392016,2066422016,2066452016,2066402016,2066403016,2066404016,2066405016,2066406016
"logistic_iid_n500",215,2066392017,2066422017,2066452017,2066402017,2066403017,2066404017,2066405017,2066406017
"logistic_iid_n500",216,2066392018,2066422018,2066452018,2066402018,2066403018,2066404018,2066405018,2066406018
"logistic_iid_n500",217,2066392019,2066422019,2066452019,2066402019,2066403019,2066404019,2066405019,2066406019
"logistic_iid_n500",218,2066392020,2066422020,2066452020,2066402020,2066403020,2066404020,2066405020,2066406020
"logistic_iid_n500",219,2066392021,2066422021,2066452021,2066402021,2066403021,2066404021,2066405021,2066406021
"logistic_iid_n500",220,2066392022,2066422022,2066452022,2066402022,2066403022,2066404022,2066405022,2066406022
"logistic_iid_n500",221,2066392023,2066422023,2066452023,2066402023,2066403023,2066404023,2066405023,2066406023
"logistic_iid_n500",222,2066392024,2066422024,2066452024,2066402024,2066403024,2066404024,2066405024,2066406024
"logistic_iid_n500",223,2066392025,2066422025,2066452025,2066402025,2066403025,2066404025,2066405025,2066406025
"logistic_iid_n500",224,2066392026,2066422026,2066452026,2066402026,2066403026,2066404026,2066405026,2066406026
"logistic_iid_n500",225,2066392027,2066422027,2066452027,2066402027,2066403027,2066404027,2066405027,2066406027
"logistic_iid_n500",226,2066392028,2066422028,2066452028,2066402028,2066403028,2066404028,2066405028,2066406028
"logistic_iid_n500",227,2066392029,2066422029,2066452029,2066402029,2066403029,2066404029,2066405029,2066406029
"logistic_iid_n500",228,2066392030,2066422030,2066452030,2066402030,2066403030,2066404030,2066405030,2066406030
"logistic_iid_n500",229,2066392031,2066422031,2066452031,2066402031,2066403031,2066404031,2066405031,2066406031
"logistic_iid_n500",230,2066392032,2066422032,2066452032,2066402032,2066403032,2066404032,2066405032,2066406032
"logistic_iid_n500",231,2066392033,2066422033,2066452033,2066402033,2066403033,2066404033,2066405033,2066406033
"logistic_iid_n500",232,2066392034,2066422034,2066452034,2066402034,2066403034,2066404034,2066405034,2066406034
"logistic_iid_n500",233,2066392035,2066422035,2066452035,2066402035,2066403035,2066404035,2066405035,2066406035
"logistic_iid_n500",234,2066392036,2066422036,2066452036,2066402036,2066403036,2066404036,2066405036,2066406036
"logistic_iid_n500",235,2066392037,2066422037,2066452037,2066402037,2066403037,2066404037,2066405037,2066406037
"logistic_iid_n500",236,2066392038,2066422038,2066452038,2066402038,2066403038,2066404038,2066405038,2066406038
"logistic_iid_n500",237,2066392039,2066422039,2066452039,2066402039,2066403039,2066404039,2066405039,2066406039
"logistic_iid_n500",238,2066392040,2066422040,2066452040,2066402040,2066403040,2066404040,2066405040,2066406040
"logistic_iid_n500",239,2066392041,2066422041,2066452041,2066402041,2066403041,2066404041,2066405041,2066406041
"logistic_iid_n500",240,2066392042,2066422042,2066452042,2066402042,2066403042,2066404042,2066405042,2066406042
"logistic_iid_n500",241,2066392043,2066422043,2066452043,2066402043,2066403043,2066404043,2066405043,2066406043
"logistic_iid_n500",242,2066392044,2066422044,2066452044,2066402044,2066403044,2066404044,2066405044,2066406044
"logistic_iid_n500",243,2066392045,2066422045,2066452045,2066402045,2066403045,2066404045,2066405045,2066406045
"logistic_iid_n500",244,2066392046,2066422046,2066452046,2066402046,2066403046,2066404046,2066405046,2066406046
"logistic_iid_n500",245,2066392047,2066422047,2066452047,2066402047,2066403047,2066404047,2066405047,2066406047
"logistic_iid_n500",246,2066392048,2066422048,2066452048,2066402048,2066403048,2066404048,2066405048,2066406048
"logistic_iid_n500",247,2066392049,2066422049,2066452049,2066402049,2066403049,2066404049,2066405049,2066406049
"logistic_iid_n500",248,2066392050,2066422050,2066452050,2066402050,2066403050,2066404050,2066405050,2066406050
"logistic_iid_n500",249,2066392051,2066422051,2066452051,2066402051,2066403051,2066404051,2066405051,2066406051
"logistic_iid_n500",250,2066392052,2066422052,2066452052,2066402052,2066403052,2066404052,2066405052,2066406052
"logistic_iid_n500",251,2066392053,2066422053,2066452053,2066402053,2066403053,2066404053,2066405053,2066406053
"logistic_iid_n500",252,2066392054,2066422054,2066452054,2066402054,2066403054,2066404054,2066405054,2066406054
"logistic_iid_n500",253,2066392055,2066422055,2066452055,2066402055,2066403055,2066404055,2066405055,2066406055
"logistic_iid_n500",254,2066392056,2066422056,2066452056,2066402056,2066403056,2066404056,2066405056,2066406056
"logistic_iid_n500",255,2066392057,2066422057,2066452057,2066402057,2066403057,2066404057,2066405057,2066406057
"logistic_iid_n500",256,2066392058,2066422058,2066452058,2066402058,2066403058,2066404058,2066405058,2066406058
"logistic_iid_n500",257,2066392059,2066422059,2066452059,2066402059,2066403059,2066404059,2066405059,2066406059
"logistic_iid_n500",258,2066392060,2066422060,2066452060,2066402060,2066403060,2066404060,2066405060,2066406060
"logistic_iid_n500",259,2066392061,2066422061,2066452061,2066402061,2066403061,2066404061,2066405061,2066406061
"logistic_iid_n500",260,2066392062,2066422062,2066452062,2066402062,2066403062,2066404062,2066405062,2066406062
"logistic_iid_n500",261,2066392063,2066422063,2066452063,2066402063,2066403063,2066404063,2066405063,2066406063
"logistic_iid_n500",262,2066392064,2066422064,2066452064,2066402064,2066403064,2066404064,2066405064,2066406064
"logistic_iid_n500",263,2066392065,2066422065,2066452065,2066402065,2066403065,2066404065,2066405065,2066406065
"logistic_iid_n500",264,2066392066,2066422066,2066452066,2066402066,2066403066,2066404066,2066405066,2066406066
"logistic_iid_n500",265,2066392067,2066422067,2066452067,2066402067,2066403067,2066404067,2066405067,2066406067
"logistic_iid_n500",266,2066392068,2066422068,2066452068,2066402068,2066403068,2066404068,2066405068,2066406068
"logistic_iid_n500",267,2066392069,2066422069,2066452069,2066402069,2066403069,2066404069,2066405069,2066406069
"logistic_iid_n500",268,2066392070,2066422070,2066452070,2066402070,2066403070,2066404070,2066405070,2066406070
"logistic_iid_n500",269,2066392071,2066422071,2066452071,2066402071,2066403071,2066404071,2066405071,2066406071
"logistic_iid_n500",270,2066392072,2066422072,2066452072,2066402072,2066403072,2066404072,2066405072,2066406072
"logistic_iid_n500",271,2066392073,2066422073,2066452073,2066402073,2066403073,2066404073,2066405073,2066406073
"logistic_iid_n500",272,2066392074,2066422074,2066452074,2066402074,2066403074,2066404074,2066405074,2066406074
"logistic_iid_n500",273,2066392075,2066422075,2066452075,2066402075,2066403075,2066404075,2066405075,2066406075
"logistic_iid_n500",274,2066392076,2066422076,2066452076,2066402076,2066403076,2066404076,2066405076,2066406076
"logistic_iid_n500",275,2066392077,2066422077,2066452077,2066402077,2066403077,2066404077,2066405077,2066406077
"logistic_iid_n500",276,2066392078,2066422078,2066452078,2066402078,2066403078,2066404078,2066405078,2066406078
"logistic_iid_n500",277,2066392079,2066422079,2066452079,2066402079,2066403079,2066404079,2066405079,2066406079
"logistic_iid_n500",278,2066392080,2066422080,2066452080,2066402080,2066403080,2066404080,2066405080,2066406080
"logistic_iid_n500",279,2066392081,2066422081,2066452081,2066402081,2066403081,2066404081,2066405081,2066406081
"logistic_iid_n500",280,2066392082,2066422082,2066452082,2066402082,2066403082,2066404082,2066405082,2066406082
"logistic_iid_n500",281,2066392083,2066422083,2066452083,2066402083,2066403083,2066404083,2066405083,2066406083
"logistic_iid_n500",282,2066392084,2066422084,2066452084,2066402084,2066403084,2066404084,2066405084,2066406084
"logistic_iid_n500",283,2066392085,2066422085,2066452085,2066402085,2066403085,2066404085,2066405085,2066406085
"logistic_iid_n500",284,2066392086,2066422086,2066452086,2066402086,2066403086,2066404086,2066405086,2066406086
"logistic_iid_n500",285,2066392087,2066422087,2066452087,2066402087,2066403087,2066404087,2066405087,2066406087
"logistic_iid_n500",286,2066392088,2066422088,2066452088,2066402088,2066403088,2066404088,2066405088,2066406088
"logistic_iid_n500",287,2066392089,2066422089,2066452089,2066402089,2066403089,2066404089,2066405089,2066406089
"logistic_iid_n500",288,2066392090,2066422090,2066452090,2066402090,2066403090,2066404090,2066405090,2066406090
"logistic_iid_n500",289,2066392091,2066422091,2066452091,2066402091,2066403091,2066404091,2066405091,2066406091
"logistic_iid_n500",290,2066392092,2066422092,2066452092,2066402092,2066403092,2066404092,2066405092,2066406092
"logistic_iid_n500",291,2066392093,2066422093,2066452093,2066402093,2066403093,2066404093,2066405093,2066406093
"logistic_iid_n500",292,2066392094,2066422094,2066452094,2066402094,2066403094,2066404094,2066405094,2066406094
"logistic_iid_n500",293,2066392095,2066422095,2066452095,2066402095,2066403095,2066404095,2066405095,2066406095
"logistic_iid_n500",294,2066392096,2066422096,2066452096,2066402096,2066403096,2066404096,2066405096,2066406096
"logistic_iid_n500",295,2066392097,2066422097,2066452097,2066402097,2066403097,2066404097,2066405097,2066406097
"logistic_iid_n500",296,2066392098,2066422098,2066452098,2066402098,2066403098,2066404098,2066405098,2066406098
"logistic_iid_n500",297,2066392099,2066422099,2066452099,2066402099,2066403099,2066404099,2066405099,2066406099
"logistic_iid_n500",298,2066392100,2066422100,2066452100,2066402100,2066403100,2066404100,2066405100,2066406100
"logistic_iid_n500",299,2066392101,2066422101,2066452101,2066402101,2066403101,2066404101,2066405101,2066406101
"logistic_iid_n500",300,2066392102,2066422102,2066452102,2066402102,2066403102,2066404102,2066405102,2066406102
"logistic_iid_n500",301,2066392103,2066422103,2066452103,2066402103,2066403103,2066404103,2066405103,2066406103
"logistic_iid_n500",302,2066392104,2066422104,2066452104,2066402104,2066403104,2066404104,2066405104,2066406104
"logistic_iid_n500",303,2066392105,2066422105,2066452105,2066402105,2066403105,2066404105,2066405105,2066406105
"logistic_iid_n500",304,2066392106,2066422106,2066452106,2066402106,2066403106,2066404106,2066405106,2066406106
"logistic_iid_n500",305,2066392107,2066422107,2066452107,2066402107,2066403107,2066404107,2066405107,2066406107
"logistic_iid_n500",306,2066392108,2066422108,2066452108,2066402108,2066403108,2066404108,2066405108,2066406108
"logistic_iid_n500",307,2066392109,2066422109,2066452109,2066402109,2066403109,2066404109,2066405109,2066406109
"logistic_iid_n500",308,2066392110,2066422110,2066452110,2066402110,2066403110,2066404110,2066405110,2066406110
"logistic_iid_n500",309,2066392111,2066422111,2066452111,2066402111,2066403111,2066404111,2066405111,2066406111
"logistic_iid_n500",310,2066392112,2066422112,2066452112,2066402112,2066403112,2066404112,2066405112,2066406112
"logistic_iid_n500",311,2066392113,2066422113,2066452113,2066402113,2066403113,2066404113,2066405113,2066406113
"logistic_iid_n500",312,2066392114,2066422114,2066452114,2066402114,2066403114,2066404114,2066405114,2066406114
"logistic_iid_n500",313,2066392115,2066422115,2066452115,2066402115,2066403115,2066404115,2066405115,2066406115
"logistic_iid_n500",314,2066392116,2066422116,2066452116,2066402116,2066403116,2066404116,2066405116,2066406116
"logistic_iid_n500",315,2066392117,2066422117,2066452117,2066402117,2066403117,2066404117,2066405117,2066406117
"logistic_iid_n500",316,2066392118,2066422118,2066452118,2066402118,2066403118,2066404118,2066405118,2066406118
"logistic_iid_n500",317,2066392119,2066422119,2066452119,2066402119,2066403119,2066404119,2066405119,2066406119
"logistic_iid_n500",318,2066392120,2066422120,2066452120,2066402120,2066403120,2066404120,2066405120,2066406120
"logistic_iid_n500",319,2066392121,2066422121,2066452121,2066402121,2066403121,2066404121,2066405121,2066406121
"logistic_iid_n500",320,2066392122,2066422122,2066452122,2066402122,2066403122,2066404122,2066405122,2066406122
"logistic_iid_n500",321,2066392123,2066422123,2066452123,2066402123,2066403123,2066404123,2066405123,2066406123
"logistic_iid_n500",322,2066392124,2066422124,2066452124,2066402124,2066403124,2066404124,2066405124,2066406124
"logistic_iid_n500",323,2066392125,2066422125,2066452125,2066402125,2066403125,2066404125,2066405125,2066406125
"logistic_iid_n500",324,2066392126,2066422126,2066452126,2066402126,2066403126,2066404126,2066405126,2066406126
"logistic_iid_n500",325,2066392127,2066422127,2066452127,2066402127,2066403127,2066404127,2066405127,2066406127
"logistic_iid_n500",326,2066392128,2066422128,2066452128,2066402128,2066403128,2066404128,2066405128,2066406128
"logistic_iid_n500",327,2066392129,2066422129,2066452129,2066402129,2066403129,2066404129,2066405129,2066406129
"logistic_iid_n500",328,2066392130,2066422130,2066452130,2066402130,2066403130,2066404130,2066405130,2066406130
"logistic_iid_n500",329,2066392131,2066422131,2066452131,2066402131,2066403131,2066404131,2066405131,2066406131
"logistic_iid_n500",330,2066392132,2066422132,2066452132,2066402132,2066403132,2066404132,2066405132,2066406132
"logistic_iid_n500",331,2066392133,2066422133,2066452133,2066402133,2066403133,2066404133,2066405133,2066406133
"logistic_iid_n500",332,2066392134,2066422134,2066452134,2066402134,2066403134,2066404134,2066405134,2066406134
"logistic_iid_n500",333,2066392135,2066422135,2066452135,2066402135,2066403135,2066404135,2066405135,2066406135
"logistic_iid_n500",334,2066392136,2066422136,2066452136,2066402136,2066403136,2066404136,2066405136,2066406136
"logistic_iid_n500",335,2066392137,2066422137,2066452137,2066402137,2066403137,2066404137,2066405137,2066406137
"logistic_iid_n500",336,2066392138,2066422138,2066452138,2066402138,2066403138,2066404138,2066405138,2066406138
"logistic_iid_n500",337,2066392139,2066422139,2066452139,2066402139,2066403139,2066404139,2066405139,2066406139
"logistic_iid_n500",338,2066392140,2066422140,2066452140,2066402140,2066403140,2066404140,2066405140,2066406140
"logistic_iid_n500",339,2066392141,2066422141,2066452141,2066402141,2066403141,2066404141,2066405141,2066406141
"logistic_iid_n500",340,2066392142,2066422142,2066452142,2066402142,2066403142,2066404142,2066405142,2066406142
"logistic_iid_n500",341,2066392143,2066422143,2066452143,2066402143,2066403143,2066404143,2066405143,2066406143
"logistic_iid_n500",342,2066392144,2066422144,2066452144,2066402144,2066403144,2066404144,2066405144,2066406144
"logistic_iid_n500",343,2066392145,2066422145,2066452145,2066402145,2066403145,2066404145,2066405145,2066406145
"logistic_iid_n500",344,2066392146,2066422146,2066452146,2066402146,2066403146,2066404146,2066405146,2066406146
"logistic_iid_n500",345,2066392147,2066422147,2066452147,2066402147,2066403147,2066404147,2066405147,2066406147
"logistic_iid_n500",346,2066392148,2066422148,2066452148,2066402148,2066403148,2066404148,2066405148,2066406148
"logistic_iid_n500",347,2066392149,2066422149,2066452149,2066402149,2066403149,2066404149,2066405149,2066406149
"logistic_iid_n500",348,2066392150,2066422150,2066452150,2066402150,2066403150,2066404150,2066405150,2066406150
"logistic_iid_n500",349,2066392151,2066422151,2066452151,2066402151,2066403151,2066404151,2066405151,2066406151
"logistic_iid_n500",350,2066392152,2066422152,2066452152,2066402152,2066403152,2066404152,2066405152,2066406152
"logistic_iid_n500",351,2066392153,2066422153,2066452153,2066402153,2066403153,2066404153,2066405153,2066406153
"logistic_iid_n500",352,2066392154,2066422154,2066452154,2066402154,2066403154,2066404154,2066405154,2066406154
"logistic_iid_n500",353,2066392155,2066422155,2066452155,2066402155,2066403155,2066404155,2066405155,2066406155
"logistic_iid_n500",354,2066392156,2066422156,2066452156,2066402156,2066403156,2066404156,2066405156,2066406156
"logistic_iid_n500",355,2066392157,2066422157,2066452157,2066402157,2066403157,2066404157,2066405157,2066406157
"logistic_iid_n500",356,2066392158,2066422158,2066452158,2066402158,2066403158,2066404158,2066405158,2066406158
"logistic_iid_n500",357,2066392159,2066422159,2066452159,2066402159,2066403159,2066404159,2066405159,2066406159
"logistic_iid_n500",358,2066392160,2066422160,2066452160,2066402160,2066403160,2066404160,2066405160,2066406160
"logistic_iid_n500",359,2066392161,2066422161,2066452161,2066402161,2066403161,2066404161,2066405161,2066406161
"logistic_iid_n500",360,2066392162,2066422162,2066452162,2066402162,2066403162,2066404162,2066405162,2066406162
"logistic_iid_n500",361,2066392163,2066422163,2066452163,2066402163,2066403163,2066404163,2066405163,2066406163
"logistic_iid_n500",362,2066392164,2066422164,2066452164,2066402164,2066403164,2066404164,2066405164,2066406164
"logistic_iid_n500",363,2066392165,2066422165,2066452165,2066402165,2066403165,2066404165,2066405165,2066406165
"logistic_iid_n500",364,2066392166,2066422166,2066452166,2066402166,2066403166,2066404166,2066405166,2066406166
"logistic_iid_n500",365,2066392167,2066422167,2066452167,2066402167,2066403167,2066404167,2066405167,2066406167
"logistic_iid_n500",366,2066392168,2066422168,2066452168,2066402168,2066403168,2066404168,2066405168,2066406168
"logistic_iid_n500",367,2066392169,2066422169,2066452169,2066402169,2066403169,2066404169,2066405169,2066406169
"logistic_iid_n500",368,2066392170,2066422170,2066452170,2066402170,2066403170,2066404170,2066405170,2066406170
"logistic_iid_n500",369,2066392171,2066422171,2066452171,2066402171,2066403171,2066404171,2066405171,2066406171
"logistic_iid_n500",370,2066392172,2066422172,2066452172,2066402172,2066403172,2066404172,2066405172,2066406172
"logistic_iid_n500",371,2066392173,2066422173,2066452173,2066402173,2066403173,2066404173,2066405173,2066406173
"logistic_iid_n500",372,2066392174,2066422174,2066452174,2066402174,2066403174,2066404174,2066405174,2066406174
"logistic_iid_n500",373,2066392175,2066422175,2066452175,2066402175,2066403175,2066404175,2066405175,2066406175
"logistic_iid_n500",374,2066392176,2066422176,2066452176,2066402176,2066403176,2066404176,2066405176,2066406176
"logistic_iid_n500",375,2066392177,2066422177,2066452177,2066402177,2066403177,2066404177,2066405177,2066406177
"logistic_iid_n500",376,2066392178,2066422178,2066452178,2066402178,2066403178,2066404178,2066405178,2066406178
"logistic_iid_n500",377,2066392179,2066422179,2066452179,2066402179,2066403179,2066404179,2066405179,2066406179
"logistic_iid_n500",378,2066392180,2066422180,2066452180,2066402180,2066403180,2066404180,2066405180,2066406180
"logistic_iid_n500",379,2066392181,2066422181,2066452181,2066402181,2066403181,2066404181,2066405181,2066406181
"logistic_iid_n500",380,2066392182,2066422182,2066452182,2066402182,2066403182,2066404182,2066405182,2066406182
"logistic_iid_n500",381,2066392183,2066422183,2066452183,2066402183,2066403183,2066404183,2066405183,2066406183
"logistic_iid_n500",382,2066392184,2066422184,2066452184,2066402184,2066403184,2066404184,2066405184,2066406184
"logistic_iid_n500",383,2066392185,2066422185,2066452185,2066402185,2066403185,2066404185,2066405185,2066406185
"logistic_iid_n500",384,2066392186,2066422186,2066452186,2066402186,2066403186,2066404186,2066405186,2066406186
"logistic_iid_n500",385,2066392187,2066422187,2066452187,2066402187,2066403187,2066404187,2066405187,2066406187
"logistic_iid_n500",386,2066392188,2066422188,2066452188,2066402188,2066403188,2066404188,2066405188,2066406188
"logistic_iid_n500",387,2066392189,2066422189,2066452189,2066402189,2066403189,2066404189,2066405189,2066406189
"logistic_iid_n500",388,2066392190,2066422190,2066452190,2066402190,2066403190,2066404190,2066405190,2066406190
"logistic_iid_n500",389,2066392191,2066422191,2066452191,2066402191,2066403191,2066404191,2066405191,2066406191
"logistic_iid_n500",390,2066392192,2066422192,2066452192,2066402192,2066403192,2066404192,2066405192,2066406192
"logistic_iid_n500",391,2066392193,2066422193,2066452193,2066402193,2066403193,2066404193,2066405193,2066406193
"logistic_iid_n500",392,2066392194,2066422194,2066452194,2066402194,2066403194,2066404194,2066405194,2066406194
"logistic_iid_n500",393,2066392195,2066422195,2066452195,2066402195,2066403195,2066404195,2066405195,2066406195
"logistic_iid_n500",394,2066392196,2066422196,2066452196,2066402196,2066403196,2066404196,2066405196,2066406196
"logistic_iid_n500",395,2066392197,2066422197,2066452197,2066402197,2066403197,2066404197,2066405197,2066406197
"logistic_iid_n500",396,2066392198,2066422198,2066452198,2066402198,2066403198,2066404198,2066405198,2066406198
"logistic_iid_n500",397,2066392199,2066422199,2066452199,2066402199,2066403199,2066404199,2066405199,2066406199
"logistic_iid_n500",398,2066392200,2066422200,2066452200,2066402200,2066403200,2066404200,2066405200,2066406200
"logistic_iid_n500",399,2066392201,2066422201,2066452201,2066402201,2066403201,2066404201,2066405201,2066406201
"logistic_iid_n500",400,2066392202,2066422202,2066452202,2066402202,2066403202,2066404202,2066405202,2066406202
"logistic_iid_n500",401,2066392203,2066422203,2066452203,2066402203,2066403203,2066404203,2066405203,2066406203
"logistic_iid_n500",402,2066392204,2066422204,2066452204,2066402204,2066403204,2066404204,2066405204,2066406204
"logistic_iid_n500",403,2066392205,2066422205,2066452205,2066402205,2066403205,2066404205,2066405205,2066406205
"logistic_iid_n500",404,2066392206,2066422206,2066452206,2066402206,2066403206,2066404206,2066405206,2066406206
"logistic_iid_n500",405,2066392207,2066422207,2066452207,2066402207,2066403207,2066404207,2066405207,2066406207
"logistic_iid_n500",406,2066392208,2066422208,2066452208,2066402208,2066403208,2066404208,2066405208,2066406208
"logistic_iid_n500",407,2066392209,2066422209,2066452209,2066402209,2066403209,2066404209,2066405209,2066406209
"logistic_iid_n500",408,2066392210,2066422210,2066452210,2066402210,2066403210,2066404210,2066405210,2066406210
"logistic_iid_n500",409,2066392211,2066422211,2066452211,2066402211,2066403211,2066404211,2066405211,2066406211
"logistic_iid_n500",410,2066392212,2066422212,2066452212,2066402212,2066403212,2066404212,2066405212,2066406212
"logistic_iid_n500",411,2066392213,2066422213,2066452213,2066402213,2066403213,2066404213,2066405213,2066406213
"logistic_iid_n500",412,2066392214,2066422214,2066452214,2066402214,2066403214,2066404214,2066405214,2066406214
"logistic_iid_n500",413,2066392215,2066422215,2066452215,2066402215,2066403215,2066404215,2066405215,2066406215
"logistic_iid_n500",414,2066392216,2066422216,2066452216,2066402216,2066403216,2066404216,2066405216,2066406216
"logistic_iid_n500",415,2066392217,2066422217,2066452217,2066402217,2066403217,2066404217,2066405217,2066406217
"logistic_iid_n500",416,2066392218,2066422218,2066452218,2066402218,2066403218,2066404218,2066405218,2066406218
"logistic_iid_n500",417,2066392219,2066422219,2066452219,2066402219,2066403219,2066404219,2066405219,2066406219
"logistic_iid_n500",418,2066392220,2066422220,2066452220,2066402220,2066403220,2066404220,2066405220,2066406220
"logistic_iid_n500",419,2066392221,2066422221,2066452221,2066402221,2066403221,2066404221,2066405221,2066406221
"logistic_iid_n500",420,2066392222,2066422222,2066452222,2066402222,2066403222,2066404222,2066405222,2066406222
"logistic_iid_n500",421,2066392223,2066422223,2066452223,2066402223,2066403223,2066404223,2066405223,2066406223
"logistic_iid_n500",422,2066392224,2066422224,2066452224,2066402224,2066403224,2066404224,2066405224,2066406224
"logistic_iid_n500",423,2066392225,2066422225,2066452225,2066402225,2066403225,2066404225,2066405225,2066406225
"logistic_iid_n500",424,2066392226,2066422226,2066452226,2066402226,2066403226,2066404226,2066405226,2066406226
"logistic_iid_n500",425,2066392227,2066422227,2066452227,2066402227,2066403227,2066404227,2066405227,2066406227
"logistic_iid_n500",426,2066392228,2066422228,2066452228,2066402228,2066403228,2066404228,2066405228,2066406228
"logistic_iid_n500",427,2066392229,2066422229,2066452229,2066402229,2066403229,2066404229,2066405229,2066406229
"logistic_iid_n500",428,2066392230,2066422230,2066452230,2066402230,2066403230,2066404230,2066405230,2066406230
"logistic_iid_n500",429,2066392231,2066422231,2066452231,2066402231,2066403231,2066404231,2066405231,2066406231
"logistic_iid_n500",430,2066392232,2066422232,2066452232,2066402232,2066403232,2066404232,2066405232,2066406232
"logistic_iid_n500",431,2066392233,2066422233,2066452233,2066402233,2066403233,2066404233,2066405233,2066406233
"logistic_iid_n500",432,2066392234,2066422234,2066452234,2066402234,2066403234,2066404234,2066405234,2066406234
"logistic_iid_n500",433,2066392235,2066422235,2066452235,2066402235,2066403235,2066404235,2066405235,2066406235
"logistic_iid_n500",434,2066392236,2066422236,2066452236,2066402236,2066403236,2066404236,2066405236,2066406236
"logistic_iid_n500",435,2066392237,2066422237,2066452237,2066402237,2066403237,2066404237,2066405237,2066406237
"logistic_iid_n500",436,2066392238,2066422238,2066452238,2066402238,2066403238,2066404238,2066405238,2066406238
"logistic_iid_n500",437,2066392239,2066422239,2066452239,2066402239,2066403239,2066404239,2066405239,2066406239
"logistic_iid_n500",438,2066392240,2066422240,2066452240,2066402240,2066403240,2066404240,2066405240,2066406240
"logistic_iid_n500",439,2066392241,2066422241,2066452241,2066402241,2066403241,2066404241,2066405241,2066406241
"logistic_iid_n500",440,2066392242,2066422242,2066452242,2066402242,2066403242,2066404242,2066405242,2066406242
"logistic_iid_n500",441,2066392243,2066422243,2066452243,2066402243,2066403243,2066404243,2066405243,2066406243
"logistic_iid_n500",442,2066392244,2066422244,2066452244,2066402244,2066403244,2066404244,2066405244,2066406244
"logistic_iid_n500",443,2066392245,2066422245,2066452245,2066402245,2066403245,2066404245,2066405245,2066406245
"logistic_iid_n500",444,2066392246,2066422246,2066452246,2066402246,2066403246,2066404246,2066405246,2066406246
"logistic_iid_n500",445,2066392247,2066422247,2066452247,2066402247,2066403247,2066404247,2066405247,2066406247
"logistic_iid_n500",446,2066392248,2066422248,2066452248,2066402248,2066403248,2066404248,2066405248,2066406248
"logistic_iid_n500",447,2066392249,2066422249,2066452249,2066402249,2066403249,2066404249,2066405249,2066406249
"logistic_iid_n500",448,2066392250,2066422250,2066452250,2066402250,2066403250,2066404250,2066405250,2066406250
"logistic_iid_n500",449,2066392251,2066422251,2066452251,2066402251,2066403251,2066404251,2066405251,2066406251
"logistic_iid_n500",450,2066392252,2066422252,2066452252,2066402252,2066403252,2066404252,2066405252,2066406252
"logistic_iid_n500",451,2066392253,2066422253,2066452253,2066402253,2066403253,2066404253,2066405253,2066406253
"logistic_iid_n500",452,2066392254,2066422254,2066452254,2066402254,2066403254,2066404254,2066405254,2066406254
"logistic_iid_n500",453,2066392255,2066422255,2066452255,2066402255,2066403255,2066404255,2066405255,2066406255
"logistic_iid_n500",454,2066392256,2066422256,2066452256,2066402256,2066403256,2066404256,2066405256,2066406256
"logistic_iid_n500",455,2066392257,2066422257,2066452257,2066402257,2066403257,2066404257,2066405257,2066406257
"logistic_iid_n500",456,2066392258,2066422258,2066452258,2066402258,2066403258,2066404258,2066405258,2066406258
"logistic_iid_n500",457,2066392259,2066422259,2066452259,2066402259,2066403259,2066404259,2066405259,2066406259
"logistic_iid_n500",458,2066392260,2066422260,2066452260,2066402260,2066403260,2066404260,2066405260,2066406260
"logistic_iid_n500",459,2066392261,2066422261,2066452261,2066402261,2066403261,2066404261,2066405261,2066406261
"logistic_iid_n500",460,2066392262,2066422262,2066452262,2066402262,2066403262,2066404262,2066405262,2066406262
"logistic_iid_n500",461,2066392263,2066422263,2066452263,2066402263,2066403263,2066404263,2066405263,2066406263
"logistic_iid_n500",462,2066392264,2066422264,2066452264,2066402264,2066403264,2066404264,2066405264,2066406264
"logistic_iid_n500",463,2066392265,2066422265,2066452265,2066402265,2066403265,2066404265,2066405265,2066406265
"logistic_iid_n500",464,2066392266,2066422266,2066452266,2066402266,2066403266,2066404266,2066405266,2066406266
"logistic_iid_n500",465,2066392267,2066422267,2066452267,2066402267,2066403267,2066404267,2066405267,2066406267
"logistic_iid_n500",466,2066392268,2066422268,2066452268,2066402268,2066403268,2066404268,2066405268,2066406268
"logistic_iid_n500",467,2066392269,2066422269,2066452269,2066402269,2066403269,2066404269,2066405269,2066406269
"logistic_iid_n500",468,2066392270,2066422270,2066452270,2066402270,2066403270,2066404270,2066405270,2066406270
"logistic_iid_n500",469,2066392271,2066422271,2066452271,2066402271,2066403271,2066404271,2066405271,2066406271
"logistic_iid_n500",470,2066392272,2066422272,2066452272,2066402272,2066403272,2066404272,2066405272,2066406272
"logistic_iid_n500",471,2066392273,2066422273,2066452273,2066402273,2066403273,2066404273,2066405273,2066406273
"logistic_iid_n500",472,2066392274,2066422274,2066452274,2066402274,2066403274,2066404274,2066405274,2066406274
"logistic_iid_n500",473,2066392275,2066422275,2066452275,2066402275,2066403275,2066404275,2066405275,2066406275
"logistic_iid_n500",474,2066392276,2066422276,2066452276,2066402276,2066403276,2066404276,2066405276,2066406276
"logistic_iid_n500",475,2066392277,2066422277,2066452277,2066402277,2066403277,2066404277,2066405277,2066406277
"logistic_iid_n500",476,2066392278,2066422278,2066452278,2066402278,2066403278,2066404278,2066405278,2066406278
"logistic_iid_n500",477,2066392279,2066422279,2066452279,2066402279,2066403279,2066404279,2066405279,2066406279
"logistic_iid_n500",478,2066392280,2066422280,2066452280,2066402280,2066403280,2066404280,2066405280,2066406280
"logistic_iid_n500",479,2066392281,2066422281,2066452281,2066402281,2066403281,2066404281,2066405281,2066406281
"logistic_iid_n500",480,2066392282,2066422282,2066452282,2066402282,2066403282,2066404282,2066405282,2066406282
"logistic_iid_n500",481,2066392283,2066422283,2066452283,2066402283,2066403283,2066404283,2066405283,2066406283
"logistic_iid_n500",482,2066392284,2066422284,2066452284,2066402284,2066403284,2066404284,2066405284,2066406284
"logistic_iid_n500",483,2066392285,2066422285,2066452285,2066402285,2066403285,2066404285,2066405285,2066406285
"logistic_iid_n500",484,2066392286,2066422286,2066452286,2066402286,2066403286,2066404286,2066405286,2066406286
"logistic_iid_n500",485,2066392287,2066422287,2066452287,2066402287,2066403287,2066404287,2066405287,2066406287
"logistic_iid_n500",486,2066392288,2066422288,2066452288,2066402288,2066403288,2066404288,2066405288,2066406288
"logistic_iid_n500",487,2066392289,2066422289,2066452289,2066402289,2066403289,2066404289,2066405289,2066406289
"logistic_iid_n500",488,2066392290,2066422290,2066452290,2066402290,2066403290,2066404290,2066405290,2066406290
"logistic_iid_n500",489,2066392291,2066422291,2066452291,2066402291,2066403291,2066404291,2066405291,2066406291
"logistic_iid_n500",490,2066392292,2066422292,2066452292,2066402292,2066403292,2066404292,2066405292,2066406292
"logistic_iid_n500",491,2066392293,2066422293,2066452293,2066402293,2066403293,2066404293,2066405293,2066406293
"logistic_iid_n500",492,2066392294,2066422294,2066452294,2066402294,2066403294,2066404294,2066405294,2066406294
"logistic_iid_n500",493,2066392295,2066422295,2066452295,2066402295,2066403295,2066404295,2066405295,2066406295
"logistic_iid_n500",494,2066392296,2066422296,2066452296,2066402296,2066403296,2066404296,2066405296,2066406296
"logistic_iid_n500",495,2066392297,2066422297,2066452297,2066402297,2066403297,2066404297,2066405297,2066406297
"logistic_iid_n500",496,2066392298,2066422298,2066452298,2066402298,2066403298,2066404298,2066405298,2066406298
"logistic_iid_n500",497,2066392299,2066422299,2066452299,2066402299,2066403299,2066404299,2066405299,2066406299
"logistic_iid_n500",498,2066392300,2066422300,2066452300,2066402300,2066403300,2066404300,2066405300,2066406300
"logistic_iid_n500",499,2066392301,2066422301,2066452301,2066402301,2066403301,2066404301,2066405301,2066406301
"logistic_iid_n500",500,2066392302,2066422302,2066452302,2066402302,2066403302,2066404302,2066405302,2066406302
"logistic_iid_n500",501,2066392303,2066422303,2066452303,2066402303,2066403303,2066404303,2066405303,2066406303
"logistic_iid_n500",502,2066392304,2066422304,2066452304,2066402304,2066403304,2066404304,2066405304,2066406304
"logistic_iid_n500",503,2066392305,2066422305,2066452305,2066402305,2066403305,2066404305,2066405305,2066406305
"logistic_iid_n500",504,2066392306,2066422306,2066452306,2066402306,2066403306,2066404306,2066405306,2066406306
"logistic_iid_n500",505,2066392307,2066422307,2066452307,2066402307,2066403307,2066404307,2066405307,2066406307
"logistic_iid_n500",506,2066392308,2066422308,2066452308,2066402308,2066403308,2066404308,2066405308,2066406308
"logistic_iid_n500",507,2066392309,2066422309,2066452309,2066402309,2066403309,2066404309,2066405309,2066406309
"logistic_iid_n500",508,2066392310,2066422310,2066452310,2066402310,2066403310,2066404310,2066405310,2066406310
"logistic_iid_n500",509,2066392311,2066422311,2066452311,2066402311,2066403311,2066404311,2066405311,2066406311
"logistic_iid_n500",510,2066392312,2066422312,2066452312,2066402312,2066403312,2066404312,2066405312,2066406312
"logistic_iid_n500",511,2066392313,2066422313,2066452313,2066402313,2066403313,2066404313,2066405313,2066406313
"logistic_iid_n500",512,2066392314,2066422314,2066452314,2066402314,2066403314,2066404314,2066405314,2066406314
"logistic_iid_n500",513,2066392315,2066422315,2066452315,2066402315,2066403315,2066404315,2066405315,2066406315
"logistic_iid_n500",514,2066392316,2066422316,2066452316,2066402316,2066403316,2066404316,2066405316,2066406316
"logistic_iid_n500",515,2066392317,2066422317,2066452317,2066402317,2066403317,2066404317,2066405317,2066406317
"logistic_iid_n500",516,2066392318,2066422318,2066452318,2066402318,2066403318,2066404318,2066405318,2066406318
"logistic_iid_n500",517,2066392319,2066422319,2066452319,2066402319,2066403319,2066404319,2066405319,2066406319
"logistic_iid_n500",518,2066392320,2066422320,2066452320,2066402320,2066403320,2066404320,2066405320,2066406320
"logistic_iid_n500",519,2066392321,2066422321,2066452321,2066402321,2066403321,2066404321,2066405321,2066406321
"logistic_iid_n500",520,2066392322,2066422322,2066452322,2066402322,2066403322,2066404322,2066405322,2066406322
"logistic_iid_n500",521,2066392323,2066422323,2066452323,2066402323,2066403323,2066404323,2066405323,2066406323
"logistic_iid_n500",522,2066392324,2066422324,2066452324,2066402324,2066403324,2066404324,2066405324,2066406324
"logistic_iid_n500",523,2066392325,2066422325,2066452325,2066402325,2066403325,2066404325,2066405325,2066406325
"logistic_iid_n500",524,2066392326,2066422326,2066452326,2066402326,2066403326,2066404326,2066405326,2066406326
"logistic_iid_n500",525,2066392327,2066422327,2066452327,2066402327,2066403327,2066404327,2066405327,2066406327
"logistic_iid_n500",526,2066392328,2066422328,2066452328,2066402328,2066403328,2066404328,2066405328,2066406328
"logistic_iid_n500",527,2066392329,2066422329,2066452329,2066402329,2066403329,2066404329,2066405329,2066406329
"logistic_iid_n500",528,2066392330,2066422330,2066452330,2066402330,2066403330,2066404330,2066405330,2066406330
"logistic_iid_n500",529,2066392331,2066422331,2066452331,2066402331,2066403331,2066404331,2066405331,2066406331
"logistic_iid_n500",530,2066392332,2066422332,2066452332,2066402332,2066403332,2066404332,2066405332,2066406332
"logistic_iid_n500",531,2066392333,2066422333,2066452333,2066402333,2066403333,2066404333,2066405333,2066406333
"logistic_iid_n500",532,2066392334,2066422334,2066452334,2066402334,2066403334,2066404334,2066405334,2066406334
"logistic_iid_n500",533,2066392335,2066422335,2066452335,2066402335,2066403335,2066404335,2066405335,2066406335
"logistic_iid_n500",534,2066392336,2066422336,2066452336,2066402336,2066403336,2066404336,2066405336,2066406336
"logistic_iid_n500",535,2066392337,2066422337,2066452337,2066402337,2066403337,2066404337,2066405337,2066406337
"logistic_iid_n500",536,2066392338,2066422338,2066452338,2066402338,2066403338,2066404338,2066405338,2066406338
"logistic_iid_n500",537,2066392339,2066422339,2066452339,2066402339,2066403339,2066404339,2066405339,2066406339
"logistic_iid_n500",538,2066392340,2066422340,2066452340,2066402340,2066403340,2066404340,2066405340,2066406340
"logistic_iid_n500",539,2066392341,2066422341,2066452341,2066402341,2066403341,2066404341,2066405341,2066406341
"logistic_iid_n500",540,2066392342,2066422342,2066452342,2066402342,2066403342,2066404342,2066405342,2066406342
"logistic_iid_n500",541,2066392343,2066422343,2066452343,2066402343,2066403343,2066404343,2066405343,2066406343
"logistic_iid_n500",542,2066392344,2066422344,2066452344,2066402344,2066403344,2066404344,2066405344,2066406344
"logistic_iid_n500",543,2066392345,2066422345,2066452345,2066402345,2066403345,2066404345,2066405345,2066406345
"logistic_iid_n500",544,2066392346,2066422346,2066452346,2066402346,2066403346,2066404346,2066405346,2066406346
"logistic_iid_n500",545,2066392347,2066422347,2066452347,2066402347,2066403347,2066404347,2066405347,2066406347
"logistic_iid_n500",546,2066392348,2066422348,2066452348,2066402348,2066403348,2066404348,2066405348,2066406348
"logistic_iid_n500",547,2066392349,2066422349,2066452349,2066402349,2066403349,2066404349,2066405349,2066406349
"logistic_iid_n500",548,2066392350,2066422350,2066452350,2066402350,2066403350,2066404350,2066405350,2066406350
"logistic_iid_n500",549,2066392351,2066422351,2066452351,2066402351,2066403351,2066404351,2066405351,2066406351
"logistic_iid_n500",550,2066392352,2066422352,2066452352,2066402352,2066403352,2066404352,2066405352,2066406352
"logistic_iid_n500",551,2066392353,2066422353,2066452353,2066402353,2066403353,2066404353,2066405353,2066406353
"logistic_iid_n500",552,2066392354,2066422354,2066452354,2066402354,2066403354,2066404354,2066405354,2066406354
"logistic_iid_n500",553,2066392355,2066422355,2066452355,2066402355,2066403355,2066404355,2066405355,2066406355
"logistic_iid_n500",554,2066392356,2066422356,2066452356,2066402356,2066403356,2066404356,2066405356,2066406356
"logistic_iid_n500",555,2066392357,2066422357,2066452357,2066402357,2066403357,2066404357,2066405357,2066406357
"logistic_iid_n500",556,2066392358,2066422358,2066452358,2066402358,2066403358,2066404358,2066405358,2066406358
"logistic_iid_n500",557,2066392359,2066422359,2066452359,2066402359,2066403359,2066404359,2066405359,2066406359
"logistic_iid_n500",558,2066392360,2066422360,2066452360,2066402360,2066403360,2066404360,2066405360,2066406360
"logistic_iid_n500",559,2066392361,2066422361,2066452361,2066402361,2066403361,2066404361,2066405361,2066406361
"logistic_iid_n500",560,2066392362,2066422362,2066452362,2066402362,2066403362,2066404362,2066405362,2066406362
"logistic_iid_n500",561,2066392363,2066422363,2066452363,2066402363,2066403363,2066404363,2066405363,2066406363
"logistic_iid_n500",562,2066392364,2066422364,2066452364,2066402364,2066403364,2066404364,2066405364,2066406364
"logistic_iid_n500",563,2066392365,2066422365,2066452365,2066402365,2066403365,2066404365,2066405365,2066406365
"logistic_iid_n500",564,2066392366,2066422366,2066452366,2066402366,2066403366,2066404366,2066405366,2066406366
"logistic_iid_n500",565,2066392367,2066422367,2066452367,2066402367,2066403367,2066404367,2066405367,2066406367
"logistic_iid_n500",566,2066392368,2066422368,2066452368,2066402368,2066403368,2066404368,2066405368,2066406368
"logistic_iid_n500",567,2066392369,2066422369,2066452369,2066402369,2066403369,2066404369,2066405369,2066406369
"logistic_iid_n500",568,2066392370,2066422370,2066452370,2066402370,2066403370,2066404370,2066405370,2066406370
"logistic_iid_n500",569,2066392371,2066422371,2066452371,2066402371,2066403371,2066404371,2066405371,2066406371
"logistic_iid_n500",570,2066392372,2066422372,2066452372,2066402372,2066403372,2066404372,2066405372,2066406372
"logistic_iid_n500",571,2066392373,2066422373,2066452373,2066402373,2066403373,2066404373,2066405373,2066406373
"logistic_iid_n500",572,2066392374,2066422374,2066452374,2066402374,2066403374,2066404374,2066405374,2066406374
"logistic_iid_n500",573,2066392375,2066422375,2066452375,2066402375,2066403375,2066404375,2066405375,2066406375
"logistic_iid_n500",574,2066392376,2066422376,2066452376,2066402376,2066403376,2066404376,2066405376,2066406376
"logistic_iid_n500",575,2066392377,2066422377,2066452377,2066402377,2066403377,2066404377,2066405377,2066406377
"logistic_iid_n500",576,2066392378,2066422378,2066452378,2066402378,2066403378,2066404378,2066405378,2066406378
"logistic_iid_n500",577,2066392379,2066422379,2066452379,2066402379,2066403379,2066404379,2066405379,2066406379
"logistic_iid_n500",578,2066392380,2066422380,2066452380,2066402380,2066403380,2066404380,2066405380,2066406380
"logistic_iid_n500",579,2066392381,2066422381,2066452381,2066402381,2066403381,2066404381,2066405381,2066406381
"logistic_iid_n500",580,2066392382,2066422382,2066452382,2066402382,2066403382,2066404382,2066405382,2066406382
"logistic_iid_n500",581,2066392383,2066422383,2066452383,2066402383,2066403383,2066404383,2066405383,2066406383
"logistic_iid_n500",582,2066392384,2066422384,2066452384,2066402384,2066403384,2066404384,2066405384,2066406384
"logistic_iid_n500",583,2066392385,2066422385,2066452385,2066402385,2066403385,2066404385,2066405385,2066406385
"logistic_iid_n500",584,2066392386,2066422386,2066452386,2066402386,2066403386,2066404386,2066405386,2066406386
"logistic_iid_n500",585,2066392387,2066422387,2066452387,2066402387,2066403387,2066404387,2066405387,2066406387
"logistic_iid_n500",586,2066392388,2066422388,2066452388,2066402388,2066403388,2066404388,2066405388,2066406388
"logistic_iid_n500",587,2066392389,2066422389,2066452389,2066402389,2066403389,2066404389,2066405389,2066406389
"logistic_iid_n500",588,2066392390,2066422390,2066452390,2066402390,2066403390,2066404390,2066405390,2066406390
"logistic_iid_n500",589,2066392391,2066422391,2066452391,2066402391,2066403391,2066404391,2066405391,2066406391
"logistic_iid_n500",590,2066392392,2066422392,2066452392,2066402392,2066403392,2066404392,2066405392,2066406392
"logistic_iid_n500",591,2066392393,2066422393,2066452393,2066402393,2066403393,2066404393,2066405393,2066406393
"logistic_iid_n500",592,2066392394,2066422394,2066452394,2066402394,2066403394,2066404394,2066405394,2066406394
"logistic_iid_n500",593,2066392395,2066422395,2066452395,2066402395,2066403395,2066404395,2066405395,2066406395
"logistic_iid_n500",594,2066392396,2066422396,2066452396,2066402396,2066403396,2066404396,2066405396,2066406396
"logistic_iid_n500",595,2066392397,2066422397,2066452397,2066402397,2066403397,2066404397,2066405397,2066406397
"logistic_iid_n500",596,2066392398,2066422398,2066452398,2066402398,2066403398,2066404398,2066405398,2066406398
"logistic_iid_n500",597,2066392399,2066422399,2066452399,2066402399,2066403399,2066404399,2066405399,2066406399
"logistic_iid_n500",598,2066392400,2066422400,2066452400,2066402400,2066403400,2066404400,2066405400,2066406400
"logistic_iid_n500",599,2066392401,2066422401,2066452401,2066402401,2066403401,2066404401,2066405401,2066406401
"logistic_iid_n500",600,2066392402,2066422402,2066452402,2066402402,2066403402,2066404402,2066405402,2066406402
"logistic_iid_n500",601,2066392403,2066422403,2066452403,2066402403,2066403403,2066404403,2066405403,2066406403
"logistic_iid_n500",602,2066392404,2066422404,2066452404,2066402404,2066403404,2066404404,2066405404,2066406404
"logistic_iid_n500",603,2066392405,2066422405,2066452405,2066402405,2066403405,2066404405,2066405405,2066406405
"logistic_iid_n500",604,2066392406,2066422406,2066452406,2066402406,2066403406,2066404406,2066405406,2066406406
"logistic_iid_n500",605,2066392407,2066422407,2066452407,2066402407,2066403407,2066404407,2066405407,2066406407
"logistic_iid_n500",606,2066392408,2066422408,2066452408,2066402408,2066403408,2066404408,2066405408,2066406408
"logistic_iid_n500",607,2066392409,2066422409,2066452409,2066402409,2066403409,2066404409,2066405409,2066406409
"logistic_iid_n500",608,2066392410,2066422410,2066452410,2066402410,2066403410,2066404410,2066405410,2066406410
"logistic_iid_n500",609,2066392411,2066422411,2066452411,2066402411,2066403411,2066404411,2066405411,2066406411
"logistic_iid_n500",610,2066392412,2066422412,2066452412,2066402412,2066403412,2066404412,2066405412,2066406412
"logistic_iid_n500",611,2066392413,2066422413,2066452413,2066402413,2066403413,2066404413,2066405413,2066406413
"logistic_iid_n500",612,2066392414,2066422414,2066452414,2066402414,2066403414,2066404414,2066405414,2066406414
"logistic_iid_n500",613,2066392415,2066422415,2066452415,2066402415,2066403415,2066404415,2066405415,2066406415
"logistic_iid_n500",614,2066392416,2066422416,2066452416,2066402416,2066403416,2066404416,2066405416,2066406416
"logistic_iid_n500",615,2066392417,2066422417,2066452417,2066402417,2066403417,2066404417,2066405417,2066406417
"logistic_iid_n500",616,2066392418,2066422418,2066452418,2066402418,2066403418,2066404418,2066405418,2066406418
"logistic_iid_n500",617,2066392419,2066422419,2066452419,2066402419,2066403419,2066404419,2066405419,2066406419
"logistic_iid_n500",618,2066392420,2066422420,2066452420,2066402420,2066403420,2066404420,2066405420,2066406420
"logistic_iid_n500",619,2066392421,2066422421,2066452421,2066402421,2066403421,2066404421,2066405421,2066406421
"logistic_iid_n500",620,2066392422,2066422422,2066452422,2066402422,2066403422,2066404422,2066405422,2066406422
"logistic_iid_n500",621,2066392423,2066422423,2066452423,2066402423,2066403423,2066404423,2066405423,2066406423
"logistic_iid_n500",622,2066392424,2066422424,2066452424,2066402424,2066403424,2066404424,2066405424,2066406424
"logistic_iid_n500",623,2066392425,2066422425,2066452425,2066402425,2066403425,2066404425,2066405425,2066406425
"logistic_iid_n500",624,2066392426,2066422426,2066452426,2066402426,2066403426,2066404426,2066405426,2066406426
"logistic_iid_n500",625,2066392427,2066422427,2066452427,2066402427,2066403427,2066404427,2066405427,2066406427
"logistic_iid_n500",626,2066392428,2066422428,2066452428,2066402428,2066403428,2066404428,2066405428,2066406428
"logistic_iid_n500",627,2066392429,2066422429,2066452429,2066402429,2066403429,2066404429,2066405429,2066406429
"logistic_iid_n500",628,2066392430,2066422430,2066452430,2066402430,2066403430,2066404430,2066405430,2066406430
"logistic_iid_n500",629,2066392431,2066422431,2066452431,2066402431,2066403431,2066404431,2066405431,2066406431
"logistic_iid_n500",630,2066392432,2066422432,2066452432,2066402432,2066403432,2066404432,2066405432,2066406432
"logistic_iid_n500",631,2066392433,2066422433,2066452433,2066402433,2066403433,2066404433,2066405433,2066406433
"logistic_iid_n500",632,2066392434,2066422434,2066452434,2066402434,2066403434,2066404434,2066405434,2066406434
"logistic_iid_n500",633,2066392435,2066422435,2066452435,2066402435,2066403435,2066404435,2066405435,2066406435
"logistic_iid_n500",634,2066392436,2066422436,2066452436,2066402436,2066403436,2066404436,2066405436,2066406436
"logistic_iid_n500",635,2066392437,2066422437,2066452437,2066402437,2066403437,2066404437,2066405437,2066406437
"logistic_iid_n500",636,2066392438,2066422438,2066452438,2066402438,2066403438,2066404438,2066405438,2066406438
"logistic_iid_n500",637,2066392439,2066422439,2066452439,2066402439,2066403439,2066404439,2066405439,2066406439
"logistic_iid_n500",638,2066392440,2066422440,2066452440,2066402440,2066403440,2066404440,2066405440,2066406440
"logistic_iid_n500",639,2066392441,2066422441,2066452441,2066402441,2066403441,2066404441,2066405441,2066406441
"logistic_iid_n500",640,2066392442,2066422442,2066452442,2066402442,2066403442,2066404442,2066405442,2066406442
"logistic_iid_n500",641,2066392443,2066422443,2066452443,2066402443,2066403443,2066404443,2066405443,2066406443
"logistic_iid_n500",642,2066392444,2066422444,2066452444,2066402444,2066403444,2066404444,2066405444,2066406444
"logistic_iid_n500",643,2066392445,2066422445,2066452445,2066402445,2066403445,2066404445,2066405445,2066406445
"logistic_iid_n500",644,2066392446,2066422446,2066452446,2066402446,2066403446,2066404446,2066405446,2066406446
"logistic_iid_n500",645,2066392447,2066422447,2066452447,2066402447,2066403447,2066404447,2066405447,2066406447
"logistic_iid_n500",646,2066392448,2066422448,2066452448,2066402448,2066403448,2066404448,2066405448,2066406448
"logistic_iid_n500",647,2066392449,2066422449,2066452449,2066402449,2066403449,2066404449,2066405449,2066406449
"logistic_iid_n500",648,2066392450,2066422450,2066452450,2066402450,2066403450,2066404450,2066405450,2066406450
"logistic_iid_n500",649,2066392451,2066422451,2066452451,2066402451,2066403451,2066404451,2066405451,2066406451
"logistic_iid_n500",650,2066392452,2066422452,2066452452,2066402452,2066403452,2066404452,2066405452,2066406452
"logistic_iid_n500",651,2066392453,2066422453,2066452453,2066402453,2066403453,2066404453,2066405453,2066406453
"logistic_iid_n500",652,2066392454,2066422454,2066452454,2066402454,2066403454,2066404454,2066405454,2066406454
"logistic_iid_n500",653,2066392455,2066422455,2066452455,2066402455,2066403455,2066404455,2066405455,2066406455
"logistic_iid_n500",654,2066392456,2066422456,2066452456,2066402456,2066403456,2066404456,2066405456,2066406456
"logistic_iid_n500",655,2066392457,2066422457,2066452457,2066402457,2066403457,2066404457,2066405457,2066406457
"logistic_iid_n500",656,2066392458,2066422458,2066452458,2066402458,2066403458,2066404458,2066405458,2066406458
"logistic_iid_n500",657,2066392459,2066422459,2066452459,2066402459,2066403459,2066404459,2066405459,2066406459
"logistic_iid_n500",658,2066392460,2066422460,2066452460,2066402460,2066403460,2066404460,2066405460,2066406460
"logistic_iid_n500",659,2066392461,2066422461,2066452461,2066402461,2066403461,2066404461,2066405461,2066406461
"logistic_iid_n500",660,2066392462,2066422462,2066452462,2066402462,2066403462,2066404462,2066405462,2066406462
"logistic_iid_n500",661,2066392463,2066422463,2066452463,2066402463,2066403463,2066404463,2066405463,2066406463
"logistic_iid_n500",662,2066392464,2066422464,2066452464,2066402464,2066403464,2066404464,2066405464,2066406464
"logistic_iid_n500",663,2066392465,2066422465,2066452465,2066402465,2066403465,2066404465,2066405465,2066406465
"logistic_iid_n500",664,2066392466,2066422466,2066452466,2066402466,2066403466,2066404466,2066405466,2066406466
"logistic_iid_n500",665,2066392467,2066422467,2066452467,2066402467,2066403467,2066404467,2066405467,2066406467
"logistic_iid_n500",666,2066392468,2066422468,2066452468,2066402468,2066403468,2066404468,2066405468,2066406468
"logistic_iid_n500",667,2066392469,2066422469,2066452469,2066402469,2066403469,2066404469,2066405469,2066406469
"logistic_iid_n500",668,2066392470,2066422470,2066452470,2066402470,2066403470,2066404470,2066405470,2066406470
"logistic_iid_n500",669,2066392471,2066422471,2066452471,2066402471,2066403471,2066404471,2066405471,2066406471
"logistic_iid_n500",670,2066392472,2066422472,2066452472,2066402472,2066403472,2066404472,2066405472,2066406472
"logistic_iid_n500",671,2066392473,2066422473,2066452473,2066402473,2066403473,2066404473,2066405473,2066406473
"logistic_iid_n500",672,2066392474,2066422474,2066452474,2066402474,2066403474,2066404474,2066405474,2066406474
"logistic_iid_n500",673,2066392475,2066422475,2066452475,2066402475,2066403475,2066404475,2066405475,2066406475
"logistic_iid_n500",674,2066392476,2066422476,2066452476,2066402476,2066403476,2066404476,2066405476,2066406476
"logistic_iid_n500",675,2066392477,2066422477,2066452477,2066402477,2066403477,2066404477,2066405477,2066406477
"logistic_iid_n500",676,2066392478,2066422478,2066452478,2066402478,2066403478,2066404478,2066405478,2066406478
"logistic_iid_n500",677,2066392479,2066422479,2066452479,2066402479,2066403479,2066404479,2066405479,2066406479
"logistic_iid_n500",678,2066392480,2066422480,2066452480,2066402480,2066403480,2066404480,2066405480,2066406480
"logistic_iid_n500",679,2066392481,2066422481,2066452481,2066402481,2066403481,2066404481,2066405481,2066406481
"logistic_iid_n500",680,2066392482,2066422482,2066452482,2066402482,2066403482,2066404482,2066405482,2066406482
"logistic_iid_n500",681,2066392483,2066422483,2066452483,2066402483,2066403483,2066404483,2066405483,2066406483
"logistic_iid_n500",682,2066392484,2066422484,2066452484,2066402484,2066403484,2066404484,2066405484,2066406484
"logistic_iid_n500",683,2066392485,2066422485,2066452485,2066402485,2066403485,2066404485,2066405485,2066406485
"logistic_iid_n500",684,2066392486,2066422486,2066452486,2066402486,2066403486,2066404486,2066405486,2066406486
"logistic_iid_n500",685,2066392487,2066422487,2066452487,2066402487,2066403487,2066404487,2066405487,2066406487
"logistic_iid_n500",686,2066392488,2066422488,2066452488,2066402488,2066403488,2066404488,2066405488,2066406488
"logistic_iid_n500",687,2066392489,2066422489,2066452489,2066402489,2066403489,2066404489,2066405489,2066406489
"logistic_iid_n500",688,2066392490,2066422490,2066452490,2066402490,2066403490,2066404490,2066405490,2066406490
"logistic_iid_n500",689,2066392491,2066422491,2066452491,2066402491,2066403491,2066404491,2066405491,2066406491
"logistic_iid_n500",690,2066392492,2066422492,2066452492,2066402492,2066403492,2066404492,2066405492,2066406492
"logistic_iid_n500",691,2066392493,2066422493,2066452493,2066402493,2066403493,2066404493,2066405493,2066406493
"logistic_iid_n500",692,2066392494,2066422494,2066452494,2066402494,2066403494,2066404494,2066405494,2066406494
"logistic_iid_n500",693,2066392495,2066422495,2066452495,2066402495,2066403495,2066404495,2066405495,2066406495
"logistic_iid_n500",694,2066392496,2066422496,2066452496,2066402496,2066403496,2066404496,2066405496,2066406496
"logistic_iid_n500",695,2066392497,2066422497,2066452497,2066402497,2066403497,2066404497,2066405497,2066406497
"logistic_iid_n500",696,2066392498,2066422498,2066452498,2066402498,2066403498,2066404498,2066405498,2066406498
"logistic_iid_n500",697,2066392499,2066422499,2066452499,2066402499,2066403499,2066404499,2066405499,2066406499
"logistic_iid_n500",698,2066392500,2066422500,2066452500,2066402500,2066403500,2066404500,2066405500,2066406500
"logistic_iid_n500",699,2066392501,2066422501,2066452501,2066402501,2066403501,2066404501,2066405501,2066406501
"logistic_iid_n500",700,2066392502,2066422502,2066452502,2066402502,2066403502,2066404502,2066405502,2066406502
"logistic_iid_n500",701,2066392503,2066422503,2066452503,2066402503,2066403503,2066404503,2066405503,2066406503
"logistic_iid_n500",702,2066392504,2066422504,2066452504,2066402504,2066403504,2066404504,2066405504,2066406504
"logistic_iid_n500",703,2066392505,2066422505,2066452505,2066402505,2066403505,2066404505,2066405505,2066406505
"logistic_iid_n500",704,2066392506,2066422506,2066452506,2066402506,2066403506,2066404506,2066405506,2066406506
"logistic_iid_n500",705,2066392507,2066422507,2066452507,2066402507,2066403507,2066404507,2066405507,2066406507
"logistic_iid_n500",706,2066392508,2066422508,2066452508,2066402508,2066403508,2066404508,2066405508,2066406508
"logistic_iid_n500",707,2066392509,2066422509,2066452509,2066402509,2066403509,2066404509,2066405509,2066406509
"logistic_iid_n500",708,2066392510,2066422510,2066452510,2066402510,2066403510,2066404510,2066405510,2066406510
"logistic_iid_n500",709,2066392511,2066422511,2066452511,2066402511,2066403511,2066404511,2066405511,2066406511
"logistic_iid_n500",710,2066392512,2066422512,2066452512,2066402512,2066403512,2066404512,2066405512,2066406512
"logistic_iid_n500",711,2066392513,2066422513,2066452513,2066402513,2066403513,2066404513,2066405513,2066406513
"logistic_iid_n500",712,2066392514,2066422514,2066452514,2066402514,2066403514,2066404514,2066405514,2066406514
"logistic_iid_n500",713,2066392515,2066422515,2066452515,2066402515,2066403515,2066404515,2066405515,2066406515
"logistic_iid_n500",714,2066392516,2066422516,2066452516,2066402516,2066403516,2066404516,2066405516,2066406516
"logistic_iid_n500",715,2066392517,2066422517,2066452517,2066402517,2066403517,2066404517,2066405517,2066406517
"logistic_iid_n500",716,2066392518,2066422518,2066452518,2066402518,2066403518,2066404518,2066405518,2066406518
"logistic_iid_n500",717,2066392519,2066422519,2066452519,2066402519,2066403519,2066404519,2066405519,2066406519
"logistic_iid_n500",718,2066392520,2066422520,2066452520,2066402520,2066403520,2066404520,2066405520,2066406520
"logistic_iid_n500",719,2066392521,2066422521,2066452521,2066402521,2066403521,2066404521,2066405521,2066406521
"logistic_iid_n500",720,2066392522,2066422522,2066452522,2066402522,2066403522,2066404522,2066405522,2066406522
"logistic_iid_n500",721,2066392523,2066422523,2066452523,2066402523,2066403523,2066404523,2066405523,2066406523
"logistic_iid_n500",722,2066392524,2066422524,2066452524,2066402524,2066403524,2066404524,2066405524,2066406524
"logistic_iid_n500",723,2066392525,2066422525,2066452525,2066402525,2066403525,2066404525,2066405525,2066406525
"logistic_iid_n500",724,2066392526,2066422526,2066452526,2066402526,2066403526,2066404526,2066405526,2066406526
"logistic_iid_n500",725,2066392527,2066422527,2066452527,2066402527,2066403527,2066404527,2066405527,2066406527
"logistic_iid_n500",726,2066392528,2066422528,2066452528,2066402528,2066403528,2066404528,2066405528,2066406528
"logistic_iid_n500",727,2066392529,2066422529,2066452529,2066402529,2066403529,2066404529,2066405529,2066406529
"logistic_iid_n500",728,2066392530,2066422530,2066452530,2066402530,2066403530,2066404530,2066405530,2066406530
"logistic_iid_n500",729,2066392531,2066422531,2066452531,2066402531,2066403531,2066404531,2066405531,2066406531
"logistic_iid_n500",730,2066392532,2066422532,2066452532,2066402532,2066403532,2066404532,2066405532,2066406532
"logistic_iid_n500",731,2066392533,2066422533,2066452533,2066402533,2066403533,2066404533,2066405533,2066406533
"logistic_iid_n500",732,2066392534,2066422534,2066452534,2066402534,2066403534,2066404534,2066405534,2066406534
"logistic_iid_n500",733,2066392535,2066422535,2066452535,2066402535,2066403535,2066404535,2066405535,2066406535
"logistic_iid_n500",734,2066392536,2066422536,2066452536,2066402536,2066403536,2066404536,2066405536,2066406536
"logistic_iid_n500",735,2066392537,2066422537,2066452537,2066402537,2066403537,2066404537,2066405537,2066406537
"logistic_iid_n500",736,2066392538,2066422538,2066452538,2066402538,2066403538,2066404538,2066405538,2066406538
"logistic_iid_n500",737,2066392539,2066422539,2066452539,2066402539,2066403539,2066404539,2066405539,2066406539
"logistic_iid_n500",738,2066392540,2066422540,2066452540,2066402540,2066403540,2066404540,2066405540,2066406540
"logistic_iid_n500",739,2066392541,2066422541,2066452541,2066402541,2066403541,2066404541,2066405541,2066406541
"logistic_iid_n500",740,2066392542,2066422542,2066452542,2066402542,2066403542,2066404542,2066405542,2066406542
"logistic_iid_n500",741,2066392543,2066422543,2066452543,2066402543,2066403543,2066404543,2066405543,2066406543
"logistic_iid_n500",742,2066392544,2066422544,2066452544,2066402544,2066403544,2066404544,2066405544,2066406544
"logistic_iid_n500",743,2066392545,2066422545,2066452545,2066402545,2066403545,2066404545,2066405545,2066406545
"logistic_iid_n500",744,2066392546,2066422546,2066452546,2066402546,2066403546,2066404546,2066405546,2066406546
"logistic_iid_n500",745,2066392547,2066422547,2066452547,2066402547,2066403547,2066404547,2066405547,2066406547
"logistic_iid_n500",746,2066392548,2066422548,2066452548,2066402548,2066403548,2066404548,2066405548,2066406548
"logistic_iid_n500",747,2066392549,2066422549,2066452549,2066402549,2066403549,2066404549,2066405549,2066406549
"logistic_iid_n500",748,2066392550,2066422550,2066452550,2066402550,2066403550,2066404550,2066405550,2066406550
"logistic_iid_n500",749,2066392551,2066422551,2066452551,2066402551,2066403551,2066404551,2066405551,2066406551
"logistic_iid_n500",750,2066392552,2066422552,2066452552,2066402552,2066403552,2066404552,2066405552,2066406552
"logistic_iid_n500",751,2066392553,2066422553,2066452553,2066402553,2066403553,2066404553,2066405553,2066406553
"logistic_iid_n500",752,2066392554,2066422554,2066452554,2066402554,2066403554,2066404554,2066405554,2066406554
"logistic_iid_n500",753,2066392555,2066422555,2066452555,2066402555,2066403555,2066404555,2066405555,2066406555
"logistic_iid_n500",754,2066392556,2066422556,2066452556,2066402556,2066403556,2066404556,2066405556,2066406556
"logistic_iid_n500",755,2066392557,2066422557,2066452557,2066402557,2066403557,2066404557,2066405557,2066406557
"logistic_iid_n500",756,2066392558,2066422558,2066452558,2066402558,2066403558,2066404558,2066405558,2066406558
"logistic_iid_n500",757,2066392559,2066422559,2066452559,2066402559,2066403559,2066404559,2066405559,2066406559
"logistic_iid_n500",758,2066392560,2066422560,2066452560,2066402560,2066403560,2066404560,2066405560,2066406560
"logistic_iid_n500",759,2066392561,2066422561,2066452561,2066402561,2066403561,2066404561,2066405561,2066406561
"logistic_iid_n500",760,2066392562,2066422562,2066452562,2066402562,2066403562,2066404562,2066405562,2066406562
"logistic_iid_n500",761,2066392563,2066422563,2066452563,2066402563,2066403563,2066404563,2066405563,2066406563
"logistic_iid_n500",762,2066392564,2066422564,2066452564,2066402564,2066403564,2066404564,2066405564,2066406564
"logistic_iid_n500",763,2066392565,2066422565,2066452565,2066402565,2066403565,2066404565,2066405565,2066406565
"logistic_iid_n500",764,2066392566,2066422566,2066452566,2066402566,2066403566,2066404566,2066405566,2066406566
"logistic_iid_n500",765,2066392567,2066422567,2066452567,2066402567,2066403567,2066404567,2066405567,2066406567
"logistic_iid_n500",766,2066392568,2066422568,2066452568,2066402568,2066403568,2066404568,2066405568,2066406568
"logistic_iid_n500",767,2066392569,2066422569,2066452569,2066402569,2066403569,2066404569,2066405569,2066406569
"logistic_iid_n500",768,2066392570,2066422570,2066452570,2066402570,2066403570,2066404570,2066405570,2066406570
"logistic_iid_n500",769,2066392571,2066422571,2066452571,2066402571,2066403571,2066404571,2066405571,2066406571
"logistic_iid_n500",770,2066392572,2066422572,2066452572,2066402572,2066403572,2066404572,2066405572,2066406572
"logistic_iid_n500",771,2066392573,2066422573,2066452573,2066402573,2066403573,2066404573,2066405573,2066406573
"logistic_iid_n500",772,2066392574,2066422574,2066452574,2066402574,2066403574,2066404574,2066405574,2066406574
"logistic_iid_n500",773,2066392575,2066422575,2066452575,2066402575,2066403575,2066404575,2066405575,2066406575
"logistic_iid_n500",774,2066392576,2066422576,2066452576,2066402576,2066403576,2066404576,2066405576,2066406576
"logistic_iid_n500",775,2066392577,2066422577,2066452577,2066402577,2066403577,2066404577,2066405577,2066406577
"logistic_iid_n500",776,2066392578,2066422578,2066452578,2066402578,2066403578,2066404578,2066405578,2066406578
"logistic_iid_n500",777,2066392579,2066422579,2066452579,2066402579,2066403579,2066404579,2066405579,2066406579
"logistic_iid_n500",778,2066392580,2066422580,2066452580,2066402580,2066403580,2066404580,2066405580,2066406580
"logistic_iid_n500",779,2066392581,2066422581,2066452581,2066402581,2066403581,2066404581,2066405581,2066406581
"logistic_iid_n500",780,2066392582,2066422582,2066452582,2066402582,2066403582,2066404582,2066405582,2066406582
"logistic_iid_n500",781,2066392583,2066422583,2066452583,2066402583,2066403583,2066404583,2066405583,2066406583
"logistic_iid_n500",782,2066392584,2066422584,2066452584,2066402584,2066403584,2066404584,2066405584,2066406584
"logistic_iid_n500",783,2066392585,2066422585,2066452585,2066402585,2066403585,2066404585,2066405585,2066406585
"logistic_iid_n500",784,2066392586,2066422586,2066452586,2066402586,2066403586,2066404586,2066405586,2066406586
"logistic_iid_n500",785,2066392587,2066422587,2066452587,2066402587,2066403587,2066404587,2066405587,2066406587
"logistic_iid_n500",786,2066392588,2066422588,2066452588,2066402588,2066403588,2066404588,2066405588,2066406588
"logistic_iid_n500",787,2066392589,2066422589,2066452589,2066402589,2066403589,2066404589,2066405589,2066406589
"logistic_iid_n500",788,2066392590,2066422590,2066452590,2066402590,2066403590,2066404590,2066405590,2066406590
"logistic_iid_n500",789,2066392591,2066422591,2066452591,2066402591,2066403591,2066404591,2066405591,2066406591
"logistic_iid_n500",790,2066392592,2066422592,2066452592,2066402592,2066403592,2066404592,2066405592,2066406592
"logistic_iid_n500",791,2066392593,2066422593,2066452593,2066402593,2066403593,2066404593,2066405593,2066406593
"logistic_iid_n500",792,2066392594,2066422594,2066452594,2066402594,2066403594,2066404594,2066405594,2066406594
"logistic_iid_n500",793,2066392595,2066422595,2066452595,2066402595,2066403595,2066404595,2066405595,2066406595
"logistic_iid_n500",794,2066392596,2066422596,2066452596,2066402596,2066403596,2066404596,2066405596,2066406596
"logistic_iid_n500",795,2066392597,2066422597,2066452597,2066402597,2066403597,2066404597,2066405597,2066406597
"logistic_iid_n500",796,2066392598,2066422598,2066452598,2066402598,2066403598,2066404598,2066405598,2066406598
"logistic_iid_n500",797,2066392599,2066422599,2066452599,2066402599,2066403599,2066404599,2066405599,2066406599
"logistic_iid_n500",798,2066392600,2066422600,2066452600,2066402600,2066403600,2066404600,2066405600,2066406600
"logistic_iid_n500",799,2066392601,2066422601,2066452601,2066402601,2066403601,2066404601,2066405601,2066406601
"logistic_iid_n500",800,2066392602,2066422602,2066452602,2066402602,2066403602,2066404602,2066405602,2066406602
"logistic_iid_n500",801,2066392603,2066422603,2066452603,2066402603,2066403603,2066404603,2066405603,2066406603
"logistic_iid_n500",802,2066392604,2066422604,2066452604,2066402604,2066403604,2066404604,2066405604,2066406604
"logistic_iid_n500",803,2066392605,2066422605,2066452605,2066402605,2066403605,2066404605,2066405605,2066406605
"logistic_iid_n500",804,2066392606,2066422606,2066452606,2066402606,2066403606,2066404606,2066405606,2066406606
"logistic_iid_n500",805,2066392607,2066422607,2066452607,2066402607,2066403607,2066404607,2066405607,2066406607
"logistic_iid_n500",806,2066392608,2066422608,2066452608,2066402608,2066403608,2066404608,2066405608,2066406608
"logistic_iid_n500",807,2066392609,2066422609,2066452609,2066402609,2066403609,2066404609,2066405609,2066406609
"logistic_iid_n500",808,2066392610,2066422610,2066452610,2066402610,2066403610,2066404610,2066405610,2066406610
"logistic_iid_n500",809,2066392611,2066422611,2066452611,2066402611,2066403611,2066404611,2066405611,2066406611
"logistic_iid_n500",810,2066392612,2066422612,2066452612,2066402612,2066403612,2066404612,2066405612,2066406612
"logistic_iid_n500",811,2066392613,2066422613,2066452613,2066402613,2066403613,2066404613,2066405613,2066406613
"logistic_iid_n500",812,2066392614,2066422614,2066452614,2066402614,2066403614,2066404614,2066405614,2066406614
"logistic_iid_n500",813,2066392615,2066422615,2066452615,2066402615,2066403615,2066404615,2066405615,2066406615
"logistic_iid_n500",814,2066392616,2066422616,2066452616,2066402616,2066403616,2066404616,2066405616,2066406616
"logistic_iid_n500",815,2066392617,2066422617,2066452617,2066402617,2066403617,2066404617,2066405617,2066406617
"logistic_iid_n500",816,2066392618,2066422618,2066452618,2066402618,2066403618,2066404618,2066405618,2066406618
"logistic_iid_n500",817,2066392619,2066422619,2066452619,2066402619,2066403619,2066404619,2066405619,2066406619
"logistic_iid_n500",818,2066392620,2066422620,2066452620,2066402620,2066403620,2066404620,2066405620,2066406620
"logistic_iid_n500",819,2066392621,2066422621,2066452621,2066402621,2066403621,2066404621,2066405621,2066406621
"logistic_iid_n500",820,2066392622,2066422622,2066452622,2066402622,2066403622,2066404622,2066405622,2066406622
"logistic_iid_n500",821,2066392623,2066422623,2066452623,2066402623,2066403623,2066404623,2066405623,2066406623
"logistic_iid_n500",822,2066392624,2066422624,2066452624,2066402624,2066403624,2066404624,2066405624,2066406624
"logistic_iid_n500",823,2066392625,2066422625,2066452625,2066402625,2066403625,2066404625,2066405625,2066406625
"logistic_iid_n500",824,2066392626,2066422626,2066452626,2066402626,2066403626,2066404626,2066405626,2066406626
"logistic_iid_n500",825,2066392627,2066422627,2066452627,2066402627,2066403627,2066404627,2066405627,2066406627
"logistic_iid_n500",826,2066392628,2066422628,2066452628,2066402628,2066403628,2066404628,2066405628,2066406628
"logistic_iid_n500",827,2066392629,2066422629,2066452629,2066402629,2066403629,2066404629,2066405629,2066406629
"logistic_iid_n500",828,2066392630,2066422630,2066452630,2066402630,2066403630,2066404630,2066405630,2066406630
"logistic_iid_n500",829,2066392631,2066422631,2066452631,2066402631,2066403631,2066404631,2066405631,2066406631
"logistic_iid_n500",830,2066392632,2066422632,2066452632,2066402632,2066403632,2066404632,2066405632,2066406632
"logistic_iid_n500",831,2066392633,2066422633,2066452633,2066402633,2066403633,2066404633,2066405633,2066406633
"logistic_iid_n500",832,2066392634,2066422634,2066452634,2066402634,2066403634,2066404634,2066405634,2066406634
"logistic_iid_n500",833,2066392635,2066422635,2066452635,2066402635,2066403635,2066404635,2066405635,2066406635
"logistic_iid_n500",834,2066392636,2066422636,2066452636,2066402636,2066403636,2066404636,2066405636,2066406636
"logistic_iid_n500",835,2066392637,2066422637,2066452637,2066402637,2066403637,2066404637,2066405637,2066406637
"logistic_iid_n500",836,2066392638,2066422638,2066452638,2066402638,2066403638,2066404638,2066405638,2066406638
"logistic_iid_n500",837,2066392639,2066422639,2066452639,2066402639,2066403639,2066404639,2066405639,2066406639
"logistic_iid_n500",838,2066392640,2066422640,2066452640,2066402640,2066403640,2066404640,2066405640,2066406640
"logistic_iid_n500",839,2066392641,2066422641,2066452641,2066402641,2066403641,2066404641,2066405641,2066406641
"logistic_iid_n500",840,2066392642,2066422642,2066452642,2066402642,2066403642,2066404642,2066405642,2066406642
"logistic_iid_n500",841,2066392643,2066422643,2066452643,2066402643,2066403643,2066404643,2066405643,2066406643
"logistic_iid_n500",842,2066392644,2066422644,2066452644,2066402644,2066403644,2066404644,2066405644,2066406644
"logistic_iid_n500",843,2066392645,2066422645,2066452645,2066402645,2066403645,2066404645,2066405645,2066406645
"logistic_iid_n500",844,2066392646,2066422646,2066452646,2066402646,2066403646,2066404646,2066405646,2066406646
"logistic_iid_n500",845,2066392647,2066422647,2066452647,2066402647,2066403647,2066404647,2066405647,2066406647
"logistic_iid_n500",846,2066392648,2066422648,2066452648,2066402648,2066403648,2066404648,2066405648,2066406648
"logistic_iid_n500",847,2066392649,2066422649,2066452649,2066402649,2066403649,2066404649,2066405649,2066406649
"logistic_iid_n500",848,2066392650,2066422650,2066452650,2066402650,2066403650,2066404650,2066405650,2066406650
"logistic_iid_n500",849,2066392651,2066422651,2066452651,2066402651,2066403651,2066404651,2066405651,2066406651
"logistic_iid_n500",850,2066392652,2066422652,2066452652,2066402652,2066403652,2066404652,2066405652,2066406652
"logistic_iid_n500",851,2066392653,2066422653,2066452653,2066402653,2066403653,2066404653,2066405653,2066406653
"logistic_iid_n500",852,2066392654,2066422654,2066452654,2066402654,2066403654,2066404654,2066405654,2066406654
"logistic_iid_n500",853,2066392655,2066422655,2066452655,2066402655,2066403655,2066404655,2066405655,2066406655
"logistic_iid_n500",854,2066392656,2066422656,2066452656,2066402656,2066403656,2066404656,2066405656,2066406656
"logistic_iid_n500",855,2066392657,2066422657,2066452657,2066402657,2066403657,2066404657,2066405657,2066406657
"logistic_iid_n500",856,2066392658,2066422658,2066452658,2066402658,2066403658,2066404658,2066405658,2066406658
"logistic_iid_n500",857,2066392659,2066422659,2066452659,2066402659,2066403659,2066404659,2066405659,2066406659
"logistic_iid_n500",858,2066392660,2066422660,2066452660,2066402660,2066403660,2066404660,2066405660,2066406660
"logistic_iid_n500",859,2066392661,2066422661,2066452661,2066402661,2066403661,2066404661,2066405661,2066406661
"logistic_iid_n500",860,2066392662,2066422662,2066452662,2066402662,2066403662,2066404662,2066405662,2066406662
"logistic_iid_n500",861,2066392663,2066422663,2066452663,2066402663,2066403663,2066404663,2066405663,2066406663
"logistic_iid_n500",862,2066392664,2066422664,2066452664,2066402664,2066403664,2066404664,2066405664,2066406664
"logistic_iid_n500",863,2066392665,2066422665,2066452665,2066402665,2066403665,2066404665,2066405665,2066406665
"logistic_iid_n500",864,2066392666,2066422666,2066452666,2066402666,2066403666,2066404666,2066405666,2066406666
"logistic_iid_n500",865,2066392667,2066422667,2066452667,2066402667,2066403667,2066404667,2066405667,2066406667
"logistic_iid_n500",866,2066392668,2066422668,2066452668,2066402668,2066403668,2066404668,2066405668,2066406668
"logistic_iid_n500",867,2066392669,2066422669,2066452669,2066402669,2066403669,2066404669,2066405669,2066406669
"logistic_iid_n500",868,2066392670,2066422670,2066452670,2066402670,2066403670,2066404670,2066405670,2066406670
"logistic_iid_n500",869,2066392671,2066422671,2066452671,2066402671,2066403671,2066404671,2066405671,2066406671
"logistic_iid_n500",870,2066392672,2066422672,2066452672,2066402672,2066403672,2066404672,2066405672,2066406672
"logistic_iid_n500",871,2066392673,2066422673,2066452673,2066402673,2066403673,2066404673,2066405673,2066406673
"logistic_iid_n500",872,2066392674,2066422674,2066452674,2066402674,2066403674,2066404674,2066405674,2066406674
"logistic_iid_n500",873,2066392675,2066422675,2066452675,2066402675,2066403675,2066404675,2066405675,2066406675
"logistic_iid_n500",874,2066392676,2066422676,2066452676,2066402676,2066403676,2066404676,2066405676,2066406676
"logistic_iid_n500",875,2066392677,2066422677,2066452677,2066402677,2066403677,2066404677,2066405677,2066406677
"logistic_iid_n500",876,2066392678,2066422678,2066452678,2066402678,2066403678,2066404678,2066405678,2066406678
"logistic_iid_n500",877,2066392679,2066422679,2066452679,2066402679,2066403679,2066404679,2066405679,2066406679
"logistic_iid_n500",878,2066392680,2066422680,2066452680,2066402680,2066403680,2066404680,2066405680,2066406680
"logistic_iid_n500",879,2066392681,2066422681,2066452681,2066402681,2066403681,2066404681,2066405681,2066406681
"logistic_iid_n500",880,2066392682,2066422682,2066452682,2066402682,2066403682,2066404682,2066405682,2066406682
"logistic_iid_n500",881,2066392683,2066422683,2066452683,2066402683,2066403683,2066404683,2066405683,2066406683
"logistic_iid_n500",882,2066392684,2066422684,2066452684,2066402684,2066403684,2066404684,2066405684,2066406684
"logistic_iid_n500",883,2066392685,2066422685,2066452685,2066402685,2066403685,2066404685,2066405685,2066406685
"logistic_iid_n500",884,2066392686,2066422686,2066452686,2066402686,2066403686,2066404686,2066405686,2066406686
"logistic_iid_n500",885,2066392687,2066422687,2066452687,2066402687,2066403687,2066404687,2066405687,2066406687
"logistic_iid_n500",886,2066392688,2066422688,2066452688,2066402688,2066403688,2066404688,2066405688,2066406688
"logistic_iid_n500",887,2066392689,2066422689,2066452689,2066402689,2066403689,2066404689,2066405689,2066406689
"logistic_iid_n500",888,2066392690,2066422690,2066452690,2066402690,2066403690,2066404690,2066405690,2066406690
"logistic_iid_n500",889,2066392691,2066422691,2066452691,2066402691,2066403691,2066404691,2066405691,2066406691
"logistic_iid_n500",890,2066392692,2066422692,2066452692,2066402692,2066403692,2066404692,2066405692,2066406692
"logistic_iid_n500",891,2066392693,2066422693,2066452693,2066402693,2066403693,2066404693,2066405693,2066406693
"logistic_iid_n500",892,2066392694,2066422694,2066452694,2066402694,2066403694,2066404694,2066405694,2066406694
"logistic_iid_n500",893,2066392695,2066422695,2066452695,2066402695,2066403695,2066404695,2066405695,2066406695
"logistic_iid_n500",894,2066392696,2066422696,2066452696,2066402696,2066403696,2066404696,2066405696,2066406696
"logistic_iid_n500",895,2066392697,2066422697,2066452697,2066402697,2066403697,2066404697,2066405697,2066406697
"logistic_iid_n500",896,2066392698,2066422698,2066452698,2066402698,2066403698,2066404698,2066405698,2066406698
"logistic_iid_n500",897,2066392699,2066422699,2066452699,2066402699,2066403699,2066404699,2066405699,2066406699
"logistic_iid_n500",898,2066392700,2066422700,2066452700,2066402700,2066403700,2066404700,2066405700,2066406700
"logistic_iid_n500",899,2066392701,2066422701,2066452701,2066402701,2066403701,2066404701,2066405701,2066406701
"logistic_iid_n500",900,2066392702,2066422702,2066452702,2066402702,2066403702,2066404702,2066405702,2066406702
"logistic_iid_n500",901,2066392703,2066422703,2066452703,2066402703,2066403703,2066404703,2066405703,2066406703
"logistic_iid_n500",902,2066392704,2066422704,2066452704,2066402704,2066403704,2066404704,2066405704,2066406704
"logistic_iid_n500",903,2066392705,2066422705,2066452705,2066402705,2066403705,2066404705,2066405705,2066406705
"logistic_iid_n500",904,2066392706,2066422706,2066452706,2066402706,2066403706,2066404706,2066405706,2066406706
"logistic_iid_n500",905,2066392707,2066422707,2066452707,2066402707,2066403707,2066404707,2066405707,2066406707
"logistic_iid_n500",906,2066392708,2066422708,2066452708,2066402708,2066403708,2066404708,2066405708,2066406708
"logistic_iid_n500",907,2066392709,2066422709,2066452709,2066402709,2066403709,2066404709,2066405709,2066406709
"logistic_iid_n500",908,2066392710,2066422710,2066452710,2066402710,2066403710,2066404710,2066405710,2066406710
"logistic_iid_n500",909,2066392711,2066422711,2066452711,2066402711,2066403711,2066404711,2066405711,2066406711
"logistic_iid_n500",910,2066392712,2066422712,2066452712,2066402712,2066403712,2066404712,2066405712,2066406712
"logistic_iid_n500",911,2066392713,2066422713,2066452713,2066402713,2066403713,2066404713,2066405713,2066406713
"logistic_iid_n500",912,2066392714,2066422714,2066452714,2066402714,2066403714,2066404714,2066405714,2066406714
"logistic_iid_n500",913,2066392715,2066422715,2066452715,2066402715,2066403715,2066404715,2066405715,2066406715
"logistic_iid_n500",914,2066392716,2066422716,2066452716,2066402716,2066403716,2066404716,2066405716,2066406716
"logistic_iid_n500",915,2066392717,2066422717,2066452717,2066402717,2066403717,2066404717,2066405717,2066406717
"logistic_iid_n500",916,2066392718,2066422718,2066452718,2066402718,2066403718,2066404718,2066405718,2066406718
"logistic_iid_n500",917,2066392719,2066422719,2066452719,2066402719,2066403719,2066404719,2066405719,2066406719
"logistic_iid_n500",918,2066392720,2066422720,2066452720,2066402720,2066403720,2066404720,2066405720,2066406720
"logistic_iid_n500",919,2066392721,2066422721,2066452721,2066402721,2066403721,2066404721,2066405721,2066406721
"logistic_iid_n500",920,2066392722,2066422722,2066452722,2066402722,2066403722,2066404722,2066405722,2066406722
"logistic_iid_n500",921,2066392723,2066422723,2066452723,2066402723,2066403723,2066404723,2066405723,2066406723
"logistic_iid_n500",922,2066392724,2066422724,2066452724,2066402724,2066403724,2066404724,2066405724,2066406724
"logistic_iid_n500",923,2066392725,2066422725,2066452725,2066402725,2066403725,2066404725,2066405725,2066406725
"logistic_iid_n500",924,2066392726,2066422726,2066452726,2066402726,2066403726,2066404726,2066405726,2066406726
"logistic_iid_n500",925,2066392727,2066422727,2066452727,2066402727,2066403727,2066404727,2066405727,2066406727
"logistic_iid_n500",926,2066392728,2066422728,2066452728,2066402728,2066403728,2066404728,2066405728,2066406728
"logistic_iid_n500",927,2066392729,2066422729,2066452729,2066402729,2066403729,2066404729,2066405729,2066406729
"logistic_iid_n500",928,2066392730,2066422730,2066452730,2066402730,2066403730,2066404730,2066405730,2066406730
"logistic_iid_n500",929,2066392731,2066422731,2066452731,2066402731,2066403731,2066404731,2066405731,2066406731
"logistic_iid_n500",930,2066392732,2066422732,2066452732,2066402732,2066403732,2066404732,2066405732,2066406732
"logistic_iid_n500",931,2066392733,2066422733,2066452733,2066402733,2066403733,2066404733,2066405733,2066406733
"logistic_iid_n500",932,2066392734,2066422734,2066452734,2066402734,2066403734,2066404734,2066405734,2066406734
"logistic_iid_n500",933,2066392735,2066422735,2066452735,2066402735,2066403735,2066404735,2066405735,2066406735
"logistic_iid_n500",934,2066392736,2066422736,2066452736,2066402736,2066403736,2066404736,2066405736,2066406736
"logistic_iid_n500",935,2066392737,2066422737,2066452737,2066402737,2066403737,2066404737,2066405737,2066406737
"logistic_iid_n500",936,2066392738,2066422738,2066452738,2066402738,2066403738,2066404738,2066405738,2066406738
"logistic_iid_n500",937,2066392739,2066422739,2066452739,2066402739,2066403739,2066404739,2066405739,2066406739
"logistic_iid_n500",938,2066392740,2066422740,2066452740,2066402740,2066403740,2066404740,2066405740,2066406740
"logistic_iid_n500",939,2066392741,2066422741,2066452741,2066402741,2066403741,2066404741,2066405741,2066406741
"logistic_iid_n500",940,2066392742,2066422742,2066452742,2066402742,2066403742,2066404742,2066405742,2066406742
"logistic_iid_n500",941,2066392743,2066422743,2066452743,2066402743,2066403743,2066404743,2066405743,2066406743
"logistic_iid_n500",942,2066392744,2066422744,2066452744,2066402744,2066403744,2066404744,2066405744,2066406744
"logistic_iid_n500",943,2066392745,2066422745,2066452745,2066402745,2066403745,2066404745,2066405745,2066406745
"logistic_iid_n500",944,2066392746,2066422746,2066452746,2066402746,2066403746,2066404746,2066405746,2066406746
"logistic_iid_n500",945,2066392747,2066422747,2066452747,2066402747,2066403747,2066404747,2066405747,2066406747
"logistic_iid_n500",946,2066392748,2066422748,2066452748,2066402748,2066403748,2066404748,2066405748,2066406748
"logistic_iid_n500",947,2066392749,2066422749,2066452749,2066402749,2066403749,2066404749,2066405749,2066406749
"logistic_iid_n500",948,2066392750,2066422750,2066452750,2066402750,2066403750,2066404750,2066405750,2066406750
"logistic_iid_n500",949,2066392751,2066422751,2066452751,2066402751,2066403751,2066404751,2066405751,2066406751
"logistic_iid_n500",950,2066392752,2066422752,2066452752,2066402752,2066403752,2066404752,2066405752,2066406752
"logistic_iid_n500",951,2066392753,2066422753,2066452753,2066402753,2066403753,2066404753,2066405753,2066406753
"logistic_iid_n500",952,2066392754,2066422754,2066452754,2066402754,2066403754,2066404754,2066405754,2066406754
"logistic_iid_n500",953,2066392755,2066422755,2066452755,2066402755,2066403755,2066404755,2066405755,2066406755
"logistic_iid_n500",954,2066392756,2066422756,2066452756,2066402756,2066403756,2066404756,2066405756,2066406756
"logistic_iid_n500",955,2066392757,2066422757,2066452757,2066402757,2066403757,2066404757,2066405757,2066406757
"logistic_iid_n500",956,2066392758,2066422758,2066452758,2066402758,2066403758,2066404758,2066405758,2066406758
"logistic_iid_n500",957,2066392759,2066422759,2066452759,2066402759,2066403759,2066404759,2066405759,2066406759
"logistic_iid_n500",958,2066392760,2066422760,2066452760,2066402760,2066403760,2066404760,2066405760,2066406760
"logistic_iid_n500",959,2066392761,2066422761,2066452761,2066402761,2066403761,2066404761,2066405761,2066406761
"logistic_iid_n500",960,2066392762,2066422762,2066452762,2066402762,2066403762,2066404762,2066405762,2066406762
"logistic_iid_n500",961,2066392763,2066422763,2066452763,2066402763,2066403763,2066404763,2066405763,2066406763
"logistic_iid_n500",962,2066392764,2066422764,2066452764,2066402764,2066403764,2066404764,2066405764,2066406764
"logistic_iid_n500",963,2066392765,2066422765,2066452765,2066402765,2066403765,2066404765,2066405765,2066406765
"logistic_iid_n500",964,2066392766,2066422766,2066452766,2066402766,2066403766,2066404766,2066405766,2066406766
"logistic_iid_n500",965,2066392767,2066422767,2066452767,2066402767,2066403767,2066404767,2066405767,2066406767
"logistic_iid_n500",966,2066392768,2066422768,2066452768,2066402768,2066403768,2066404768,2066405768,2066406768
"logistic_iid_n500",967,2066392769,2066422769,2066452769,2066402769,2066403769,2066404769,2066405769,2066406769
"logistic_iid_n500",968,2066392770,2066422770,2066452770,2066402770,2066403770,2066404770,2066405770,2066406770
"logistic_iid_n500",969,2066392771,2066422771,2066452771,2066402771,2066403771,2066404771,2066405771,2066406771
"logistic_iid_n500",970,2066392772,2066422772,2066452772,2066402772,2066403772,2066404772,2066405772,2066406772
"logistic_iid_n500",971,2066392773,2066422773,2066452773,2066402773,2066403773,2066404773,2066405773,2066406773
"logistic_iid_n500",972,2066392774,2066422774,2066452774,2066402774,2066403774,2066404774,2066405774,2066406774
"logistic_iid_n500",973,2066392775,2066422775,2066452775,2066402775,2066403775,2066404775,2066405775,2066406775
"logistic_iid_n500",974,2066392776,2066422776,2066452776,2066402776,2066403776,2066404776,2066405776,2066406776
"logistic_iid_n500",975,2066392777,2066422777,2066452777,2066402777,2066403777,2066404777,2066405777,2066406777
"logistic_iid_n500",976,2066392778,2066422778,2066452778,2066402778,2066403778,2066404778,2066405778,2066406778
"logistic_iid_n500",977,2066392779,2066422779,2066452779,2066402779,2066403779,2066404779,2066405779,2066406779
"logistic_iid_n500",978,2066392780,2066422780,2066452780,2066402780,2066403780,2066404780,2066405780,2066406780
"logistic_iid_n500",979,2066392781,2066422781,2066452781,2066402781,2066403781,2066404781,2066405781,2066406781
"logistic_iid_n500",980,2066392782,2066422782,2066452782,2066402782,2066403782,2066404782,2066405782,2066406782
"logistic_iid_n500",981,2066392783,2066422783,2066452783,2066402783,2066403783,2066404783,2066405783,2066406783
"logistic_iid_n500",982,2066392784,2066422784,2066452784,2066402784,2066403784,2066404784,2066405784,2066406784
"logistic_iid_n500",983,2066392785,2066422785,2066452785,2066402785,2066403785,2066404785,2066405785,2066406785
"logistic_iid_n500",984,2066392786,2066422786,2066452786,2066402786,2066403786,2066404786,2066405786,2066406786
"logistic_iid_n500",985,2066392787,2066422787,2066452787,2066402787,2066403787,2066404787,2066405787,2066406787
"logistic_iid_n500",986,2066392788,2066422788,2066452788,2066402788,2066403788,2066404788,2066405788,2066406788
"logistic_iid_n500",987,2066392789,2066422789,2066452789,2066402789,2066403789,2066404789,2066405789,2066406789
"logistic_iid_n500",988,2066392790,2066422790,2066452790,2066402790,2066403790,2066404790,2066405790,2066406790
"logistic_iid_n500",989,2066392791,2066422791,2066452791,2066402791,2066403791,2066404791,2066405791,2066406791
"logistic_iid_n500",990,2066392792,2066422792,2066452792,2066402792,2066403792,2066404792,2066405792,2066406792
"logistic_iid_n500",991,2066392793,2066422793,2066452793,2066402793,2066403793,2066404793,2066405793,2066406793
"logistic_iid_n500",992,2066392794,2066422794,2066452794,2066402794,2066403794,2066404794,2066405794,2066406794
"logistic_iid_n500",993,2066392795,2066422795,2066452795,2066402795,2066403795,2066404795,2066405795,2066406795
"logistic_iid_n500",994,2066392796,2066422796,2066452796,2066402796,2066403796,2066404796,2066405796,2066406796
"logistic_iid_n500",995,2066392797,2066422797,2066452797,2066402797,2066403797,2066404797,2066405797,2066406797
"logistic_iid_n500",996,2066392798,2066422798,2066452798,2066402798,2066403798,2066404798,2066405798,2066406798
"logistic_iid_n500",997,2066392799,2066422799,2066452799,2066402799,2066403799,2066404799,2066405799,2066406799
"logistic_iid_n500",998,2066392800,2066422800,2066452800,2066402800,2066403800,2066404800,2066405800,2066406800
"logistic_iid_n500",999,2066392801,2066422801,2066452801,2066402801,2066403801,2066404801,2066405801,2066406801
"logistic_iid_n500",1000,2066392802,2066422802,2066452802,2066402802,2066403802,2066404802,2066405802,2066406802
"logistic_iid_n2000",1,2066491803,2066521803,2066551803,2066501803,2066502803,2066503803,2066504803,2066505803
"logistic_iid_n2000",2,2066491804,2066521804,2066551804,2066501804,2066502804,2066503804,2066504804,2066505804
"logistic_iid_n2000",3,2066491805,2066521805,2066551805,2066501805,2066502805,2066503805,2066504805,2066505805
"logistic_iid_n2000",4,2066491806,2066521806,2066551806,2066501806,2066502806,2066503806,2066504806,2066505806
"logistic_iid_n2000",5,2066491807,2066521807,2066551807,2066501807,2066502807,2066503807,2066504807,2066505807
"logistic_iid_n2000",6,2066491808,2066521808,2066551808,2066501808,2066502808,2066503808,2066504808,2066505808
"logistic_iid_n2000",7,2066491809,2066521809,2066551809,2066501809,2066502809,2066503809,2066504809,2066505809
"logistic_iid_n2000",8,2066491810,2066521810,2066551810,2066501810,2066502810,2066503810,2066504810,2066505810
"logistic_iid_n2000",9,2066491811,2066521811,2066551811,2066501811,2066502811,2066503811,2066504811,2066505811
"logistic_iid_n2000",10,2066491812,2066521812,2066551812,2066501812,2066502812,2066503812,2066504812,2066505812
"logistic_iid_n2000",11,2066491813,2066521813,2066551813,2066501813,2066502813,2066503813,2066504813,2066505813
"logistic_iid_n2000",12,2066491814,2066521814,2066551814,2066501814,2066502814,2066503814,2066504814,2066505814
"logistic_iid_n2000",13,2066491815,2066521815,2066551815,2066501815,2066502815,2066503815,2066504815,2066505815
"logistic_iid_n2000",14,2066491816,2066521816,2066551816,2066501816,2066502816,2066503816,2066504816,2066505816
"logistic_iid_n2000",15,2066491817,2066521817,2066551817,2066501817,2066502817,2066503817,2066504817,2066505817
"logistic_iid_n2000",16,2066491818,2066521818,2066551818,2066501818,2066502818,2066503818,2066504818,2066505818
"logistic_iid_n2000",17,2066491819,2066521819,2066551819,2066501819,2066502819,2066503819,2066504819,2066505819
"logistic_iid_n2000",18,2066491820,2066521820,2066551820,2066501820,2066502820,2066503820,2066504820,2066505820
"logistic_iid_n2000",19,2066491821,2066521821,2066551821,2066501821,2066502821,2066503821,2066504821,2066505821
"logistic_iid_n2000",20,2066491822,2066521822,2066551822,2066501822,2066502822,2066503822,2066504822,2066505822
"logistic_iid_n2000",21,2066491823,2066521823,2066551823,2066501823,2066502823,2066503823,2066504823,2066505823
"logistic_iid_n2000",22,2066491824,2066521824,2066551824,2066501824,2066502824,2066503824,2066504824,2066505824
"logistic_iid_n2000",23,2066491825,2066521825,2066551825,2066501825,2066502825,2066503825,2066504825,2066505825
"logistic_iid_n2000",24,2066491826,2066521826,2066551826,2066501826,2066502826,2066503826,2066504826,2066505826
"logistic_iid_n2000",25,2066491827,2066521827,2066551827,2066501827,2066502827,2066503827,2066504827,2066505827
"logistic_iid_n2000",26,2066491828,2066521828,2066551828,2066501828,2066502828,2066503828,2066504828,2066505828
"logistic_iid_n2000",27,2066491829,2066521829,2066551829,2066501829,2066502829,2066503829,2066504829,2066505829
"logistic_iid_n2000",28,2066491830,2066521830,2066551830,2066501830,2066502830,2066503830,2066504830,2066505830
"logistic_iid_n2000",29,2066491831,2066521831,2066551831,2066501831,2066502831,2066503831,2066504831,2066505831
"logistic_iid_n2000",30,2066491832,2066521832,2066551832,2066501832,2066502832,2066503832,2066504832,2066505832
"logistic_iid_n2000",31,2066491833,2066521833,2066551833,2066501833,2066502833,2066503833,2066504833,2066505833
"logistic_iid_n2000",32,2066491834,2066521834,2066551834,2066501834,2066502834,2066503834,2066504834,2066505834
"logistic_iid_n2000",33,2066491835,2066521835,2066551835,2066501835,2066502835,2066503835,2066504835,2066505835
"logistic_iid_n2000",34,2066491836,2066521836,2066551836,2066501836,2066502836,2066503836,2066504836,2066505836
"logistic_iid_n2000",35,2066491837,2066521837,2066551837,2066501837,2066502837,2066503837,2066504837,2066505837
"logistic_iid_n2000",36,2066491838,2066521838,2066551838,2066501838,2066502838,2066503838,2066504838,2066505838
"logistic_iid_n2000",37,2066491839,2066521839,2066551839,2066501839,2066502839,2066503839,2066504839,2066505839
"logistic_iid_n2000",38,2066491840,2066521840,2066551840,2066501840,2066502840,2066503840,2066504840,2066505840
"logistic_iid_n2000",39,2066491841,2066521841,2066551841,2066501841,2066502841,2066503841,2066504841,2066505841
"logistic_iid_n2000",40,2066491842,2066521842,2066551842,2066501842,2066502842,2066503842,2066504842,2066505842
"logistic_iid_n2000",41,2066491843,2066521843,2066551843,2066501843,2066502843,2066503843,2066504843,2066505843
"logistic_iid_n2000",42,2066491844,2066521844,2066551844,2066501844,2066502844,2066503844,2066504844,2066505844
"logistic_iid_n2000",43,2066491845,2066521845,2066551845,2066501845,2066502845,2066503845,2066504845,2066505845
"logistic_iid_n2000",44,2066491846,2066521846,2066551846,2066501846,2066502846,2066503846,2066504846,2066505846
"logistic_iid_n2000",45,2066491847,2066521847,2066551847,2066501847,2066502847,2066503847,2066504847,2066505847
"logistic_iid_n2000",46,2066491848,2066521848,2066551848,2066501848,2066502848,2066503848,2066504848,2066505848
"logistic_iid_n2000",47,2066491849,2066521849,2066551849,2066501849,2066502849,2066503849,2066504849,2066505849
"logistic_iid_n2000",48,2066491850,2066521850,2066551850,2066501850,2066502850,2066503850,2066504850,2066505850
"logistic_iid_n2000",49,2066491851,2066521851,2066551851,2066501851,2066502851,2066503851,2066504851,2066505851
"logistic_iid_n2000",50,2066491852,2066521852,2066551852,2066501852,2066502852,2066503852,2066504852,2066505852
"logistic_iid_n2000",51,2066491853,2066521853,2066551853,2066501853,2066502853,2066503853,2066504853,2066505853
"logistic_iid_n2000",52,2066491854,2066521854,2066551854,2066501854,2066502854,2066503854,2066504854,2066505854
"logistic_iid_n2000",53,2066491855,2066521855,2066551855,2066501855,2066502855,2066503855,2066504855,2066505855
"logistic_iid_n2000",54,2066491856,2066521856,2066551856,2066501856,2066502856,2066503856,2066504856,2066505856
"logistic_iid_n2000",55,2066491857,2066521857,2066551857,2066501857,2066502857,2066503857,2066504857,2066505857
"logistic_iid_n2000",56,2066491858,2066521858,2066551858,2066501858,2066502858,2066503858,2066504858,2066505858
"logistic_iid_n2000",57,2066491859,2066521859,2066551859,2066501859,2066502859,2066503859,2066504859,2066505859
"logistic_iid_n2000",58,2066491860,2066521860,2066551860,2066501860,2066502860,2066503860,2066504860,2066505860
"logistic_iid_n2000",59,2066491861,2066521861,2066551861,2066501861,2066502861,2066503861,2066504861,2066505861
"logistic_iid_n2000",60,2066491862,2066521862,2066551862,2066501862,2066502862,2066503862,2066504862,2066505862
"logistic_iid_n2000",61,2066491863,2066521863,2066551863,2066501863,2066502863,2066503863,2066504863,2066505863
"logistic_iid_n2000",62,2066491864,2066521864,2066551864,2066501864,2066502864,2066503864,2066504864,2066505864
"logistic_iid_n2000",63,2066491865,2066521865,2066551865,2066501865,2066502865,2066503865,2066504865,2066505865
"logistic_iid_n2000",64,2066491866,2066521866,2066551866,2066501866,2066502866,2066503866,2066504866,2066505866
"logistic_iid_n2000",65,2066491867,2066521867,2066551867,2066501867,2066502867,2066503867,2066504867,2066505867
"logistic_iid_n2000",66,2066491868,2066521868,2066551868,2066501868,2066502868,2066503868,2066504868,2066505868
"logistic_iid_n2000",67,2066491869,2066521869,2066551869,2066501869,2066502869,2066503869,2066504869,2066505869
"logistic_iid_n2000",68,2066491870,2066521870,2066551870,2066501870,2066502870,2066503870,2066504870,2066505870
"logistic_iid_n2000",69,2066491871,2066521871,2066551871,2066501871,2066502871,2066503871,2066504871,2066505871
"logistic_iid_n2000",70,2066491872,2066521872,2066551872,2066501872,2066502872,2066503872,2066504872,2066505872
"logistic_iid_n2000",71,2066491873,2066521873,2066551873,2066501873,2066502873,2066503873,2066504873,2066505873
"logistic_iid_n2000",72,2066491874,2066521874,2066551874,2066501874,2066502874,2066503874,2066504874,2066505874
"logistic_iid_n2000",73,2066491875,2066521875,2066551875,2066501875,2066502875,2066503875,2066504875,2066505875
"logistic_iid_n2000",74,2066491876,2066521876,2066551876,2066501876,2066502876,2066503876,2066504876,2066505876
"logistic_iid_n2000",75,2066491877,2066521877,2066551877,2066501877,2066502877,2066503877,2066504877,2066505877
"logistic_iid_n2000",76,2066491878,2066521878,2066551878,2066501878,2066502878,2066503878,2066504878,2066505878
"logistic_iid_n2000",77,2066491879,2066521879,2066551879,2066501879,2066502879,2066503879,2066504879,2066505879
"logistic_iid_n2000",78,2066491880,2066521880,2066551880,2066501880,2066502880,2066503880,2066504880,2066505880
"logistic_iid_n2000",79,2066491881,2066521881,2066551881,2066501881,2066502881,2066503881,2066504881,2066505881
"logistic_iid_n2000",80,2066491882,2066521882,2066551882,2066501882,2066502882,2066503882,2066504882,2066505882
"logistic_iid_n2000",81,2066491883,2066521883,2066551883,2066501883,2066502883,2066503883,2066504883,2066505883
"logistic_iid_n2000",82,2066491884,2066521884,2066551884,2066501884,2066502884,2066503884,2066504884,2066505884
"logistic_iid_n2000",83,2066491885,2066521885,2066551885,2066501885,2066502885,2066503885,2066504885,2066505885
"logistic_iid_n2000",84,2066491886,2066521886,2066551886,2066501886,2066502886,2066503886,2066504886,2066505886
"logistic_iid_n2000",85,2066491887,2066521887,2066551887,2066501887,2066502887,2066503887,2066504887,2066505887
"logistic_iid_n2000",86,2066491888,2066521888,2066551888,2066501888,2066502888,2066503888,2066504888,2066505888
"logistic_iid_n2000",87,2066491889,2066521889,2066551889,2066501889,2066502889,2066503889,2066504889,2066505889
"logistic_iid_n2000",88,2066491890,2066521890,2066551890,2066501890,2066502890,2066503890,2066504890,2066505890
"logistic_iid_n2000",89,2066491891,2066521891,2066551891,2066501891,2066502891,2066503891,2066504891,2066505891
"logistic_iid_n2000",90,2066491892,2066521892,2066551892,2066501892,2066502892,2066503892,2066504892,2066505892
"logistic_iid_n2000",91,2066491893,2066521893,2066551893,2066501893,2066502893,2066503893,2066504893,2066505893
"logistic_iid_n2000",92,2066491894,2066521894,2066551894,2066501894,2066502894,2066503894,2066504894,2066505894
"logistic_iid_n2000",93,2066491895,2066521895,2066551895,2066501895,2066502895,2066503895,2066504895,2066505895
"logistic_iid_n2000",94,2066491896,2066521896,2066551896,2066501896,2066502896,2066503896,2066504896,2066505896
"logistic_iid_n2000",95,2066491897,2066521897,2066551897,2066501897,2066502897,2066503897,2066504897,2066505897
"logistic_iid_n2000",96,2066491898,2066521898,2066551898,2066501898,2066502898,2066503898,2066504898,2066505898
"logistic_iid_n2000",97,2066491899,2066521899,2066551899,2066501899,2066502899,2066503899,2066504899,2066505899
"logistic_iid_n2000",98,2066491900,2066521900,2066551900,2066501900,2066502900,2066503900,2066504900,2066505900
"logistic_iid_n2000",99,2066491901,2066521901,2066551901,2066501901,2066502901,2066503901,2066504901,2066505901
"logistic_iid_n2000",100,2066491902,2066521902,2066551902,2066501902,2066502902,2066503902,2066504902,2066505902
"logistic_iid_n2000",101,2066491903,2066521903,2066551903,2066501903,2066502903,2066503903,2066504903,2066505903
"logistic_iid_n2000",102,2066491904,2066521904,2066551904,2066501904,2066502904,2066503904,2066504904,2066505904
"logistic_iid_n2000",103,2066491905,2066521905,2066551905,2066501905,2066502905,2066503905,2066504905,2066505905
"logistic_iid_n2000",104,2066491906,2066521906,2066551906,2066501906,2066502906,2066503906,2066504906,2066505906
"logistic_iid_n2000",105,2066491907,2066521907,2066551907,2066501907,2066502907,2066503907,2066504907,2066505907
"logistic_iid_n2000",106,2066491908,2066521908,2066551908,2066501908,2066502908,2066503908,2066504908,2066505908
"logistic_iid_n2000",107,2066491909,2066521909,2066551909,2066501909,2066502909,2066503909,2066504909,2066505909
"logistic_iid_n2000",108,2066491910,2066521910,2066551910,2066501910,2066502910,2066503910,2066504910,2066505910
"logistic_iid_n2000",109,2066491911,2066521911,2066551911,2066501911,2066502911,2066503911,2066504911,2066505911
"logistic_iid_n2000",110,2066491912,2066521912,2066551912,2066501912,2066502912,2066503912,2066504912,2066505912
"logistic_iid_n2000",111,2066491913,2066521913,2066551913,2066501913,2066502913,2066503913,2066504913,2066505913
"logistic_iid_n2000",112,2066491914,2066521914,2066551914,2066501914,2066502914,2066503914,2066504914,2066505914
"logistic_iid_n2000",113,2066491915,2066521915,2066551915,2066501915,2066502915,2066503915,2066504915,2066505915
"logistic_iid_n2000",114,2066491916,2066521916,2066551916,2066501916,2066502916,2066503916,2066504916,2066505916
"logistic_iid_n2000",115,2066491917,2066521917,2066551917,2066501917,2066502917,2066503917,2066504917,2066505917
"logistic_iid_n2000",116,2066491918,2066521918,2066551918,2066501918,2066502918,2066503918,2066504918,2066505918
"logistic_iid_n2000",117,2066491919,2066521919,2066551919,2066501919,2066502919,2066503919,2066504919,2066505919
"logistic_iid_n2000",118,2066491920,2066521920,2066551920,2066501920,2066502920,2066503920,2066504920,2066505920
"logistic_iid_n2000",119,2066491921,2066521921,2066551921,2066501921,2066502921,2066503921,2066504921,2066505921
"logistic_iid_n2000",120,2066491922,2066521922,2066551922,2066501922,2066502922,2066503922,2066504922,2066505922
"logistic_iid_n2000",121,2066491923,2066521923,2066551923,2066501923,2066502923,2066503923,2066504923,2066505923
"logistic_iid_n2000",122,2066491924,2066521924,2066551924,2066501924,2066502924,2066503924,2066504924,2066505924
"logistic_iid_n2000",123,2066491925,2066521925,2066551925,2066501925,2066502925,2066503925,2066504925,2066505925
"logistic_iid_n2000",124,2066491926,2066521926,2066551926,2066501926,2066502926,2066503926,2066504926,2066505926
"logistic_iid_n2000",125,2066491927,2066521927,2066551927,2066501927,2066502927,2066503927,2066504927,2066505927
"logistic_iid_n2000",126,2066491928,2066521928,2066551928,2066501928,2066502928,2066503928,2066504928,2066505928
"logistic_iid_n2000",127,2066491929,2066521929,2066551929,2066501929,2066502929,2066503929,2066504929,2066505929
"logistic_iid_n2000",128,2066491930,2066521930,2066551930,2066501930,2066502930,2066503930,2066504930,2066505930
"logistic_iid_n2000",129,2066491931,2066521931,2066551931,2066501931,2066502931,2066503931,2066504931,2066505931
"logistic_iid_n2000",130,2066491932,2066521932,2066551932,2066501932,2066502932,2066503932,2066504932,2066505932
"logistic_iid_n2000",131,2066491933,2066521933,2066551933,2066501933,2066502933,2066503933,2066504933,2066505933
"logistic_iid_n2000",132,2066491934,2066521934,2066551934,2066501934,2066502934,2066503934,2066504934,2066505934
"logistic_iid_n2000",133,2066491935,2066521935,2066551935,2066501935,2066502935,2066503935,2066504935,2066505935
"logistic_iid_n2000",134,2066491936,2066521936,2066551936,2066501936,2066502936,2066503936,2066504936,2066505936
"logistic_iid_n2000",135,2066491937,2066521937,2066551937,2066501937,2066502937,2066503937,2066504937,2066505937
"logistic_iid_n2000",136,2066491938,2066521938,2066551938,2066501938,2066502938,2066503938,2066504938,2066505938
"logistic_iid_n2000",137,2066491939,2066521939,2066551939,2066501939,2066502939,2066503939,2066504939,2066505939
"logistic_iid_n2000",138,2066491940,2066521940,2066551940,2066501940,2066502940,2066503940,2066504940,2066505940
"logistic_iid_n2000",139,2066491941,2066521941,2066551941,2066501941,2066502941,2066503941,2066504941,2066505941
"logistic_iid_n2000",140,2066491942,2066521942,2066551942,2066501942,2066502942,2066503942,2066504942,2066505942
"logistic_iid_n2000",141,2066491943,2066521943,2066551943,2066501943,2066502943,2066503943,2066504943,2066505943
"logistic_iid_n2000",142,2066491944,2066521944,2066551944,2066501944,2066502944,2066503944,2066504944,2066505944
"logistic_iid_n2000",143,2066491945,2066521945,2066551945,2066501945,2066502945,2066503945,2066504945,2066505945
"logistic_iid_n2000",144,2066491946,2066521946,2066551946,2066501946,2066502946,2066503946,2066504946,2066505946
"logistic_iid_n2000",145,2066491947,2066521947,2066551947,2066501947,2066502947,2066503947,2066504947,2066505947
"logistic_iid_n2000",146,2066491948,2066521948,2066551948,2066501948,2066502948,2066503948,2066504948,2066505948
"logistic_iid_n2000",147,2066491949,2066521949,2066551949,2066501949,2066502949,2066503949,2066504949,2066505949
"logistic_iid_n2000",148,2066491950,2066521950,2066551950,2066501950,2066502950,2066503950,2066504950,2066505950
"logistic_iid_n2000",149,2066491951,2066521951,2066551951,2066501951,2066502951,2066503951,2066504951,2066505951
"logistic_iid_n2000",150,2066491952,2066521952,2066551952,2066501952,2066502952,2066503952,2066504952,2066505952
"logistic_iid_n2000",151,2066491953,2066521953,2066551953,2066501953,2066502953,2066503953,2066504953,2066505953
"logistic_iid_n2000",152,2066491954,2066521954,2066551954,2066501954,2066502954,2066503954,2066504954,2066505954
"logistic_iid_n2000",153,2066491955,2066521955,2066551955,2066501955,2066502955,2066503955,2066504955,2066505955
"logistic_iid_n2000",154,2066491956,2066521956,2066551956,2066501956,2066502956,2066503956,2066504956,2066505956
"logistic_iid_n2000",155,2066491957,2066521957,2066551957,2066501957,2066502957,2066503957,2066504957,2066505957
"logistic_iid_n2000",156,2066491958,2066521958,2066551958,2066501958,2066502958,2066503958,2066504958,2066505958
"logistic_iid_n2000",157,2066491959,2066521959,2066551959,2066501959,2066502959,2066503959,2066504959,2066505959
"logistic_iid_n2000",158,2066491960,2066521960,2066551960,2066501960,2066502960,2066503960,2066504960,2066505960
"logistic_iid_n2000",159,2066491961,2066521961,2066551961,2066501961,2066502961,2066503961,2066504961,2066505961
"logistic_iid_n2000",160,2066491962,2066521962,2066551962,2066501962,2066502962,2066503962,2066504962,2066505962
"logistic_iid_n2000",161,2066491963,2066521963,2066551963,2066501963,2066502963,2066503963,2066504963,2066505963
"logistic_iid_n2000",162,2066491964,2066521964,2066551964,2066501964,2066502964,2066503964,2066504964,2066505964
"logistic_iid_n2000",163,2066491965,2066521965,2066551965,2066501965,2066502965,2066503965,2066504965,2066505965
"logistic_iid_n2000",164,2066491966,2066521966,2066551966,2066501966,2066502966,2066503966,2066504966,2066505966
"logistic_iid_n2000",165,2066491967,2066521967,2066551967,2066501967,2066502967,2066503967,2066504967,2066505967
"logistic_iid_n2000",166,2066491968,2066521968,2066551968,2066501968,2066502968,2066503968,2066504968,2066505968
"logistic_iid_n2000",167,2066491969,2066521969,2066551969,2066501969,2066502969,2066503969,2066504969,2066505969
"logistic_iid_n2000",168,2066491970,2066521970,2066551970,2066501970,2066502970,2066503970,2066504970,2066505970
"logistic_iid_n2000",169,2066491971,2066521971,2066551971,2066501971,2066502971,2066503971,2066504971,2066505971
"logistic_iid_n2000",170,2066491972,2066521972,2066551972,2066501972,2066502972,2066503972,2066504972,2066505972
"logistic_iid_n2000",171,2066491973,2066521973,2066551973,2066501973,2066502973,2066503973,2066504973,2066505973
"logistic_iid_n2000",172,2066491974,2066521974,2066551974,2066501974,2066502974,2066503974,2066504974,2066505974
"logistic_iid_n2000",173,2066491975,2066521975,2066551975,2066501975,2066502975,2066503975,2066504975,2066505975
"logistic_iid_n2000",174,2066491976,2066521976,2066551976,2066501976,2066502976,2066503976,2066504976,2066505976
"logistic_iid_n2000",175,2066491977,2066521977,2066551977,2066501977,2066502977,2066503977,2066504977,2066505977
"logistic_iid_n2000",176,2066491978,2066521978,2066551978,2066501978,2066502978,2066503978,2066504978,2066505978
"logistic_iid_n2000",177,2066491979,2066521979,2066551979,2066501979,2066502979,2066503979,2066504979,2066505979
"logistic_iid_n2000",178,2066491980,2066521980,2066551980,2066501980,2066502980,2066503980,2066504980,2066505980
"logistic_iid_n2000",179,2066491981,2066521981,2066551981,2066501981,2066502981,2066503981,2066504981,2066505981
"logistic_iid_n2000",180,2066491982,2066521982,2066551982,2066501982,2066502982,2066503982,2066504982,2066505982
"logistic_iid_n2000",181,2066491983,2066521983,2066551983,2066501983,2066502983,2066503983,2066504983,2066505983
"logistic_iid_n2000",182,2066491984,2066521984,2066551984,2066501984,2066502984,2066503984,2066504984,2066505984
"logistic_iid_n2000",183,2066491985,2066521985,2066551985,2066501985,2066502985,2066503985,2066504985,2066505985
"logistic_iid_n2000",184,2066491986,2066521986,2066551986,2066501986,2066502986,2066503986,2066504986,2066505986
"logistic_iid_n2000",185,2066491987,2066521987,2066551987,2066501987,2066502987,2066503987,2066504987,2066505987
"logistic_iid_n2000",186,2066491988,2066521988,2066551988,2066501988,2066502988,2066503988,2066504988,2066505988
"logistic_iid_n2000",187,2066491989,2066521989,2066551989,2066501989,2066502989,2066503989,2066504989,2066505989
"logistic_iid_n2000",188,2066491990,2066521990,2066551990,2066501990,2066502990,2066503990,2066504990,2066505990
"logistic_iid_n2000",189,2066491991,2066521991,2066551991,2066501991,2066502991,2066503991,2066504991,2066505991
"logistic_iid_n2000",190,2066491992,2066521992,2066551992,2066501992,2066502992,2066503992,2066504992,2066505992
"logistic_iid_n2000",191,2066491993,2066521993,2066551993,2066501993,2066502993,2066503993,2066504993,2066505993
"logistic_iid_n2000",192,2066491994,2066521994,2066551994,2066501994,2066502994,2066503994,2066504994,2066505994
"logistic_iid_n2000",193,2066491995,2066521995,2066551995,2066501995,2066502995,2066503995,2066504995,2066505995
"logistic_iid_n2000",194,2066491996,2066521996,2066551996,2066501996,2066502996,2066503996,2066504996,2066505996
"logistic_iid_n2000",195,2066491997,2066521997,2066551997,2066501997,2066502997,2066503997,2066504997,2066505997
"logistic_iid_n2000",196,2066491998,2066521998,2066551998,2066501998,2066502998,2066503998,2066504998,2066505998
"logistic_iid_n2000",197,2066491999,2066521999,2066551999,2066501999,2066502999,2066503999,2066504999,2066505999
"logistic_iid_n2000",198,2066492000,2066522000,2066552000,2066502000,2066503000,2066504000,2066505000,2066506000
"logistic_iid_n2000",199,2066492001,2066522001,2066552001,2066502001,2066503001,2066504001,2066505001,2066506001
"logistic_iid_n2000",200,2066492002,2066522002,2066552002,2066502002,2066503002,2066504002,2066505002,2066506002
"logistic_iid_n2000",201,2066492003,2066522003,2066552003,2066502003,2066503003,2066504003,2066505003,2066506003
"logistic_iid_n2000",202,2066492004,2066522004,2066552004,2066502004,2066503004,2066504004,2066505004,2066506004
"logistic_iid_n2000",203,2066492005,2066522005,2066552005,2066502005,2066503005,2066504005,2066505005,2066506005
"logistic_iid_n2000",204,2066492006,2066522006,2066552006,2066502006,2066503006,2066504006,2066505006,2066506006
"logistic_iid_n2000",205,2066492007,2066522007,2066552007,2066502007,2066503007,2066504007,2066505007,2066506007
"logistic_iid_n2000",206,2066492008,2066522008,2066552008,2066502008,2066503008,2066504008,2066505008,2066506008
"logistic_iid_n2000",207,2066492009,2066522009,2066552009,2066502009,2066503009,2066504009,2066505009,2066506009
"logistic_iid_n2000",208,2066492010,2066522010,2066552010,2066502010,2066503010,2066504010,2066505010,2066506010
"logistic_iid_n2000",209,2066492011,2066522011,2066552011,2066502011,2066503011,2066504011,2066505011,2066506011
"logistic_iid_n2000",210,2066492012,2066522012,2066552012,2066502012,2066503012,2066504012,2066505012,2066506012
"logistic_iid_n2000",211,2066492013,2066522013,2066552013,2066502013,2066503013,2066504013,2066505013,2066506013
"logistic_iid_n2000",212,2066492014,2066522014,2066552014,2066502014,2066503014,2066504014,2066505014,2066506014
"logistic_iid_n2000",213,2066492015,2066522015,2066552015,2066502015,2066503015,2066504015,2066505015,2066506015
"logistic_iid_n2000",214,2066492016,2066522016,2066552016,2066502016,2066503016,2066504016,2066505016,2066506016
"logistic_iid_n2000",215,2066492017,2066522017,2066552017,2066502017,2066503017,2066504017,2066505017,2066506017
"logistic_iid_n2000",216,2066492018,2066522018,2066552018,2066502018,2066503018,2066504018,2066505018,2066506018
"logistic_iid_n2000",217,2066492019,2066522019,2066552019,2066502019,2066503019,2066504019,2066505019,2066506019
"logistic_iid_n2000",218,2066492020,2066522020,2066552020,2066502020,2066503020,2066504020,2066505020,2066506020
"logistic_iid_n2000",219,2066492021,2066522021,2066552021,2066502021,2066503021,2066504021,2066505021,2066506021
"logistic_iid_n2000",220,2066492022,2066522022,2066552022,2066502022,2066503022,2066504022,2066505022,2066506022
"logistic_iid_n2000",221,2066492023,2066522023,2066552023,2066502023,2066503023,2066504023,2066505023,2066506023
"logistic_iid_n2000",222,2066492024,2066522024,2066552024,2066502024,2066503024,2066504024,2066505024,2066506024
"logistic_iid_n2000",223,2066492025,2066522025,2066552025,2066502025,2066503025,2066504025,2066505025,2066506025
"logistic_iid_n2000",224,2066492026,2066522026,2066552026,2066502026,2066503026,2066504026,2066505026,2066506026
"logistic_iid_n2000",225,2066492027,2066522027,2066552027,2066502027,2066503027,2066504027,2066505027,2066506027
"logistic_iid_n2000",226,2066492028,2066522028,2066552028,2066502028,2066503028,2066504028,2066505028,2066506028
"logistic_iid_n2000",227,2066492029,2066522029,2066552029,2066502029,2066503029,2066504029,2066505029,2066506029
"logistic_iid_n2000",228,2066492030,2066522030,2066552030,2066502030,2066503030,2066504030,2066505030,2066506030
"logistic_iid_n2000",229,2066492031,2066522031,2066552031,2066502031,2066503031,2066504031,2066505031,2066506031
"logistic_iid_n2000",230,2066492032,2066522032,2066552032,2066502032,2066503032,2066504032,2066505032,2066506032
"logistic_iid_n2000",231,2066492033,2066522033,2066552033,2066502033,2066503033,2066504033,2066505033,2066506033
"logistic_iid_n2000",232,2066492034,2066522034,2066552034,2066502034,2066503034,2066504034,2066505034,2066506034
"logistic_iid_n2000",233,2066492035,2066522035,2066552035,2066502035,2066503035,2066504035,2066505035,2066506035
"logistic_iid_n2000",234,2066492036,2066522036,2066552036,2066502036,2066503036,2066504036,2066505036,2066506036
"logistic_iid_n2000",235,2066492037,2066522037,2066552037,2066502037,2066503037,2066504037,2066505037,2066506037
"logistic_iid_n2000",236,2066492038,2066522038,2066552038,2066502038,2066503038,2066504038,2066505038,2066506038
"logistic_iid_n2000",237,2066492039,2066522039,2066552039,2066502039,2066503039,2066504039,2066505039,2066506039
"logistic_iid_n2000",238,2066492040,2066522040,2066552040,2066502040,2066503040,2066504040,2066505040,2066506040
"logistic_iid_n2000",239,2066492041,2066522041,2066552041,2066502041,2066503041,2066504041,2066505041,2066506041
"logistic_iid_n2000",240,2066492042,2066522042,2066552042,2066502042,2066503042,2066504042,2066505042,2066506042
"logistic_iid_n2000",241,2066492043,2066522043,2066552043,2066502043,2066503043,2066504043,2066505043,2066506043
"logistic_iid_n2000",242,2066492044,2066522044,2066552044,2066502044,2066503044,2066504044,2066505044,2066506044
"logistic_iid_n2000",243,2066492045,2066522045,2066552045,2066502045,2066503045,2066504045,2066505045,2066506045
"logistic_iid_n2000",244,2066492046,2066522046,2066552046,2066502046,2066503046,2066504046,2066505046,2066506046
"logistic_iid_n2000",245,2066492047,2066522047,2066552047,2066502047,2066503047,2066504047,2066505047,2066506047
"logistic_iid_n2000",246,2066492048,2066522048,2066552048,2066502048,2066503048,2066504048,2066505048,2066506048
"logistic_iid_n2000",247,2066492049,2066522049,2066552049,2066502049,2066503049,2066504049,2066505049,2066506049
"logistic_iid_n2000",248,2066492050,2066522050,2066552050,2066502050,2066503050,2066504050,2066505050,2066506050
"logistic_iid_n2000",249,2066492051,2066522051,2066552051,2066502051,2066503051,2066504051,2066505051,2066506051
"logistic_iid_n2000",250,2066492052,2066522052,2066552052,2066502052,2066503052,2066504052,2066505052,2066506052
"logistic_iid_n2000",251,2066492053,2066522053,2066552053,2066502053,2066503053,2066504053,2066505053,2066506053
"logistic_iid_n2000",252,2066492054,2066522054,2066552054,2066502054,2066503054,2066504054,2066505054,2066506054
"logistic_iid_n2000",253,2066492055,2066522055,2066552055,2066502055,2066503055,2066504055,2066505055,2066506055
"logistic_iid_n2000",254,2066492056,2066522056,2066552056,2066502056,2066503056,2066504056,2066505056,2066506056
"logistic_iid_n2000",255,2066492057,2066522057,2066552057,2066502057,2066503057,2066504057,2066505057,2066506057
"logistic_iid_n2000",256,2066492058,2066522058,2066552058,2066502058,2066503058,2066504058,2066505058,2066506058
"logistic_iid_n2000",257,2066492059,2066522059,2066552059,2066502059,2066503059,2066504059,2066505059,2066506059
"logistic_iid_n2000",258,2066492060,2066522060,2066552060,2066502060,2066503060,2066504060,2066505060,2066506060
"logistic_iid_n2000",259,2066492061,2066522061,2066552061,2066502061,2066503061,2066504061,2066505061,2066506061
"logistic_iid_n2000",260,2066492062,2066522062,2066552062,2066502062,2066503062,2066504062,2066505062,2066506062
"logistic_iid_n2000",261,2066492063,2066522063,2066552063,2066502063,2066503063,2066504063,2066505063,2066506063
"logistic_iid_n2000",262,2066492064,2066522064,2066552064,2066502064,2066503064,2066504064,2066505064,2066506064
"logistic_iid_n2000",263,2066492065,2066522065,2066552065,2066502065,2066503065,2066504065,2066505065,2066506065
"logistic_iid_n2000",264,2066492066,2066522066,2066552066,2066502066,2066503066,2066504066,2066505066,2066506066
"logistic_iid_n2000",265,2066492067,2066522067,2066552067,2066502067,2066503067,2066504067,2066505067,2066506067
"logistic_iid_n2000",266,2066492068,2066522068,2066552068,2066502068,2066503068,2066504068,2066505068,2066506068
"logistic_iid_n2000",267,2066492069,2066522069,2066552069,2066502069,2066503069,2066504069,2066505069,2066506069
"logistic_iid_n2000",268,2066492070,2066522070,2066552070,2066502070,2066503070,2066504070,2066505070,2066506070
"logistic_iid_n2000",269,2066492071,2066522071,2066552071,2066502071,2066503071,2066504071,2066505071,2066506071
"logistic_iid_n2000",270,2066492072,2066522072,2066552072,2066502072,2066503072,2066504072,2066505072,2066506072
"logistic_iid_n2000",271,2066492073,2066522073,2066552073,2066502073,2066503073,2066504073,2066505073,2066506073
"logistic_iid_n2000",272,2066492074,2066522074,2066552074,2066502074,2066503074,2066504074,2066505074,2066506074
"logistic_iid_n2000",273,2066492075,2066522075,2066552075,2066502075,2066503075,2066504075,2066505075,2066506075
"logistic_iid_n2000",274,2066492076,2066522076,2066552076,2066502076,2066503076,2066504076,2066505076,2066506076
"logistic_iid_n2000",275,2066492077,2066522077,2066552077,2066502077,2066503077,2066504077,2066505077,2066506077
"logistic_iid_n2000",276,2066492078,2066522078,2066552078,2066502078,2066503078,2066504078,2066505078,2066506078
"logistic_iid_n2000",277,2066492079,2066522079,2066552079,2066502079,2066503079,2066504079,2066505079,2066506079
"logistic_iid_n2000",278,2066492080,2066522080,2066552080,2066502080,2066503080,2066504080,2066505080,2066506080
"logistic_iid_n2000",279,2066492081,2066522081,2066552081,2066502081,2066503081,2066504081,2066505081,2066506081
"logistic_iid_n2000",280,2066492082,2066522082,2066552082,2066502082,2066503082,2066504082,2066505082,2066506082
"logistic_iid_n2000",281,2066492083,2066522083,2066552083,2066502083,2066503083,2066504083,2066505083,2066506083
"logistic_iid_n2000",282,2066492084,2066522084,2066552084,2066502084,2066503084,2066504084,2066505084,2066506084
"logistic_iid_n2000",283,2066492085,2066522085,2066552085,2066502085,2066503085,2066504085,2066505085,2066506085
"logistic_iid_n2000",284,2066492086,2066522086,2066552086,2066502086,2066503086,2066504086,2066505086,2066506086
"logistic_iid_n2000",285,2066492087,2066522087,2066552087,2066502087,2066503087,2066504087,2066505087,2066506087
"logistic_iid_n2000",286,2066492088,2066522088,2066552088,2066502088,2066503088,2066504088,2066505088,2066506088
"logistic_iid_n2000",287,2066492089,2066522089,2066552089,2066502089,2066503089,2066504089,2066505089,2066506089
"logistic_iid_n2000",288,2066492090,2066522090,2066552090,2066502090,2066503090,2066504090,2066505090,2066506090
"logistic_iid_n2000",289,2066492091,2066522091,2066552091,2066502091,2066503091,2066504091,2066505091,2066506091
"logistic_iid_n2000",290,2066492092,2066522092,2066552092,2066502092,2066503092,2066504092,2066505092,2066506092
"logistic_iid_n2000",291,2066492093,2066522093,2066552093,2066502093,2066503093,2066504093,2066505093,2066506093
"logistic_iid_n2000",292,2066492094,2066522094,2066552094,2066502094,2066503094,2066504094,2066505094,2066506094
"logistic_iid_n2000",293,2066492095,2066522095,2066552095,2066502095,2066503095,2066504095,2066505095,2066506095
"logistic_iid_n2000",294,2066492096,2066522096,2066552096,2066502096,2066503096,2066504096,2066505096,2066506096
"logistic_iid_n2000",295,2066492097,2066522097,2066552097,2066502097,2066503097,2066504097,2066505097,2066506097
"logistic_iid_n2000",296,2066492098,2066522098,2066552098,2066502098,2066503098,2066504098,2066505098,2066506098
"logistic_iid_n2000",297,2066492099,2066522099,2066552099,2066502099,2066503099,2066504099,2066505099,2066506099
"logistic_iid_n2000",298,2066492100,2066522100,2066552100,2066502100,2066503100,2066504100,2066505100,2066506100
"logistic_iid_n2000",299,2066492101,2066522101,2066552101,2066502101,2066503101,2066504101,2066505101,2066506101
"logistic_iid_n2000",300,2066492102,2066522102,2066552102,2066502102,2066503102,2066504102,2066505102,2066506102
"logistic_iid_n2000",301,2066492103,2066522103,2066552103,2066502103,2066503103,2066504103,2066505103,2066506103
"logistic_iid_n2000",302,2066492104,2066522104,2066552104,2066502104,2066503104,2066504104,2066505104,2066506104
"logistic_iid_n2000",303,2066492105,2066522105,2066552105,2066502105,2066503105,2066504105,2066505105,2066506105
"logistic_iid_n2000",304,2066492106,2066522106,2066552106,2066502106,2066503106,2066504106,2066505106,2066506106
"logistic_iid_n2000",305,2066492107,2066522107,2066552107,2066502107,2066503107,2066504107,2066505107,2066506107
"logistic_iid_n2000",306,2066492108,2066522108,2066552108,2066502108,2066503108,2066504108,2066505108,2066506108
"logistic_iid_n2000",307,2066492109,2066522109,2066552109,2066502109,2066503109,2066504109,2066505109,2066506109
"logistic_iid_n2000",308,2066492110,2066522110,2066552110,2066502110,2066503110,2066504110,2066505110,2066506110
"logistic_iid_n2000",309,2066492111,2066522111,2066552111,2066502111,2066503111,2066504111,2066505111,2066506111
"logistic_iid_n2000",310,2066492112,2066522112,2066552112,2066502112,2066503112,2066504112,2066505112,2066506112
"logistic_iid_n2000",311,2066492113,2066522113,2066552113,2066502113,2066503113,2066504113,2066505113,2066506113
"logistic_iid_n2000",312,2066492114,2066522114,2066552114,2066502114,2066503114,2066504114,2066505114,2066506114
"logistic_iid_n2000",313,2066492115,2066522115,2066552115,2066502115,2066503115,2066504115,2066505115,2066506115
"logistic_iid_n2000",314,2066492116,2066522116,2066552116,2066502116,2066503116,2066504116,2066505116,2066506116
"logistic_iid_n2000",315,2066492117,2066522117,2066552117,2066502117,2066503117,2066504117,2066505117,2066506117
"logistic_iid_n2000",316,2066492118,2066522118,2066552118,2066502118,2066503118,2066504118,2066505118,2066506118
"logistic_iid_n2000",317,2066492119,2066522119,2066552119,2066502119,2066503119,2066504119,2066505119,2066506119
"logistic_iid_n2000",318,2066492120,2066522120,2066552120,2066502120,2066503120,2066504120,2066505120,2066506120
"logistic_iid_n2000",319,2066492121,2066522121,2066552121,2066502121,2066503121,2066504121,2066505121,2066506121
"logistic_iid_n2000",320,2066492122,2066522122,2066552122,2066502122,2066503122,2066504122,2066505122,2066506122
"logistic_iid_n2000",321,2066492123,2066522123,2066552123,2066502123,2066503123,2066504123,2066505123,2066506123
"logistic_iid_n2000",322,2066492124,2066522124,2066552124,2066502124,2066503124,2066504124,2066505124,2066506124
"logistic_iid_n2000",323,2066492125,2066522125,2066552125,2066502125,2066503125,2066504125,2066505125,2066506125
"logistic_iid_n2000",324,2066492126,2066522126,2066552126,2066502126,2066503126,2066504126,2066505126,2066506126
"logistic_iid_n2000",325,2066492127,2066522127,2066552127,2066502127,2066503127,2066504127,2066505127,2066506127
"logistic_iid_n2000",326,2066492128,2066522128,2066552128,2066502128,2066503128,2066504128,2066505128,2066506128
"logistic_iid_n2000",327,2066492129,2066522129,2066552129,2066502129,2066503129,2066504129,2066505129,2066506129
"logistic_iid_n2000",328,2066492130,2066522130,2066552130,2066502130,2066503130,2066504130,2066505130,2066506130
"logistic_iid_n2000",329,2066492131,2066522131,2066552131,2066502131,2066503131,2066504131,2066505131,2066506131
"logistic_iid_n2000",330,2066492132,2066522132,2066552132,2066502132,2066503132,2066504132,2066505132,2066506132
"logistic_iid_n2000",331,2066492133,2066522133,2066552133,2066502133,2066503133,2066504133,2066505133,2066506133
"logistic_iid_n2000",332,2066492134,2066522134,2066552134,2066502134,2066503134,2066504134,2066505134,2066506134
"logistic_iid_n2000",333,2066492135,2066522135,2066552135,2066502135,2066503135,2066504135,2066505135,2066506135
"logistic_iid_n2000",334,2066492136,2066522136,2066552136,2066502136,2066503136,2066504136,2066505136,2066506136
"logistic_iid_n2000",335,2066492137,2066522137,2066552137,2066502137,2066503137,2066504137,2066505137,2066506137
"logistic_iid_n2000",336,2066492138,2066522138,2066552138,2066502138,2066503138,2066504138,2066505138,2066506138
"logistic_iid_n2000",337,2066492139,2066522139,2066552139,2066502139,2066503139,2066504139,2066505139,2066506139
"logistic_iid_n2000",338,2066492140,2066522140,2066552140,2066502140,2066503140,2066504140,2066505140,2066506140
"logistic_iid_n2000",339,2066492141,2066522141,2066552141,2066502141,2066503141,2066504141,2066505141,2066506141
"logistic_iid_n2000",340,2066492142,2066522142,2066552142,2066502142,2066503142,2066504142,2066505142,2066506142
"logistic_iid_n2000",341,2066492143,2066522143,2066552143,2066502143,2066503143,2066504143,2066505143,2066506143
"logistic_iid_n2000",342,2066492144,2066522144,2066552144,2066502144,2066503144,2066504144,2066505144,2066506144
"logistic_iid_n2000",343,2066492145,2066522145,2066552145,2066502145,2066503145,2066504145,2066505145,2066506145
"logistic_iid_n2000",344,2066492146,2066522146,2066552146,2066502146,2066503146,2066504146,2066505146,2066506146
"logistic_iid_n2000",345,2066492147,2066522147,2066552147,2066502147,2066503147,2066504147,2066505147,2066506147
"logistic_iid_n2000",346,2066492148,2066522148,2066552148,2066502148,2066503148,2066504148,2066505148,2066506148
"logistic_iid_n2000",347,2066492149,2066522149,2066552149,2066502149,2066503149,2066504149,2066505149,2066506149
"logistic_iid_n2000",348,2066492150,2066522150,2066552150,2066502150,2066503150,2066504150,2066505150,2066506150
"logistic_iid_n2000",349,2066492151,2066522151,2066552151,2066502151,2066503151,2066504151,2066505151,2066506151
"logistic_iid_n2000",350,2066492152,2066522152,2066552152,2066502152,2066503152,2066504152,2066505152,2066506152
"logistic_iid_n2000",351,2066492153,2066522153,2066552153,2066502153,2066503153,2066504153,2066505153,2066506153
"logistic_iid_n2000",352,2066492154,2066522154,2066552154,2066502154,2066503154,2066504154,2066505154,2066506154
"logistic_iid_n2000",353,2066492155,2066522155,2066552155,2066502155,2066503155,2066504155,2066505155,2066506155
"logistic_iid_n2000",354,2066492156,2066522156,2066552156,2066502156,2066503156,2066504156,2066505156,2066506156
"logistic_iid_n2000",355,2066492157,2066522157,2066552157,2066502157,2066503157,2066504157,2066505157,2066506157
"logistic_iid_n2000",356,2066492158,2066522158,2066552158,2066502158,2066503158,2066504158,2066505158,2066506158
"logistic_iid_n2000",357,2066492159,2066522159,2066552159,2066502159,2066503159,2066504159,2066505159,2066506159
"logistic_iid_n2000",358,2066492160,2066522160,2066552160,2066502160,2066503160,2066504160,2066505160,2066506160
"logistic_iid_n2000",359,2066492161,2066522161,2066552161,2066502161,2066503161,2066504161,2066505161,2066506161
"logistic_iid_n2000",360,2066492162,2066522162,2066552162,2066502162,2066503162,2066504162,2066505162,2066506162
"logistic_iid_n2000",361,2066492163,2066522163,2066552163,2066502163,2066503163,2066504163,2066505163,2066506163
"logistic_iid_n2000",362,2066492164,2066522164,2066552164,2066502164,2066503164,2066504164,2066505164,2066506164
"logistic_iid_n2000",363,2066492165,2066522165,2066552165,2066502165,2066503165,2066504165,2066505165,2066506165
"logistic_iid_n2000",364,2066492166,2066522166,2066552166,2066502166,2066503166,2066504166,2066505166,2066506166
"logistic_iid_n2000",365,2066492167,2066522167,2066552167,2066502167,2066503167,2066504167,2066505167,2066506167
"logistic_iid_n2000",366,2066492168,2066522168,2066552168,2066502168,2066503168,2066504168,2066505168,2066506168
"logistic_iid_n2000",367,2066492169,2066522169,2066552169,2066502169,2066503169,2066504169,2066505169,2066506169
"logistic_iid_n2000",368,2066492170,2066522170,2066552170,2066502170,2066503170,2066504170,2066505170,2066506170
"logistic_iid_n2000",369,2066492171,2066522171,2066552171,2066502171,2066503171,2066504171,2066505171,2066506171
"logistic_iid_n2000",370,2066492172,2066522172,2066552172,2066502172,2066503172,2066504172,2066505172,2066506172
"logistic_iid_n2000",371,2066492173,2066522173,2066552173,2066502173,2066503173,2066504173,2066505173,2066506173
"logistic_iid_n2000",372,2066492174,2066522174,2066552174,2066502174,2066503174,2066504174,2066505174,2066506174
"logistic_iid_n2000",373,2066492175,2066522175,2066552175,2066502175,2066503175,2066504175,2066505175,2066506175
"logistic_iid_n2000",374,2066492176,2066522176,2066552176,2066502176,2066503176,2066504176,2066505176,2066506176
"logistic_iid_n2000",375,2066492177,2066522177,2066552177,2066502177,2066503177,2066504177,2066505177,2066506177
"logistic_iid_n2000",376,2066492178,2066522178,2066552178,2066502178,2066503178,2066504178,2066505178,2066506178
"logistic_iid_n2000",377,2066492179,2066522179,2066552179,2066502179,2066503179,2066504179,2066505179,2066506179
"logistic_iid_n2000",378,2066492180,2066522180,2066552180,2066502180,2066503180,2066504180,2066505180,2066506180
"logistic_iid_n2000",379,2066492181,2066522181,2066552181,2066502181,2066503181,2066504181,2066505181,2066506181
"logistic_iid_n2000",380,2066492182,2066522182,2066552182,2066502182,2066503182,2066504182,2066505182,2066506182
"logistic_iid_n2000",381,2066492183,2066522183,2066552183,2066502183,2066503183,2066504183,2066505183,2066506183
"logistic_iid_n2000",382,2066492184,2066522184,2066552184,2066502184,2066503184,2066504184,2066505184,2066506184
"logistic_iid_n2000",383,2066492185,2066522185,2066552185,2066502185,2066503185,2066504185,2066505185,2066506185
"logistic_iid_n2000",384,2066492186,2066522186,2066552186,2066502186,2066503186,2066504186,2066505186,2066506186
"logistic_iid_n2000",385,2066492187,2066522187,2066552187,2066502187,2066503187,2066504187,2066505187,2066506187
"logistic_iid_n2000",386,2066492188,2066522188,2066552188,2066502188,2066503188,2066504188,2066505188,2066506188
"logistic_iid_n2000",387,2066492189,2066522189,2066552189,2066502189,2066503189,2066504189,2066505189,2066506189
"logistic_iid_n2000",388,2066492190,2066522190,2066552190,2066502190,2066503190,2066504190,2066505190,2066506190
"logistic_iid_n2000",389,2066492191,2066522191,2066552191,2066502191,2066503191,2066504191,2066505191,2066506191
"logistic_iid_n2000",390,2066492192,2066522192,2066552192,2066502192,2066503192,2066504192,2066505192,2066506192
"logistic_iid_n2000",391,2066492193,2066522193,2066552193,2066502193,2066503193,2066504193,2066505193,2066506193
"logistic_iid_n2000",392,2066492194,2066522194,2066552194,2066502194,2066503194,2066504194,2066505194,2066506194
"logistic_iid_n2000",393,2066492195,2066522195,2066552195,2066502195,2066503195,2066504195,2066505195,2066506195
"logistic_iid_n2000",394,2066492196,2066522196,2066552196,2066502196,2066503196,2066504196,2066505196,2066506196
"logistic_iid_n2000",395,2066492197,2066522197,2066552197,2066502197,2066503197,2066504197,2066505197,2066506197
"logistic_iid_n2000",396,2066492198,2066522198,2066552198,2066502198,2066503198,2066504198,2066505198,2066506198
"logistic_iid_n2000",397,2066492199,2066522199,2066552199,2066502199,2066503199,2066504199,2066505199,2066506199
"logistic_iid_n2000",398,2066492200,2066522200,2066552200,2066502200,2066503200,2066504200,2066505200,2066506200
"logistic_iid_n2000",399,2066492201,2066522201,2066552201,2066502201,2066503201,2066504201,2066505201,2066506201
"logistic_iid_n2000",400,2066492202,2066522202,2066552202,2066502202,2066503202,2066504202,2066505202,2066506202
"logistic_iid_n2000",401,2066492203,2066522203,2066552203,2066502203,2066503203,2066504203,2066505203,2066506203
"logistic_iid_n2000",402,2066492204,2066522204,2066552204,2066502204,2066503204,2066504204,2066505204,2066506204
"logistic_iid_n2000",403,2066492205,2066522205,2066552205,2066502205,2066503205,2066504205,2066505205,2066506205
"logistic_iid_n2000",404,2066492206,2066522206,2066552206,2066502206,2066503206,2066504206,2066505206,2066506206
"logistic_iid_n2000",405,2066492207,2066522207,2066552207,2066502207,2066503207,2066504207,2066505207,2066506207
"logistic_iid_n2000",406,2066492208,2066522208,2066552208,2066502208,2066503208,2066504208,2066505208,2066506208
"logistic_iid_n2000",407,2066492209,2066522209,2066552209,2066502209,2066503209,2066504209,2066505209,2066506209
"logistic_iid_n2000",408,2066492210,2066522210,2066552210,2066502210,2066503210,2066504210,2066505210,2066506210
"logistic_iid_n2000",409,2066492211,2066522211,2066552211,2066502211,2066503211,2066504211,2066505211,2066506211
"logistic_iid_n2000",410,2066492212,2066522212,2066552212,2066502212,2066503212,2066504212,2066505212,2066506212
"logistic_iid_n2000",411,2066492213,2066522213,2066552213,2066502213,2066503213,2066504213,2066505213,2066506213
"logistic_iid_n2000",412,2066492214,2066522214,2066552214,2066502214,2066503214,2066504214,2066505214,2066506214
"logistic_iid_n2000",413,2066492215,2066522215,2066552215,2066502215,2066503215,2066504215,2066505215,2066506215
"logistic_iid_n2000",414,2066492216,2066522216,2066552216,2066502216,2066503216,2066504216,2066505216,2066506216
"logistic_iid_n2000",415,2066492217,2066522217,2066552217,2066502217,2066503217,2066504217,2066505217,2066506217
"logistic_iid_n2000",416,2066492218,2066522218,2066552218,2066502218,2066503218,2066504218,2066505218,2066506218
"logistic_iid_n2000",417,2066492219,2066522219,2066552219,2066502219,2066503219,2066504219,2066505219,2066506219
"logistic_iid_n2000",418,2066492220,2066522220,2066552220,2066502220,2066503220,2066504220,2066505220,2066506220
"logistic_iid_n2000",419,2066492221,2066522221,2066552221,2066502221,2066503221,2066504221,2066505221,2066506221
"logistic_iid_n2000",420,2066492222,2066522222,2066552222,2066502222,2066503222,2066504222,2066505222,2066506222
"logistic_iid_n2000",421,2066492223,2066522223,2066552223,2066502223,2066503223,2066504223,2066505223,2066506223
"logistic_iid_n2000",422,2066492224,2066522224,2066552224,2066502224,2066503224,2066504224,2066505224,2066506224
"logistic_iid_n2000",423,2066492225,2066522225,2066552225,2066502225,2066503225,2066504225,2066505225,2066506225
"logistic_iid_n2000",424,2066492226,2066522226,2066552226,2066502226,2066503226,2066504226,2066505226,2066506226
"logistic_iid_n2000",425,2066492227,2066522227,2066552227,2066502227,2066503227,2066504227,2066505227,2066506227
"logistic_iid_n2000",426,2066492228,2066522228,2066552228,2066502228,2066503228,2066504228,2066505228,2066506228
"logistic_iid_n2000",427,2066492229,2066522229,2066552229,2066502229,2066503229,2066504229,2066505229,2066506229
"logistic_iid_n2000",428,2066492230,2066522230,2066552230,2066502230,2066503230,2066504230,2066505230,2066506230
"logistic_iid_n2000",429,2066492231,2066522231,2066552231,2066502231,2066503231,2066504231,2066505231,2066506231
"logistic_iid_n2000",430,2066492232,2066522232,2066552232,2066502232,2066503232,2066504232,2066505232,2066506232
"logistic_iid_n2000",431,2066492233,2066522233,2066552233,2066502233,2066503233,2066504233,2066505233,2066506233
"logistic_iid_n2000",432,2066492234,2066522234,2066552234,2066502234,2066503234,2066504234,2066505234,2066506234
"logistic_iid_n2000",433,2066492235,2066522235,2066552235,2066502235,2066503235,2066504235,2066505235,2066506235
"logistic_iid_n2000",434,2066492236,2066522236,2066552236,2066502236,2066503236,2066504236,2066505236,2066506236
"logistic_iid_n2000",435,2066492237,2066522237,2066552237,2066502237,2066503237,2066504237,2066505237,2066506237
"logistic_iid_n2000",436,2066492238,2066522238,2066552238,2066502238,2066503238,2066504238,2066505238,2066506238
"logistic_iid_n2000",437,2066492239,2066522239,2066552239,2066502239,2066503239,2066504239,2066505239,2066506239
"logistic_iid_n2000",438,2066492240,2066522240,2066552240,2066502240,2066503240,2066504240,2066505240,2066506240
"logistic_iid_n2000",439,2066492241,2066522241,2066552241,2066502241,2066503241,2066504241,2066505241,2066506241
"logistic_iid_n2000",440,2066492242,2066522242,2066552242,2066502242,2066503242,2066504242,2066505242,2066506242
"logistic_iid_n2000",441,2066492243,2066522243,2066552243,2066502243,2066503243,2066504243,2066505243,2066506243
"logistic_iid_n2000",442,2066492244,2066522244,2066552244,2066502244,2066503244,2066504244,2066505244,2066506244
"logistic_iid_n2000",443,2066492245,2066522245,2066552245,2066502245,2066503245,2066504245,2066505245,2066506245
"logistic_iid_n2000",444,2066492246,2066522246,2066552246,2066502246,2066503246,2066504246,2066505246,2066506246
"logistic_iid_n2000",445,2066492247,2066522247,2066552247,2066502247,2066503247,2066504247,2066505247,2066506247
"logistic_iid_n2000",446,2066492248,2066522248,2066552248,2066502248,2066503248,2066504248,2066505248,2066506248
"logistic_iid_n2000",447,2066492249,2066522249,2066552249,2066502249,2066503249,2066504249,2066505249,2066506249
"logistic_iid_n2000",448,2066492250,2066522250,2066552250,2066502250,2066503250,2066504250,2066505250,2066506250
"logistic_iid_n2000",449,2066492251,2066522251,2066552251,2066502251,2066503251,2066504251,2066505251,2066506251
"logistic_iid_n2000",450,2066492252,2066522252,2066552252,2066502252,2066503252,2066504252,2066505252,2066506252
"logistic_iid_n2000",451,2066492253,2066522253,2066552253,2066502253,2066503253,2066504253,2066505253,2066506253
"logistic_iid_n2000",452,2066492254,2066522254,2066552254,2066502254,2066503254,2066504254,2066505254,2066506254
"logistic_iid_n2000",453,2066492255,2066522255,2066552255,2066502255,2066503255,2066504255,2066505255,2066506255
"logistic_iid_n2000",454,2066492256,2066522256,2066552256,2066502256,2066503256,2066504256,2066505256,2066506256
"logistic_iid_n2000",455,2066492257,2066522257,2066552257,2066502257,2066503257,2066504257,2066505257,2066506257
"logistic_iid_n2000",456,2066492258,2066522258,2066552258,2066502258,2066503258,2066504258,2066505258,2066506258
"logistic_iid_n2000",457,2066492259,2066522259,2066552259,2066502259,2066503259,2066504259,2066505259,2066506259
"logistic_iid_n2000",458,2066492260,2066522260,2066552260,2066502260,2066503260,2066504260,2066505260,2066506260
"logistic_iid_n2000",459,2066492261,2066522261,2066552261,2066502261,2066503261,2066504261,2066505261,2066506261
"logistic_iid_n2000",460,2066492262,2066522262,2066552262,2066502262,2066503262,2066504262,2066505262,2066506262
"logistic_iid_n2000",461,2066492263,2066522263,2066552263,2066502263,2066503263,2066504263,2066505263,2066506263
"logistic_iid_n2000",462,2066492264,2066522264,2066552264,2066502264,2066503264,2066504264,2066505264,2066506264
"logistic_iid_n2000",463,2066492265,2066522265,2066552265,2066502265,2066503265,2066504265,2066505265,2066506265
"logistic_iid_n2000",464,2066492266,2066522266,2066552266,2066502266,2066503266,2066504266,2066505266,2066506266
"logistic_iid_n2000",465,2066492267,2066522267,2066552267,2066502267,2066503267,2066504267,2066505267,2066506267
"logistic_iid_n2000",466,2066492268,2066522268,2066552268,2066502268,2066503268,2066504268,2066505268,2066506268
"logistic_iid_n2000",467,2066492269,2066522269,2066552269,2066502269,2066503269,2066504269,2066505269,2066506269
"logistic_iid_n2000",468,2066492270,2066522270,2066552270,2066502270,2066503270,2066504270,2066505270,2066506270
"logistic_iid_n2000",469,2066492271,2066522271,2066552271,2066502271,2066503271,2066504271,2066505271,2066506271
"logistic_iid_n2000",470,2066492272,2066522272,2066552272,2066502272,2066503272,2066504272,2066505272,2066506272
"logistic_iid_n2000",471,2066492273,2066522273,2066552273,2066502273,2066503273,2066504273,2066505273,2066506273
"logistic_iid_n2000",472,2066492274,2066522274,2066552274,2066502274,2066503274,2066504274,2066505274,2066506274
"logistic_iid_n2000",473,2066492275,2066522275,2066552275,2066502275,2066503275,2066504275,2066505275,2066506275
"logistic_iid_n2000",474,2066492276,2066522276,2066552276,2066502276,2066503276,2066504276,2066505276,2066506276
"logistic_iid_n2000",475,2066492277,2066522277,2066552277,2066502277,2066503277,2066504277,2066505277,2066506277
"logistic_iid_n2000",476,2066492278,2066522278,2066552278,2066502278,2066503278,2066504278,2066505278,2066506278
"logistic_iid_n2000",477,2066492279,2066522279,2066552279,2066502279,2066503279,2066504279,2066505279,2066506279
"logistic_iid_n2000",478,2066492280,2066522280,2066552280,2066502280,2066503280,2066504280,2066505280,2066506280
"logistic_iid_n2000",479,2066492281,2066522281,2066552281,2066502281,2066503281,2066504281,2066505281,2066506281
"logistic_iid_n2000",480,2066492282,2066522282,2066552282,2066502282,2066503282,2066504282,2066505282,2066506282
"logistic_iid_n2000",481,2066492283,2066522283,2066552283,2066502283,2066503283,2066504283,2066505283,2066506283
"logistic_iid_n2000",482,2066492284,2066522284,2066552284,2066502284,2066503284,2066504284,2066505284,2066506284
"logistic_iid_n2000",483,2066492285,2066522285,2066552285,2066502285,2066503285,2066504285,2066505285,2066506285
"logistic_iid_n2000",484,2066492286,2066522286,2066552286,2066502286,2066503286,2066504286,2066505286,2066506286
"logistic_iid_n2000",485,2066492287,2066522287,2066552287,2066502287,2066503287,2066504287,2066505287,2066506287
"logistic_iid_n2000",486,2066492288,2066522288,2066552288,2066502288,2066503288,2066504288,2066505288,2066506288
"logistic_iid_n2000",487,2066492289,2066522289,2066552289,2066502289,2066503289,2066504289,2066505289,2066506289
"logistic_iid_n2000",488,2066492290,2066522290,2066552290,2066502290,2066503290,2066504290,2066505290,2066506290
"logistic_iid_n2000",489,2066492291,2066522291,2066552291,2066502291,2066503291,2066504291,2066505291,2066506291
"logistic_iid_n2000",490,2066492292,2066522292,2066552292,2066502292,2066503292,2066504292,2066505292,2066506292
"logistic_iid_n2000",491,2066492293,2066522293,2066552293,2066502293,2066503293,2066504293,2066505293,2066506293
"logistic_iid_n2000",492,2066492294,2066522294,2066552294,2066502294,2066503294,2066504294,2066505294,2066506294
"logistic_iid_n2000",493,2066492295,2066522295,2066552295,2066502295,2066503295,2066504295,2066505295,2066506295
"logistic_iid_n2000",494,2066492296,2066522296,2066552296,2066502296,2066503296,2066504296,2066505296,2066506296
"logistic_iid_n2000",495,2066492297,2066522297,2066552297,2066502297,2066503297,2066504297,2066505297,2066506297
"logistic_iid_n2000",496,2066492298,2066522298,2066552298,2066502298,2066503298,2066504298,2066505298,2066506298
"logistic_iid_n2000",497,2066492299,2066522299,2066552299,2066502299,2066503299,2066504299,2066505299,2066506299
"logistic_iid_n2000",498,2066492300,2066522300,2066552300,2066502300,2066503300,2066504300,2066505300,2066506300
"logistic_iid_n2000",499,2066492301,2066522301,2066552301,2066502301,2066503301,2066504301,2066505301,2066506301
"logistic_iid_n2000",500,2066492302,2066522302,2066552302,2066502302,2066503302,2066504302,2066505302,2066506302
"logistic_iid_n2000",501,2066492303,2066522303,2066552303,2066502303,2066503303,2066504303,2066505303,2066506303
"logistic_iid_n2000",502,2066492304,2066522304,2066552304,2066502304,2066503304,2066504304,2066505304,2066506304
"logistic_iid_n2000",503,2066492305,2066522305,2066552305,2066502305,2066503305,2066504305,2066505305,2066506305
"logistic_iid_n2000",504,2066492306,2066522306,2066552306,2066502306,2066503306,2066504306,2066505306,2066506306
"logistic_iid_n2000",505,2066492307,2066522307,2066552307,2066502307,2066503307,2066504307,2066505307,2066506307
"logistic_iid_n2000",506,2066492308,2066522308,2066552308,2066502308,2066503308,2066504308,2066505308,2066506308
"logistic_iid_n2000",507,2066492309,2066522309,2066552309,2066502309,2066503309,2066504309,2066505309,2066506309
"logistic_iid_n2000",508,2066492310,2066522310,2066552310,2066502310,2066503310,2066504310,2066505310,2066506310
"logistic_iid_n2000",509,2066492311,2066522311,2066552311,2066502311,2066503311,2066504311,2066505311,2066506311
"logistic_iid_n2000",510,2066492312,2066522312,2066552312,2066502312,2066503312,2066504312,2066505312,2066506312
"logistic_iid_n2000",511,2066492313,2066522313,2066552313,2066502313,2066503313,2066504313,2066505313,2066506313
"logistic_iid_n2000",512,2066492314,2066522314,2066552314,2066502314,2066503314,2066504314,2066505314,2066506314
"logistic_iid_n2000",513,2066492315,2066522315,2066552315,2066502315,2066503315,2066504315,2066505315,2066506315
"logistic_iid_n2000",514,2066492316,2066522316,2066552316,2066502316,2066503316,2066504316,2066505316,2066506316
"logistic_iid_n2000",515,2066492317,2066522317,2066552317,2066502317,2066503317,2066504317,2066505317,2066506317
"logistic_iid_n2000",516,2066492318,2066522318,2066552318,2066502318,2066503318,2066504318,2066505318,2066506318
"logistic_iid_n2000",517,2066492319,2066522319,2066552319,2066502319,2066503319,2066504319,2066505319,2066506319
"logistic_iid_n2000",518,2066492320,2066522320,2066552320,2066502320,2066503320,2066504320,2066505320,2066506320
"logistic_iid_n2000",519,2066492321,2066522321,2066552321,2066502321,2066503321,2066504321,2066505321,2066506321
"logistic_iid_n2000",520,2066492322,2066522322,2066552322,2066502322,2066503322,2066504322,2066505322,2066506322
"logistic_iid_n2000",521,2066492323,2066522323,2066552323,2066502323,2066503323,2066504323,2066505323,2066506323
"logistic_iid_n2000",522,2066492324,2066522324,2066552324,2066502324,2066503324,2066504324,2066505324,2066506324
"logistic_iid_n2000",523,2066492325,2066522325,2066552325,2066502325,2066503325,2066504325,2066505325,2066506325
"logistic_iid_n2000",524,2066492326,2066522326,2066552326,2066502326,2066503326,2066504326,2066505326,2066506326
"logistic_iid_n2000",525,2066492327,2066522327,2066552327,2066502327,2066503327,2066504327,2066505327,2066506327
"logistic_iid_n2000",526,2066492328,2066522328,2066552328,2066502328,2066503328,2066504328,2066505328,2066506328
"logistic_iid_n2000",527,2066492329,2066522329,2066552329,2066502329,2066503329,2066504329,2066505329,2066506329
"logistic_iid_n2000",528,2066492330,2066522330,2066552330,2066502330,2066503330,2066504330,2066505330,2066506330
"logistic_iid_n2000",529,2066492331,2066522331,2066552331,2066502331,2066503331,2066504331,2066505331,2066506331
"logistic_iid_n2000",530,2066492332,2066522332,2066552332,2066502332,2066503332,2066504332,2066505332,2066506332
"logistic_iid_n2000",531,2066492333,2066522333,2066552333,2066502333,2066503333,2066504333,2066505333,2066506333
"logistic_iid_n2000",532,2066492334,2066522334,2066552334,2066502334,2066503334,2066504334,2066505334,2066506334
"logistic_iid_n2000",533,2066492335,2066522335,2066552335,2066502335,2066503335,2066504335,2066505335,2066506335
"logistic_iid_n2000",534,2066492336,2066522336,2066552336,2066502336,2066503336,2066504336,2066505336,2066506336
"logistic_iid_n2000",535,2066492337,2066522337,2066552337,2066502337,2066503337,2066504337,2066505337,2066506337
"logistic_iid_n2000",536,2066492338,2066522338,2066552338,2066502338,2066503338,2066504338,2066505338,2066506338
"logistic_iid_n2000",537,2066492339,2066522339,2066552339,2066502339,2066503339,2066504339,2066505339,2066506339
"logistic_iid_n2000",538,2066492340,2066522340,2066552340,2066502340,2066503340,2066504340,2066505340,2066506340
"logistic_iid_n2000",539,2066492341,2066522341,2066552341,2066502341,2066503341,2066504341,2066505341,2066506341
"logistic_iid_n2000",540,2066492342,2066522342,2066552342,2066502342,2066503342,2066504342,2066505342,2066506342
"logistic_iid_n2000",541,2066492343,2066522343,2066552343,2066502343,2066503343,2066504343,2066505343,2066506343
"logistic_iid_n2000",542,2066492344,2066522344,2066552344,2066502344,2066503344,2066504344,2066505344,2066506344
"logistic_iid_n2000",543,2066492345,2066522345,2066552345,2066502345,2066503345,2066504345,2066505345,2066506345
"logistic_iid_n2000",544,2066492346,2066522346,2066552346,2066502346,2066503346,2066504346,2066505346,2066506346
"logistic_iid_n2000",545,2066492347,2066522347,2066552347,2066502347,2066503347,2066504347,2066505347,2066506347
"logistic_iid_n2000",546,2066492348,2066522348,2066552348,2066502348,2066503348,2066504348,2066505348,2066506348
"logistic_iid_n2000",547,2066492349,2066522349,2066552349,2066502349,2066503349,2066504349,2066505349,2066506349
"logistic_iid_n2000",548,2066492350,2066522350,2066552350,2066502350,2066503350,2066504350,2066505350,2066506350
"logistic_iid_n2000",549,2066492351,2066522351,2066552351,2066502351,2066503351,2066504351,2066505351,2066506351
"logistic_iid_n2000",550,2066492352,2066522352,2066552352,2066502352,2066503352,2066504352,2066505352,2066506352
"logistic_iid_n2000",551,2066492353,2066522353,2066552353,2066502353,2066503353,2066504353,2066505353,2066506353
"logistic_iid_n2000",552,2066492354,2066522354,2066552354,2066502354,2066503354,2066504354,2066505354,2066506354
"logistic_iid_n2000",553,2066492355,2066522355,2066552355,2066502355,2066503355,2066504355,2066505355,2066506355
"logistic_iid_n2000",554,2066492356,2066522356,2066552356,2066502356,2066503356,2066504356,2066505356,2066506356
"logistic_iid_n2000",555,2066492357,2066522357,2066552357,2066502357,2066503357,2066504357,2066505357,2066506357
"logistic_iid_n2000",556,2066492358,2066522358,2066552358,2066502358,2066503358,2066504358,2066505358,2066506358
"logistic_iid_n2000",557,2066492359,2066522359,2066552359,2066502359,2066503359,2066504359,2066505359,2066506359
"logistic_iid_n2000",558,2066492360,2066522360,2066552360,2066502360,2066503360,2066504360,2066505360,2066506360
"logistic_iid_n2000",559,2066492361,2066522361,2066552361,2066502361,2066503361,2066504361,2066505361,2066506361
"logistic_iid_n2000",560,2066492362,2066522362,2066552362,2066502362,2066503362,2066504362,2066505362,2066506362
"logistic_iid_n2000",561,2066492363,2066522363,2066552363,2066502363,2066503363,2066504363,2066505363,2066506363
"logistic_iid_n2000",562,2066492364,2066522364,2066552364,2066502364,2066503364,2066504364,2066505364,2066506364
"logistic_iid_n2000",563,2066492365,2066522365,2066552365,2066502365,2066503365,2066504365,2066505365,2066506365
"logistic_iid_n2000",564,2066492366,2066522366,2066552366,2066502366,2066503366,2066504366,2066505366,2066506366
"logistic_iid_n2000",565,2066492367,2066522367,2066552367,2066502367,2066503367,2066504367,2066505367,2066506367
"logistic_iid_n2000",566,2066492368,2066522368,2066552368,2066502368,2066503368,2066504368,2066505368,2066506368
"logistic_iid_n2000",567,2066492369,2066522369,2066552369,2066502369,2066503369,2066504369,2066505369,2066506369
"logistic_iid_n2000",568,2066492370,2066522370,2066552370,2066502370,2066503370,2066504370,2066505370,2066506370
"logistic_iid_n2000",569,2066492371,2066522371,2066552371,2066502371,2066503371,2066504371,2066505371,2066506371
"logistic_iid_n2000",570,2066492372,2066522372,2066552372,2066502372,2066503372,2066504372,2066505372,2066506372
"logistic_iid_n2000",571,2066492373,2066522373,2066552373,2066502373,2066503373,2066504373,2066505373,2066506373
"logistic_iid_n2000",572,2066492374,2066522374,2066552374,2066502374,2066503374,2066504374,2066505374,2066506374
"logistic_iid_n2000",573,2066492375,2066522375,2066552375,2066502375,2066503375,2066504375,2066505375,2066506375
"logistic_iid_n2000",574,2066492376,2066522376,2066552376,2066502376,2066503376,2066504376,2066505376,2066506376
"logistic_iid_n2000",575,2066492377,2066522377,2066552377,2066502377,2066503377,2066504377,2066505377,2066506377
"logistic_iid_n2000",576,2066492378,2066522378,2066552378,2066502378,2066503378,2066504378,2066505378,2066506378
"logistic_iid_n2000",577,2066492379,2066522379,2066552379,2066502379,2066503379,2066504379,2066505379,2066506379
"logistic_iid_n2000",578,2066492380,2066522380,2066552380,2066502380,2066503380,2066504380,2066505380,2066506380
"logistic_iid_n2000",579,2066492381,2066522381,2066552381,2066502381,2066503381,2066504381,2066505381,2066506381
"logistic_iid_n2000",580,2066492382,2066522382,2066552382,2066502382,2066503382,2066504382,2066505382,2066506382
"logistic_iid_n2000",581,2066492383,2066522383,2066552383,2066502383,2066503383,2066504383,2066505383,2066506383
"logistic_iid_n2000",582,2066492384,2066522384,2066552384,2066502384,2066503384,2066504384,2066505384,2066506384
"logistic_iid_n2000",583,2066492385,2066522385,2066552385,2066502385,2066503385,2066504385,2066505385,2066506385
"logistic_iid_n2000",584,2066492386,2066522386,2066552386,2066502386,2066503386,2066504386,2066505386,2066506386
"logistic_iid_n2000",585,2066492387,2066522387,2066552387,2066502387,2066503387,2066504387,2066505387,2066506387
"logistic_iid_n2000",586,2066492388,2066522388,2066552388,2066502388,2066503388,2066504388,2066505388,2066506388
"logistic_iid_n2000",587,2066492389,2066522389,2066552389,2066502389,2066503389,2066504389,2066505389,2066506389
"logistic_iid_n2000",588,2066492390,2066522390,2066552390,2066502390,2066503390,2066504390,2066505390,2066506390
"logistic_iid_n2000",589,2066492391,2066522391,2066552391,2066502391,2066503391,2066504391,2066505391,2066506391
"logistic_iid_n2000",590,2066492392,2066522392,2066552392,2066502392,2066503392,2066504392,2066505392,2066506392
"logistic_iid_n2000",591,2066492393,2066522393,2066552393,2066502393,2066503393,2066504393,2066505393,2066506393
"logistic_iid_n2000",592,2066492394,2066522394,2066552394,2066502394,2066503394,2066504394,2066505394,2066506394
"logistic_iid_n2000",593,2066492395,2066522395,2066552395,2066502395,2066503395,2066504395,2066505395,2066506395
"logistic_iid_n2000",594,2066492396,2066522396,2066552396,2066502396,2066503396,2066504396,2066505396,2066506396
"logistic_iid_n2000",595,2066492397,2066522397,2066552397,2066502397,2066503397,2066504397,2066505397,2066506397
"logistic_iid_n2000",596,2066492398,2066522398,2066552398,2066502398,2066503398,2066504398,2066505398,2066506398
"logistic_iid_n2000",597,2066492399,2066522399,2066552399,2066502399,2066503399,2066504399,2066505399,2066506399
"logistic_iid_n2000",598,2066492400,2066522400,2066552400,2066502400,2066503400,2066504400,2066505400,2066506400
"logistic_iid_n2000",599,2066492401,2066522401,2066552401,2066502401,2066503401,2066504401,2066505401,2066506401
"logistic_iid_n2000",600,2066492402,2066522402,2066552402,2066502402,2066503402,2066504402,2066505402,2066506402
"logistic_iid_n2000",601,2066492403,2066522403,2066552403,2066502403,2066503403,2066504403,2066505403,2066506403
"logistic_iid_n2000",602,2066492404,2066522404,2066552404,2066502404,2066503404,2066504404,2066505404,2066506404
"logistic_iid_n2000",603,2066492405,2066522405,2066552405,2066502405,2066503405,2066504405,2066505405,2066506405
"logistic_iid_n2000",604,2066492406,2066522406,2066552406,2066502406,2066503406,2066504406,2066505406,2066506406
"logistic_iid_n2000",605,2066492407,2066522407,2066552407,2066502407,2066503407,2066504407,2066505407,2066506407
"logistic_iid_n2000",606,2066492408,2066522408,2066552408,2066502408,2066503408,2066504408,2066505408,2066506408
"logistic_iid_n2000",607,2066492409,2066522409,2066552409,2066502409,2066503409,2066504409,2066505409,2066506409
"logistic_iid_n2000",608,2066492410,2066522410,2066552410,2066502410,2066503410,2066504410,2066505410,2066506410
"logistic_iid_n2000",609,2066492411,2066522411,2066552411,2066502411,2066503411,2066504411,2066505411,2066506411
"logistic_iid_n2000",610,2066492412,2066522412,2066552412,2066502412,2066503412,2066504412,2066505412,2066506412
"logistic_iid_n2000",611,2066492413,2066522413,2066552413,2066502413,2066503413,2066504413,2066505413,2066506413
"logistic_iid_n2000",612,2066492414,2066522414,2066552414,2066502414,2066503414,2066504414,2066505414,2066506414
"logistic_iid_n2000",613,2066492415,2066522415,2066552415,2066502415,2066503415,2066504415,2066505415,2066506415
"logistic_iid_n2000",614,2066492416,2066522416,2066552416,2066502416,2066503416,2066504416,2066505416,2066506416
"logistic_iid_n2000",615,2066492417,2066522417,2066552417,2066502417,2066503417,2066504417,2066505417,2066506417
"logistic_iid_n2000",616,2066492418,2066522418,2066552418,2066502418,2066503418,2066504418,2066505418,2066506418
"logistic_iid_n2000",617,2066492419,2066522419,2066552419,2066502419,2066503419,2066504419,2066505419,2066506419
"logistic_iid_n2000",618,2066492420,2066522420,2066552420,2066502420,2066503420,2066504420,2066505420,2066506420
"logistic_iid_n2000",619,2066492421,2066522421,2066552421,2066502421,2066503421,2066504421,2066505421,2066506421
"logistic_iid_n2000",620,2066492422,2066522422,2066552422,2066502422,2066503422,2066504422,2066505422,2066506422
"logistic_iid_n2000",621,2066492423,2066522423,2066552423,2066502423,2066503423,2066504423,2066505423,2066506423
"logistic_iid_n2000",622,2066492424,2066522424,2066552424,2066502424,2066503424,2066504424,2066505424,2066506424
"logistic_iid_n2000",623,2066492425,2066522425,2066552425,2066502425,2066503425,2066504425,2066505425,2066506425
"logistic_iid_n2000",624,2066492426,2066522426,2066552426,2066502426,2066503426,2066504426,2066505426,2066506426
"logistic_iid_n2000",625,2066492427,2066522427,2066552427,2066502427,2066503427,2066504427,2066505427,2066506427
"logistic_iid_n2000",626,2066492428,2066522428,2066552428,2066502428,2066503428,2066504428,2066505428,2066506428
"logistic_iid_n2000",627,2066492429,2066522429,2066552429,2066502429,2066503429,2066504429,2066505429,2066506429
"logistic_iid_n2000",628,2066492430,2066522430,2066552430,2066502430,2066503430,2066504430,2066505430,2066506430
"logistic_iid_n2000",629,2066492431,2066522431,2066552431,2066502431,2066503431,2066504431,2066505431,2066506431
"logistic_iid_n2000",630,2066492432,2066522432,2066552432,2066502432,2066503432,2066504432,2066505432,2066506432
"logistic_iid_n2000",631,2066492433,2066522433,2066552433,2066502433,2066503433,2066504433,2066505433,2066506433
"logistic_iid_n2000",632,2066492434,2066522434,2066552434,2066502434,2066503434,2066504434,2066505434,2066506434
"logistic_iid_n2000",633,2066492435,2066522435,2066552435,2066502435,2066503435,2066504435,2066505435,2066506435
"logistic_iid_n2000",634,2066492436,2066522436,2066552436,2066502436,2066503436,2066504436,2066505436,2066506436
"logistic_iid_n2000",635,2066492437,2066522437,2066552437,2066502437,2066503437,2066504437,2066505437,2066506437
"logistic_iid_n2000",636,2066492438,2066522438,2066552438,2066502438,2066503438,2066504438,2066505438,2066506438
"logistic_iid_n2000",637,2066492439,2066522439,2066552439,2066502439,2066503439,2066504439,2066505439,2066506439
"logistic_iid_n2000",638,2066492440,2066522440,2066552440,2066502440,2066503440,2066504440,2066505440,2066506440
"logistic_iid_n2000",639,2066492441,2066522441,2066552441,2066502441,2066503441,2066504441,2066505441,2066506441
"logistic_iid_n2000",640,2066492442,2066522442,2066552442,2066502442,2066503442,2066504442,2066505442,2066506442
"logistic_iid_n2000",641,2066492443,2066522443,2066552443,2066502443,2066503443,2066504443,2066505443,2066506443
"logistic_iid_n2000",642,2066492444,2066522444,2066552444,2066502444,2066503444,2066504444,2066505444,2066506444
"logistic_iid_n2000",643,2066492445,2066522445,2066552445,2066502445,2066503445,2066504445,2066505445,2066506445
"logistic_iid_n2000",644,2066492446,2066522446,2066552446,2066502446,2066503446,2066504446,2066505446,2066506446
"logistic_iid_n2000",645,2066492447,2066522447,2066552447,2066502447,2066503447,2066504447,2066505447,2066506447
"logistic_iid_n2000",646,2066492448,2066522448,2066552448,2066502448,2066503448,2066504448,2066505448,2066506448
"logistic_iid_n2000",647,2066492449,2066522449,2066552449,2066502449,2066503449,2066504449,2066505449,2066506449
"logistic_iid_n2000",648,2066492450,2066522450,2066552450,2066502450,2066503450,2066504450,2066505450,2066506450
"logistic_iid_n2000",649,2066492451,2066522451,2066552451,2066502451,2066503451,2066504451,2066505451,2066506451
"logistic_iid_n2000",650,2066492452,2066522452,2066552452,2066502452,2066503452,2066504452,2066505452,2066506452
"logistic_iid_n2000",651,2066492453,2066522453,2066552453,2066502453,2066503453,2066504453,2066505453,2066506453
"logistic_iid_n2000",652,2066492454,2066522454,2066552454,2066502454,2066503454,2066504454,2066505454,2066506454
"logistic_iid_n2000",653,2066492455,2066522455,2066552455,2066502455,2066503455,2066504455,2066505455,2066506455
"logistic_iid_n2000",654,2066492456,2066522456,2066552456,2066502456,2066503456,2066504456,2066505456,2066506456
"logistic_iid_n2000",655,2066492457,2066522457,2066552457,2066502457,2066503457,2066504457,2066505457,2066506457
"logistic_iid_n2000",656,2066492458,2066522458,2066552458,2066502458,2066503458,2066504458,2066505458,2066506458
"logistic_iid_n2000",657,2066492459,2066522459,2066552459,2066502459,2066503459,2066504459,2066505459,2066506459
"logistic_iid_n2000",658,2066492460,2066522460,2066552460,2066502460,2066503460,2066504460,2066505460,2066506460
"logistic_iid_n2000",659,2066492461,2066522461,2066552461,2066502461,2066503461,2066504461,2066505461,2066506461
"logistic_iid_n2000",660,2066492462,2066522462,2066552462,2066502462,2066503462,2066504462,2066505462,2066506462
"logistic_iid_n2000",661,2066492463,2066522463,2066552463,2066502463,2066503463,2066504463,2066505463,2066506463
"logistic_iid_n2000",662,2066492464,2066522464,2066552464,2066502464,2066503464,2066504464,2066505464,2066506464
"logistic_iid_n2000",663,2066492465,2066522465,2066552465,2066502465,2066503465,2066504465,2066505465,2066506465
"logistic_iid_n2000",664,2066492466,2066522466,2066552466,2066502466,2066503466,2066504466,2066505466,2066506466
"logistic_iid_n2000",665,2066492467,2066522467,2066552467,2066502467,2066503467,2066504467,2066505467,2066506467
"logistic_iid_n2000",666,2066492468,2066522468,2066552468,2066502468,2066503468,2066504468,2066505468,2066506468
"logistic_iid_n2000",667,2066492469,2066522469,2066552469,2066502469,2066503469,2066504469,2066505469,2066506469
"logistic_iid_n2000",668,2066492470,2066522470,2066552470,2066502470,2066503470,2066504470,2066505470,2066506470
"logistic_iid_n2000",669,2066492471,2066522471,2066552471,2066502471,2066503471,2066504471,2066505471,2066506471
"logistic_iid_n2000",670,2066492472,2066522472,2066552472,2066502472,2066503472,2066504472,2066505472,2066506472
"logistic_iid_n2000",671,2066492473,2066522473,2066552473,2066502473,2066503473,2066504473,2066505473,2066506473
"logistic_iid_n2000",672,2066492474,2066522474,2066552474,2066502474,2066503474,2066504474,2066505474,2066506474
"logistic_iid_n2000",673,2066492475,2066522475,2066552475,2066502475,2066503475,2066504475,2066505475,2066506475
"logistic_iid_n2000",674,2066492476,2066522476,2066552476,2066502476,2066503476,2066504476,2066505476,2066506476
"logistic_iid_n2000",675,2066492477,2066522477,2066552477,2066502477,2066503477,2066504477,2066505477,2066506477
"logistic_iid_n2000",676,2066492478,2066522478,2066552478,2066502478,2066503478,2066504478,2066505478,2066506478
"logistic_iid_n2000",677,2066492479,2066522479,2066552479,2066502479,2066503479,2066504479,2066505479,2066506479
"logistic_iid_n2000",678,2066492480,2066522480,2066552480,2066502480,2066503480,2066504480,2066505480,2066506480
"logistic_iid_n2000",679,2066492481,2066522481,2066552481,2066502481,2066503481,2066504481,2066505481,2066506481
"logistic_iid_n2000",680,2066492482,2066522482,2066552482,2066502482,2066503482,2066504482,2066505482,2066506482
"logistic_iid_n2000",681,2066492483,2066522483,2066552483,2066502483,2066503483,2066504483,2066505483,2066506483
"logistic_iid_n2000",682,2066492484,2066522484,2066552484,2066502484,2066503484,2066504484,2066505484,2066506484
"logistic_iid_n2000",683,2066492485,2066522485,2066552485,2066502485,2066503485,2066504485,2066505485,2066506485
"logistic_iid_n2000",684,2066492486,2066522486,2066552486,2066502486,2066503486,2066504486,2066505486,2066506486
"logistic_iid_n2000",685,2066492487,2066522487,2066552487,2066502487,2066503487,2066504487,2066505487,2066506487
"logistic_iid_n2000",686,2066492488,2066522488,2066552488,2066502488,2066503488,2066504488,2066505488,2066506488
"logistic_iid_n2000",687,2066492489,2066522489,2066552489,2066502489,2066503489,2066504489,2066505489,2066506489
"logistic_iid_n2000",688,2066492490,2066522490,2066552490,2066502490,2066503490,2066504490,2066505490,2066506490
"logistic_iid_n2000",689,2066492491,2066522491,2066552491,2066502491,2066503491,2066504491,2066505491,2066506491
"logistic_iid_n2000",690,2066492492,2066522492,2066552492,2066502492,2066503492,2066504492,2066505492,2066506492
"logistic_iid_n2000",691,2066492493,2066522493,2066552493,2066502493,2066503493,2066504493,2066505493,2066506493
"logistic_iid_n2000",692,2066492494,2066522494,2066552494,2066502494,2066503494,2066504494,2066505494,2066506494
"logistic_iid_n2000",693,2066492495,2066522495,2066552495,2066502495,2066503495,2066504495,2066505495,2066506495
"logistic_iid_n2000",694,2066492496,2066522496,2066552496,2066502496,2066503496,2066504496,2066505496,2066506496
"logistic_iid_n2000",695,2066492497,2066522497,2066552497,2066502497,2066503497,2066504497,2066505497,2066506497
"logistic_iid_n2000",696,2066492498,2066522498,2066552498,2066502498,2066503498,2066504498,2066505498,2066506498
"logistic_iid_n2000",697,2066492499,2066522499,2066552499,2066502499,2066503499,2066504499,2066505499,2066506499
"logistic_iid_n2000",698,2066492500,2066522500,2066552500,2066502500,2066503500,2066504500,2066505500,2066506500
"logistic_iid_n2000",699,2066492501,2066522501,2066552501,2066502501,2066503501,2066504501,2066505501,2066506501
"logistic_iid_n2000",700,2066492502,2066522502,2066552502,2066502502,2066503502,2066504502,2066505502,2066506502
"logistic_iid_n2000",701,2066492503,2066522503,2066552503,2066502503,2066503503,2066504503,2066505503,2066506503
"logistic_iid_n2000",702,2066492504,2066522504,2066552504,2066502504,2066503504,2066504504,2066505504,2066506504
"logistic_iid_n2000",703,2066492505,2066522505,2066552505,2066502505,2066503505,2066504505,2066505505,2066506505
"logistic_iid_n2000",704,2066492506,2066522506,2066552506,2066502506,2066503506,2066504506,2066505506,2066506506
"logistic_iid_n2000",705,2066492507,2066522507,2066552507,2066502507,2066503507,2066504507,2066505507,2066506507
"logistic_iid_n2000",706,2066492508,2066522508,2066552508,2066502508,2066503508,2066504508,2066505508,2066506508
"logistic_iid_n2000",707,2066492509,2066522509,2066552509,2066502509,2066503509,2066504509,2066505509,2066506509
"logistic_iid_n2000",708,2066492510,2066522510,2066552510,2066502510,2066503510,2066504510,2066505510,2066506510
"logistic_iid_n2000",709,2066492511,2066522511,2066552511,2066502511,2066503511,2066504511,2066505511,2066506511
"logistic_iid_n2000",710,2066492512,2066522512,2066552512,2066502512,2066503512,2066504512,2066505512,2066506512
"logistic_iid_n2000",711,2066492513,2066522513,2066552513,2066502513,2066503513,2066504513,2066505513,2066506513
"logistic_iid_n2000",712,2066492514,2066522514,2066552514,2066502514,2066503514,2066504514,2066505514,2066506514
"logistic_iid_n2000",713,2066492515,2066522515,2066552515,2066502515,2066503515,2066504515,2066505515,2066506515
"logistic_iid_n2000",714,2066492516,2066522516,2066552516,2066502516,2066503516,2066504516,2066505516,2066506516
"logistic_iid_n2000",715,2066492517,2066522517,2066552517,2066502517,2066503517,2066504517,2066505517,2066506517
"logistic_iid_n2000",716,2066492518,2066522518,2066552518,2066502518,2066503518,2066504518,2066505518,2066506518
"logistic_iid_n2000",717,2066492519,2066522519,2066552519,2066502519,2066503519,2066504519,2066505519,2066506519
"logistic_iid_n2000",718,2066492520,2066522520,2066552520,2066502520,2066503520,2066504520,2066505520,2066506520
"logistic_iid_n2000",719,2066492521,2066522521,2066552521,2066502521,2066503521,2066504521,2066505521,2066506521
"logistic_iid_n2000",720,2066492522,2066522522,2066552522,2066502522,2066503522,2066504522,2066505522,2066506522
"logistic_iid_n2000",721,2066492523,2066522523,2066552523,2066502523,2066503523,2066504523,2066505523,2066506523
"logistic_iid_n2000",722,2066492524,2066522524,2066552524,2066502524,2066503524,2066504524,2066505524,2066506524
"logistic_iid_n2000",723,2066492525,2066522525,2066552525,2066502525,2066503525,2066504525,2066505525,2066506525
"logistic_iid_n2000",724,2066492526,2066522526,2066552526,2066502526,2066503526,2066504526,2066505526,2066506526
"logistic_iid_n2000",725,2066492527,2066522527,2066552527,2066502527,2066503527,2066504527,2066505527,2066506527
"logistic_iid_n2000",726,2066492528,2066522528,2066552528,2066502528,2066503528,2066504528,2066505528,2066506528
"logistic_iid_n2000",727,2066492529,2066522529,2066552529,2066502529,2066503529,2066504529,2066505529,2066506529
"logistic_iid_n2000",728,2066492530,2066522530,2066552530,2066502530,2066503530,2066504530,2066505530,2066506530
"logistic_iid_n2000",729,2066492531,2066522531,2066552531,2066502531,2066503531,2066504531,2066505531,2066506531
"logistic_iid_n2000",730,2066492532,2066522532,2066552532,2066502532,2066503532,2066504532,2066505532,2066506532
"logistic_iid_n2000",731,2066492533,2066522533,2066552533,2066502533,2066503533,2066504533,2066505533,2066506533
"logistic_iid_n2000",732,2066492534,2066522534,2066552534,2066502534,2066503534,2066504534,2066505534,2066506534
"logistic_iid_n2000",733,2066492535,2066522535,2066552535,2066502535,2066503535,2066504535,2066505535,2066506535
"logistic_iid_n2000",734,2066492536,2066522536,2066552536,2066502536,2066503536,2066504536,2066505536,2066506536
"logistic_iid_n2000",735,2066492537,2066522537,2066552537,2066502537,2066503537,2066504537,2066505537,2066506537
"logistic_iid_n2000",736,2066492538,2066522538,2066552538,2066502538,2066503538,2066504538,2066505538,2066506538
"logistic_iid_n2000",737,2066492539,2066522539,2066552539,2066502539,2066503539,2066504539,2066505539,2066506539
"logistic_iid_n2000",738,2066492540,2066522540,2066552540,2066502540,2066503540,2066504540,2066505540,2066506540
"logistic_iid_n2000",739,2066492541,2066522541,2066552541,2066502541,2066503541,2066504541,2066505541,2066506541
"logistic_iid_n2000",740,2066492542,2066522542,2066552542,2066502542,2066503542,2066504542,2066505542,2066506542
"logistic_iid_n2000",741,2066492543,2066522543,2066552543,2066502543,2066503543,2066504543,2066505543,2066506543
"logistic_iid_n2000",742,2066492544,2066522544,2066552544,2066502544,2066503544,2066504544,2066505544,2066506544
"logistic_iid_n2000",743,2066492545,2066522545,2066552545,2066502545,2066503545,2066504545,2066505545,2066506545
"logistic_iid_n2000",744,2066492546,2066522546,2066552546,2066502546,2066503546,2066504546,2066505546,2066506546
"logistic_iid_n2000",745,2066492547,2066522547,2066552547,2066502547,2066503547,2066504547,2066505547,2066506547
"logistic_iid_n2000",746,2066492548,2066522548,2066552548,2066502548,2066503548,2066504548,2066505548,2066506548
"logistic_iid_n2000",747,2066492549,2066522549,2066552549,2066502549,2066503549,2066504549,2066505549,2066506549
"logistic_iid_n2000",748,2066492550,2066522550,2066552550,2066502550,2066503550,2066504550,2066505550,2066506550
"logistic_iid_n2000",749,2066492551,2066522551,2066552551,2066502551,2066503551,2066504551,2066505551,2066506551
"logistic_iid_n2000",750,2066492552,2066522552,2066552552,2066502552,2066503552,2066504552,2066505552,2066506552
"logistic_iid_n2000",751,2066492553,2066522553,2066552553,2066502553,2066503553,2066504553,2066505553,2066506553
"logistic_iid_n2000",752,2066492554,2066522554,2066552554,2066502554,2066503554,2066504554,2066505554,2066506554
"logistic_iid_n2000",753,2066492555,2066522555,2066552555,2066502555,2066503555,2066504555,2066505555,2066506555
"logistic_iid_n2000",754,2066492556,2066522556,2066552556,2066502556,2066503556,2066504556,2066505556,2066506556
"logistic_iid_n2000",755,2066492557,2066522557,2066552557,2066502557,2066503557,2066504557,2066505557,2066506557
"logistic_iid_n2000",756,2066492558,2066522558,2066552558,2066502558,2066503558,2066504558,2066505558,2066506558
"logistic_iid_n2000",757,2066492559,2066522559,2066552559,2066502559,2066503559,2066504559,2066505559,2066506559
"logistic_iid_n2000",758,2066492560,2066522560,2066552560,2066502560,2066503560,2066504560,2066505560,2066506560
"logistic_iid_n2000",759,2066492561,2066522561,2066552561,2066502561,2066503561,2066504561,2066505561,2066506561
"logistic_iid_n2000",760,2066492562,2066522562,2066552562,2066502562,2066503562,2066504562,2066505562,2066506562
"logistic_iid_n2000",761,2066492563,2066522563,2066552563,2066502563,2066503563,2066504563,2066505563,2066506563
"logistic_iid_n2000",762,2066492564,2066522564,2066552564,2066502564,2066503564,2066504564,2066505564,2066506564
"logistic_iid_n2000",763,2066492565,2066522565,2066552565,2066502565,2066503565,2066504565,2066505565,2066506565
"logistic_iid_n2000",764,2066492566,2066522566,2066552566,2066502566,2066503566,2066504566,2066505566,2066506566
"logistic_iid_n2000",765,2066492567,2066522567,2066552567,2066502567,2066503567,2066504567,2066505567,2066506567
"logistic_iid_n2000",766,2066492568,2066522568,2066552568,2066502568,2066503568,2066504568,2066505568,2066506568
"logistic_iid_n2000",767,2066492569,2066522569,2066552569,2066502569,2066503569,2066504569,2066505569,2066506569
"logistic_iid_n2000",768,2066492570,2066522570,2066552570,2066502570,2066503570,2066504570,2066505570,2066506570
"logistic_iid_n2000",769,2066492571,2066522571,2066552571,2066502571,2066503571,2066504571,2066505571,2066506571
"logistic_iid_n2000",770,2066492572,2066522572,2066552572,2066502572,2066503572,2066504572,2066505572,2066506572
"logistic_iid_n2000",771,2066492573,2066522573,2066552573,2066502573,2066503573,2066504573,2066505573,2066506573
"logistic_iid_n2000",772,2066492574,2066522574,2066552574,2066502574,2066503574,2066504574,2066505574,2066506574
"logistic_iid_n2000",773,2066492575,2066522575,2066552575,2066502575,2066503575,2066504575,2066505575,2066506575
"logistic_iid_n2000",774,2066492576,2066522576,2066552576,2066502576,2066503576,2066504576,2066505576,2066506576
"logistic_iid_n2000",775,2066492577,2066522577,2066552577,2066502577,2066503577,2066504577,2066505577,2066506577
"logistic_iid_n2000",776,2066492578,2066522578,2066552578,2066502578,2066503578,2066504578,2066505578,2066506578
"logistic_iid_n2000",777,2066492579,2066522579,2066552579,2066502579,2066503579,2066504579,2066505579,2066506579
"logistic_iid_n2000",778,2066492580,2066522580,2066552580,2066502580,2066503580,2066504580,2066505580,2066506580
"logistic_iid_n2000",779,2066492581,2066522581,2066552581,2066502581,2066503581,2066504581,2066505581,2066506581
"logistic_iid_n2000",780,2066492582,2066522582,2066552582,2066502582,2066503582,2066504582,2066505582,2066506582
"logistic_iid_n2000",781,2066492583,2066522583,2066552583,2066502583,2066503583,2066504583,2066505583,2066506583
"logistic_iid_n2000",782,2066492584,2066522584,2066552584,2066502584,2066503584,2066504584,2066505584,2066506584
"logistic_iid_n2000",783,2066492585,2066522585,2066552585,2066502585,2066503585,2066504585,2066505585,2066506585
"logistic_iid_n2000",784,2066492586,2066522586,2066552586,2066502586,2066503586,2066504586,2066505586,2066506586
"logistic_iid_n2000",785,2066492587,2066522587,2066552587,2066502587,2066503587,2066504587,2066505587,2066506587
"logistic_iid_n2000",786,2066492588,2066522588,2066552588,2066502588,2066503588,2066504588,2066505588,2066506588
"logistic_iid_n2000",787,2066492589,2066522589,2066552589,2066502589,2066503589,2066504589,2066505589,2066506589
"logistic_iid_n2000",788,2066492590,2066522590,2066552590,2066502590,2066503590,2066504590,2066505590,2066506590
"logistic_iid_n2000",789,2066492591,2066522591,2066552591,2066502591,2066503591,2066504591,2066505591,2066506591
"logistic_iid_n2000",790,2066492592,2066522592,2066552592,2066502592,2066503592,2066504592,2066505592,2066506592
"logistic_iid_n2000",791,2066492593,2066522593,2066552593,2066502593,2066503593,2066504593,2066505593,2066506593
"logistic_iid_n2000",792,2066492594,2066522594,2066552594,2066502594,2066503594,2066504594,2066505594,2066506594
"logistic_iid_n2000",793,2066492595,2066522595,2066552595,2066502595,2066503595,2066504595,2066505595,2066506595
"logistic_iid_n2000",794,2066492596,2066522596,2066552596,2066502596,2066503596,2066504596,2066505596,2066506596
"logistic_iid_n2000",795,2066492597,2066522597,2066552597,2066502597,2066503597,2066504597,2066505597,2066506597
"logistic_iid_n2000",796,2066492598,2066522598,2066552598,2066502598,2066503598,2066504598,2066505598,2066506598
"logistic_iid_n2000",797,2066492599,2066522599,2066552599,2066502599,2066503599,2066504599,2066505599,2066506599
"logistic_iid_n2000",798,2066492600,2066522600,2066552600,2066502600,2066503600,2066504600,2066505600,2066506600
"logistic_iid_n2000",799,2066492601,2066522601,2066552601,2066502601,2066503601,2066504601,2066505601,2066506601
"logistic_iid_n2000",800,2066492602,2066522602,2066552602,2066502602,2066503602,2066504602,2066505602,2066506602
"logistic_iid_n2000",801,2066492603,2066522603,2066552603,2066502603,2066503603,2066504603,2066505603,2066506603
"logistic_iid_n2000",802,2066492604,2066522604,2066552604,2066502604,2066503604,2066504604,2066505604,2066506604
"logistic_iid_n2000",803,2066492605,2066522605,2066552605,2066502605,2066503605,2066504605,2066505605,2066506605
"logistic_iid_n2000",804,2066492606,2066522606,2066552606,2066502606,2066503606,2066504606,2066505606,2066506606
"logistic_iid_n2000",805,2066492607,2066522607,2066552607,2066502607,2066503607,2066504607,2066505607,2066506607
"logistic_iid_n2000",806,2066492608,2066522608,2066552608,2066502608,2066503608,2066504608,2066505608,2066506608
"logistic_iid_n2000",807,2066492609,2066522609,2066552609,2066502609,2066503609,2066504609,2066505609,2066506609
"logistic_iid_n2000",808,2066492610,2066522610,2066552610,2066502610,2066503610,2066504610,2066505610,2066506610
"logistic_iid_n2000",809,2066492611,2066522611,2066552611,2066502611,2066503611,2066504611,2066505611,2066506611
"logistic_iid_n2000",810,2066492612,2066522612,2066552612,2066502612,2066503612,2066504612,2066505612,2066506612
"logistic_iid_n2000",811,2066492613,2066522613,2066552613,2066502613,2066503613,2066504613,2066505613,2066506613
"logistic_iid_n2000",812,2066492614,2066522614,2066552614,2066502614,2066503614,2066504614,2066505614,2066506614
"logistic_iid_n2000",813,2066492615,2066522615,2066552615,2066502615,2066503615,2066504615,2066505615,2066506615
"logistic_iid_n2000",814,2066492616,2066522616,2066552616,2066502616,2066503616,2066504616,2066505616,2066506616
"logistic_iid_n2000",815,2066492617,2066522617,2066552617,2066502617,2066503617,2066504617,2066505617,2066506617
"logistic_iid_n2000",816,2066492618,2066522618,2066552618,2066502618,2066503618,2066504618,2066505618,2066506618
"logistic_iid_n2000",817,2066492619,2066522619,2066552619,2066502619,2066503619,2066504619,2066505619,2066506619
"logistic_iid_n2000",818,2066492620,2066522620,2066552620,2066502620,2066503620,2066504620,2066505620,2066506620
"logistic_iid_n2000",819,2066492621,2066522621,2066552621,2066502621,2066503621,2066504621,2066505621,2066506621
"logistic_iid_n2000",820,2066492622,2066522622,2066552622,2066502622,2066503622,2066504622,2066505622,2066506622
"logistic_iid_n2000",821,2066492623,2066522623,2066552623,2066502623,2066503623,2066504623,2066505623,2066506623
"logistic_iid_n2000",822,2066492624,2066522624,2066552624,2066502624,2066503624,2066504624,2066505624,2066506624
"logistic_iid_n2000",823,2066492625,2066522625,2066552625,2066502625,2066503625,2066504625,2066505625,2066506625
"logistic_iid_n2000",824,2066492626,2066522626,2066552626,2066502626,2066503626,2066504626,2066505626,2066506626
"logistic_iid_n2000",825,2066492627,2066522627,2066552627,2066502627,2066503627,2066504627,2066505627,2066506627
"logistic_iid_n2000",826,2066492628,2066522628,2066552628,2066502628,2066503628,2066504628,2066505628,2066506628
"logistic_iid_n2000",827,2066492629,2066522629,2066552629,2066502629,2066503629,2066504629,2066505629,2066506629
"logistic_iid_n2000",828,2066492630,2066522630,2066552630,2066502630,2066503630,2066504630,2066505630,2066506630
"logistic_iid_n2000",829,2066492631,2066522631,2066552631,2066502631,2066503631,2066504631,2066505631,2066506631
"logistic_iid_n2000",830,2066492632,2066522632,2066552632,2066502632,2066503632,2066504632,2066505632,2066506632
"logistic_iid_n2000",831,2066492633,2066522633,2066552633,2066502633,2066503633,2066504633,2066505633,2066506633
"logistic_iid_n2000",832,2066492634,2066522634,2066552634,2066502634,2066503634,2066504634,2066505634,2066506634
"logistic_iid_n2000",833,2066492635,2066522635,2066552635,2066502635,2066503635,2066504635,2066505635,2066506635
"logistic_iid_n2000",834,2066492636,2066522636,2066552636,2066502636,2066503636,2066504636,2066505636,2066506636
"logistic_iid_n2000",835,2066492637,2066522637,2066552637,2066502637,2066503637,2066504637,2066505637,2066506637
"logistic_iid_n2000",836,2066492638,2066522638,2066552638,2066502638,2066503638,2066504638,2066505638,2066506638
"logistic_iid_n2000",837,2066492639,2066522639,2066552639,2066502639,2066503639,2066504639,2066505639,2066506639
"logistic_iid_n2000",838,2066492640,2066522640,2066552640,2066502640,2066503640,2066504640,2066505640,2066506640
"logistic_iid_n2000",839,2066492641,2066522641,2066552641,2066502641,2066503641,2066504641,2066505641,2066506641
"logistic_iid_n2000",840,2066492642,2066522642,2066552642,2066502642,2066503642,2066504642,2066505642,2066506642
"logistic_iid_n2000",841,2066492643,2066522643,2066552643,2066502643,2066503643,2066504643,2066505643,2066506643
"logistic_iid_n2000",842,2066492644,2066522644,2066552644,2066502644,2066503644,2066504644,2066505644,2066506644
"logistic_iid_n2000",843,2066492645,2066522645,2066552645,2066502645,2066503645,2066504645,2066505645,2066506645
"logistic_iid_n2000",844,2066492646,2066522646,2066552646,2066502646,2066503646,2066504646,2066505646,2066506646
"logistic_iid_n2000",845,2066492647,2066522647,2066552647,2066502647,2066503647,2066504647,2066505647,2066506647
"logistic_iid_n2000",846,2066492648,2066522648,2066552648,2066502648,2066503648,2066504648,2066505648,2066506648
"logistic_iid_n2000",847,2066492649,2066522649,2066552649,2066502649,2066503649,2066504649,2066505649,2066506649
"logistic_iid_n2000",848,2066492650,2066522650,2066552650,2066502650,2066503650,2066504650,2066505650,2066506650
"logistic_iid_n2000",849,2066492651,2066522651,2066552651,2066502651,2066503651,2066504651,2066505651,2066506651
"logistic_iid_n2000",850,2066492652,2066522652,2066552652,2066502652,2066503652,2066504652,2066505652,2066506652
"logistic_iid_n2000",851,2066492653,2066522653,2066552653,2066502653,2066503653,2066504653,2066505653,2066506653
"logistic_iid_n2000",852,2066492654,2066522654,2066552654,2066502654,2066503654,2066504654,2066505654,2066506654
"logistic_iid_n2000",853,2066492655,2066522655,2066552655,2066502655,2066503655,2066504655,2066505655,2066506655
"logistic_iid_n2000",854,2066492656,2066522656,2066552656,2066502656,2066503656,2066504656,2066505656,2066506656
"logistic_iid_n2000",855,2066492657,2066522657,2066552657,2066502657,2066503657,2066504657,2066505657,2066506657
"logistic_iid_n2000",856,2066492658,2066522658,2066552658,2066502658,2066503658,2066504658,2066505658,2066506658
"logistic_iid_n2000",857,2066492659,2066522659,2066552659,2066502659,2066503659,2066504659,2066505659,2066506659
"logistic_iid_n2000",858,2066492660,2066522660,2066552660,2066502660,2066503660,2066504660,2066505660,2066506660
"logistic_iid_n2000",859,2066492661,2066522661,2066552661,2066502661,2066503661,2066504661,2066505661,2066506661
"logistic_iid_n2000",860,2066492662,2066522662,2066552662,2066502662,2066503662,2066504662,2066505662,2066506662
"logistic_iid_n2000",861,2066492663,2066522663,2066552663,2066502663,2066503663,2066504663,2066505663,2066506663
"logistic_iid_n2000",862,2066492664,2066522664,2066552664,2066502664,2066503664,2066504664,2066505664,2066506664
"logistic_iid_n2000",863,2066492665,2066522665,2066552665,2066502665,2066503665,2066504665,2066505665,2066506665
"logistic_iid_n2000",864,2066492666,2066522666,2066552666,2066502666,2066503666,2066504666,2066505666,2066506666
"logistic_iid_n2000",865,2066492667,2066522667,2066552667,2066502667,2066503667,2066504667,2066505667,2066506667
"logistic_iid_n2000",866,2066492668,2066522668,2066552668,2066502668,2066503668,2066504668,2066505668,2066506668
"logistic_iid_n2000",867,2066492669,2066522669,2066552669,2066502669,2066503669,2066504669,2066505669,2066506669
"logistic_iid_n2000",868,2066492670,2066522670,2066552670,2066502670,2066503670,2066504670,2066505670,2066506670
"logistic_iid_n2000",869,2066492671,2066522671,2066552671,2066502671,2066503671,2066504671,2066505671,2066506671
"logistic_iid_n2000",870,2066492672,2066522672,2066552672,2066502672,2066503672,2066504672,2066505672,2066506672
"logistic_iid_n2000",871,2066492673,2066522673,2066552673,2066502673,2066503673,2066504673,2066505673,2066506673
"logistic_iid_n2000",872,2066492674,2066522674,2066552674,2066502674,2066503674,2066504674,2066505674,2066506674
"logistic_iid_n2000",873,2066492675,2066522675,2066552675,2066502675,2066503675,2066504675,2066505675,2066506675
"logistic_iid_n2000",874,2066492676,2066522676,2066552676,2066502676,2066503676,2066504676,2066505676,2066506676
"logistic_iid_n2000",875,2066492677,2066522677,2066552677,2066502677,2066503677,2066504677,2066505677,2066506677
"logistic_iid_n2000",876,2066492678,2066522678,2066552678,2066502678,2066503678,2066504678,2066505678,2066506678
"logistic_iid_n2000",877,2066492679,2066522679,2066552679,2066502679,2066503679,2066504679,2066505679,2066506679
"logistic_iid_n2000",878,2066492680,2066522680,2066552680,2066502680,2066503680,2066504680,2066505680,2066506680
"logistic_iid_n2000",879,2066492681,2066522681,2066552681,2066502681,2066503681,2066504681,2066505681,2066506681
"logistic_iid_n2000",880,2066492682,2066522682,2066552682,2066502682,2066503682,2066504682,2066505682,2066506682
"logistic_iid_n2000",881,2066492683,2066522683,2066552683,2066502683,2066503683,2066504683,2066505683,2066506683
"logistic_iid_n2000",882,2066492684,2066522684,2066552684,2066502684,2066503684,2066504684,2066505684,2066506684
"logistic_iid_n2000",883,2066492685,2066522685,2066552685,2066502685,2066503685,2066504685,2066505685,2066506685
"logistic_iid_n2000",884,2066492686,2066522686,2066552686,2066502686,2066503686,2066504686,2066505686,2066506686
"logistic_iid_n2000",885,2066492687,2066522687,2066552687,2066502687,2066503687,2066504687,2066505687,2066506687
"logistic_iid_n2000",886,2066492688,2066522688,2066552688,2066502688,2066503688,2066504688,2066505688,2066506688
"logistic_iid_n2000",887,2066492689,2066522689,2066552689,2066502689,2066503689,2066504689,2066505689,2066506689
"logistic_iid_n2000",888,2066492690,2066522690,2066552690,2066502690,2066503690,2066504690,2066505690,2066506690
"logistic_iid_n2000",889,2066492691,2066522691,2066552691,2066502691,2066503691,2066504691,2066505691,2066506691
"logistic_iid_n2000",890,2066492692,2066522692,2066552692,2066502692,2066503692,2066504692,2066505692,2066506692
"logistic_iid_n2000",891,2066492693,2066522693,2066552693,2066502693,2066503693,2066504693,2066505693,2066506693
"logistic_iid_n2000",892,2066492694,2066522694,2066552694,2066502694,2066503694,2066504694,2066505694,2066506694
"logistic_iid_n2000",893,2066492695,2066522695,2066552695,2066502695,2066503695,2066504695,2066505695,2066506695
"logistic_iid_n2000",894,2066492696,2066522696,2066552696,2066502696,2066503696,2066504696,2066505696,2066506696
"logistic_iid_n2000",895,2066492697,2066522697,2066552697,2066502697,2066503697,2066504697,2066505697,2066506697
"logistic_iid_n2000",896,2066492698,2066522698,2066552698,2066502698,2066503698,2066504698,2066505698,2066506698
"logistic_iid_n2000",897,2066492699,2066522699,2066552699,2066502699,2066503699,2066504699,2066505699,2066506699
"logistic_iid_n2000",898,2066492700,2066522700,2066552700,2066502700,2066503700,2066504700,2066505700,2066506700
"logistic_iid_n2000",899,2066492701,2066522701,2066552701,2066502701,2066503701,2066504701,2066505701,2066506701
"logistic_iid_n2000",900,2066492702,2066522702,2066552702,2066502702,2066503702,2066504702,2066505702,2066506702
"logistic_iid_n2000",901,2066492703,2066522703,2066552703,2066502703,2066503703,2066504703,2066505703,2066506703
"logistic_iid_n2000",902,2066492704,2066522704,2066552704,2066502704,2066503704,2066504704,2066505704,2066506704
"logistic_iid_n2000",903,2066492705,2066522705,2066552705,2066502705,2066503705,2066504705,2066505705,2066506705
"logistic_iid_n2000",904,2066492706,2066522706,2066552706,2066502706,2066503706,2066504706,2066505706,2066506706
"logistic_iid_n2000",905,2066492707,2066522707,2066552707,2066502707,2066503707,2066504707,2066505707,2066506707
"logistic_iid_n2000",906,2066492708,2066522708,2066552708,2066502708,2066503708,2066504708,2066505708,2066506708
"logistic_iid_n2000",907,2066492709,2066522709,2066552709,2066502709,2066503709,2066504709,2066505709,2066506709
"logistic_iid_n2000",908,2066492710,2066522710,2066552710,2066502710,2066503710,2066504710,2066505710,2066506710
"logistic_iid_n2000",909,2066492711,2066522711,2066552711,2066502711,2066503711,2066504711,2066505711,2066506711
"logistic_iid_n2000",910,2066492712,2066522712,2066552712,2066502712,2066503712,2066504712,2066505712,2066506712
"logistic_iid_n2000",911,2066492713,2066522713,2066552713,2066502713,2066503713,2066504713,2066505713,2066506713
"logistic_iid_n2000",912,2066492714,2066522714,2066552714,2066502714,2066503714,2066504714,2066505714,2066506714
"logistic_iid_n2000",913,2066492715,2066522715,2066552715,2066502715,2066503715,2066504715,2066505715,2066506715
"logistic_iid_n2000",914,2066492716,2066522716,2066552716,2066502716,2066503716,2066504716,2066505716,2066506716
"logistic_iid_n2000",915,2066492717,2066522717,2066552717,2066502717,2066503717,2066504717,2066505717,2066506717
"logistic_iid_n2000",916,2066492718,2066522718,2066552718,2066502718,2066503718,2066504718,2066505718,2066506718
"logistic_iid_n2000",917,2066492719,2066522719,2066552719,2066502719,2066503719,2066504719,2066505719,2066506719
"logistic_iid_n2000",918,2066492720,2066522720,2066552720,2066502720,2066503720,2066504720,2066505720,2066506720
"logistic_iid_n2000",919,2066492721,2066522721,2066552721,2066502721,2066503721,2066504721,2066505721,2066506721
"logistic_iid_n2000",920,2066492722,2066522722,2066552722,2066502722,2066503722,2066504722,2066505722,2066506722
"logistic_iid_n2000",921,2066492723,2066522723,2066552723,2066502723,2066503723,2066504723,2066505723,2066506723
"logistic_iid_n2000",922,2066492724,2066522724,2066552724,2066502724,2066503724,2066504724,2066505724,2066506724
"logistic_iid_n2000",923,2066492725,2066522725,2066552725,2066502725,2066503725,2066504725,2066505725,2066506725
"logistic_iid_n2000",924,2066492726,2066522726,2066552726,2066502726,2066503726,2066504726,2066505726,2066506726
"logistic_iid_n2000",925,2066492727,2066522727,2066552727,2066502727,2066503727,2066504727,2066505727,2066506727
"logistic_iid_n2000",926,2066492728,2066522728,2066552728,2066502728,2066503728,2066504728,2066505728,2066506728
"logistic_iid_n2000",927,2066492729,2066522729,2066552729,2066502729,2066503729,2066504729,2066505729,2066506729
"logistic_iid_n2000",928,2066492730,2066522730,2066552730,2066502730,2066503730,2066504730,2066505730,2066506730
"logistic_iid_n2000",929,2066492731,2066522731,2066552731,2066502731,2066503731,2066504731,2066505731,2066506731
"logistic_iid_n2000",930,2066492732,2066522732,2066552732,2066502732,2066503732,2066504732,2066505732,2066506732
"logistic_iid_n2000",931,2066492733,2066522733,2066552733,2066502733,2066503733,2066504733,2066505733,2066506733
"logistic_iid_n2000",932,2066492734,2066522734,2066552734,2066502734,2066503734,2066504734,2066505734,2066506734
"logistic_iid_n2000",933,2066492735,2066522735,2066552735,2066502735,2066503735,2066504735,2066505735,2066506735
"logistic_iid_n2000",934,2066492736,2066522736,2066552736,2066502736,2066503736,2066504736,2066505736,2066506736
"logistic_iid_n2000",935,2066492737,2066522737,2066552737,2066502737,2066503737,2066504737,2066505737,2066506737
"logistic_iid_n2000",936,2066492738,2066522738,2066552738,2066502738,2066503738,2066504738,2066505738,2066506738
"logistic_iid_n2000",937,2066492739,2066522739,2066552739,2066502739,2066503739,2066504739,2066505739,2066506739
"logistic_iid_n2000",938,2066492740,2066522740,2066552740,2066502740,2066503740,2066504740,2066505740,2066506740
"logistic_iid_n2000",939,2066492741,2066522741,2066552741,2066502741,2066503741,2066504741,2066505741,2066506741
"logistic_iid_n2000",940,2066492742,2066522742,2066552742,2066502742,2066503742,2066504742,2066505742,2066506742
"logistic_iid_n2000",941,2066492743,2066522743,2066552743,2066502743,2066503743,2066504743,2066505743,2066506743
"logistic_iid_n2000",942,2066492744,2066522744,2066552744,2066502744,2066503744,2066504744,2066505744,2066506744
"logistic_iid_n2000",943,2066492745,2066522745,2066552745,2066502745,2066503745,2066504745,2066505745,2066506745
"logistic_iid_n2000",944,2066492746,2066522746,2066552746,2066502746,2066503746,2066504746,2066505746,2066506746
"logistic_iid_n2000",945,2066492747,2066522747,2066552747,2066502747,2066503747,2066504747,2066505747,2066506747
"logistic_iid_n2000",946,2066492748,2066522748,2066552748,2066502748,2066503748,2066504748,2066505748,2066506748
"logistic_iid_n2000",947,2066492749,2066522749,2066552749,2066502749,2066503749,2066504749,2066505749,2066506749
"logistic_iid_n2000",948,2066492750,2066522750,2066552750,2066502750,2066503750,2066504750,2066505750,2066506750
"logistic_iid_n2000",949,2066492751,2066522751,2066552751,2066502751,2066503751,2066504751,2066505751,2066506751
"logistic_iid_n2000",950,2066492752,2066522752,2066552752,2066502752,2066503752,2066504752,2066505752,2066506752
"logistic_iid_n2000",951,2066492753,2066522753,2066552753,2066502753,2066503753,2066504753,2066505753,2066506753
"logistic_iid_n2000",952,2066492754,2066522754,2066552754,2066502754,2066503754,2066504754,2066505754,2066506754
"logistic_iid_n2000",953,2066492755,2066522755,2066552755,2066502755,2066503755,2066504755,2066505755,2066506755
"logistic_iid_n2000",954,2066492756,2066522756,2066552756,2066502756,2066503756,2066504756,2066505756,2066506756
"logistic_iid_n2000",955,2066492757,2066522757,2066552757,2066502757,2066503757,2066504757,2066505757,2066506757
"logistic_iid_n2000",956,2066492758,2066522758,2066552758,2066502758,2066503758,2066504758,2066505758,2066506758
"logistic_iid_n2000",957,2066492759,2066522759,2066552759,2066502759,2066503759,2066504759,2066505759,2066506759
"logistic_iid_n2000",958,2066492760,2066522760,2066552760,2066502760,2066503760,2066504760,2066505760,2066506760
"logistic_iid_n2000",959,2066492761,2066522761,2066552761,2066502761,2066503761,2066504761,2066505761,2066506761
"logistic_iid_n2000",960,2066492762,2066522762,2066552762,2066502762,2066503762,2066504762,2066505762,2066506762
"logistic_iid_n2000",961,2066492763,2066522763,2066552763,2066502763,2066503763,2066504763,2066505763,2066506763
"logistic_iid_n2000",962,2066492764,2066522764,2066552764,2066502764,2066503764,2066504764,2066505764,2066506764
"logistic_iid_n2000",963,2066492765,2066522765,2066552765,2066502765,2066503765,2066504765,2066505765,2066506765
"logistic_iid_n2000",964,2066492766,2066522766,2066552766,2066502766,2066503766,2066504766,2066505766,2066506766
"logistic_iid_n2000",965,2066492767,2066522767,2066552767,2066502767,2066503767,2066504767,2066505767,2066506767
"logistic_iid_n2000",966,2066492768,2066522768,2066552768,2066502768,2066503768,2066504768,2066505768,2066506768
"logistic_iid_n2000",967,2066492769,2066522769,2066552769,2066502769,2066503769,2066504769,2066505769,2066506769
"logistic_iid_n2000",968,2066492770,2066522770,2066552770,2066502770,2066503770,2066504770,2066505770,2066506770
"logistic_iid_n2000",969,2066492771,2066522771,2066552771,2066502771,2066503771,2066504771,2066505771,2066506771
"logistic_iid_n2000",970,2066492772,2066522772,2066552772,2066502772,2066503772,2066504772,2066505772,2066506772
"logistic_iid_n2000",971,2066492773,2066522773,2066552773,2066502773,2066503773,2066504773,2066505773,2066506773
"logistic_iid_n2000",972,2066492774,2066522774,2066552774,2066502774,2066503774,2066504774,2066505774,2066506774
"logistic_iid_n2000",973,2066492775,2066522775,2066552775,2066502775,2066503775,2066504775,2066505775,2066506775
"logistic_iid_n2000",974,2066492776,2066522776,2066552776,2066502776,2066503776,2066504776,2066505776,2066506776
"logistic_iid_n2000",975,2066492777,2066522777,2066552777,2066502777,2066503777,2066504777,2066505777,2066506777
"logistic_iid_n2000",976,2066492778,2066522778,2066552778,2066502778,2066503778,2066504778,2066505778,2066506778
"logistic_iid_n2000",977,2066492779,2066522779,2066552779,2066502779,2066503779,2066504779,2066505779,2066506779
"logistic_iid_n2000",978,2066492780,2066522780,2066552780,2066502780,2066503780,2066504780,2066505780,2066506780
"logistic_iid_n2000",979,2066492781,2066522781,2066552781,2066502781,2066503781,2066504781,2066505781,2066506781
"logistic_iid_n2000",980,2066492782,2066522782,2066552782,2066502782,2066503782,2066504782,2066505782,2066506782
"logistic_iid_n2000",981,2066492783,2066522783,2066552783,2066502783,2066503783,2066504783,2066505783,2066506783
"logistic_iid_n2000",982,2066492784,2066522784,2066552784,2066502784,2066503784,2066504784,2066505784,2066506784
"logistic_iid_n2000",983,2066492785,2066522785,2066552785,2066502785,2066503785,2066504785,2066505785,2066506785
"logistic_iid_n2000",984,2066492786,2066522786,2066552786,2066502786,2066503786,2066504786,2066505786,2066506786
"logistic_iid_n2000",985,2066492787,2066522787,2066552787,2066502787,2066503787,2066504787,2066505787,2066506787
"logistic_iid_n2000",986,2066492788,2066522788,2066552788,2066502788,2066503788,2066504788,2066505788,2066506788
"logistic_iid_n2000",987,2066492789,2066522789,2066552789,2066502789,2066503789,2066504789,2066505789,2066506789
"logistic_iid_n2000",988,2066492790,2066522790,2066552790,2066502790,2066503790,2066504790,2066505790,2066506790
"logistic_iid_n2000",989,2066492791,2066522791,2066552791,2066502791,2066503791,2066504791,2066505791,2066506791
"logistic_iid_n2000",990,2066492792,2066522792,2066552792,2066502792,2066503792,2066504792,2066505792,2066506792
"logistic_iid_n2000",991,2066492793,2066522793,2066552793,2066502793,2066503793,2066504793,2066505793,2066506793
"logistic_iid_n2000",992,2066492794,2066522794,2066552794,2066502794,2066503794,2066504794,2066505794,2066506794
"logistic_iid_n2000",993,2066492795,2066522795,2066552795,2066502795,2066503795,2066504795,2066505795,2066506795
"logistic_iid_n2000",994,2066492796,2066522796,2066552796,2066502796,2066503796,2066504796,2066505796,2066506796
"logistic_iid_n2000",995,2066492797,2066522797,2066552797,2066502797,2066503797,2066504797,2066505797,2066506797
"logistic_iid_n2000",996,2066492798,2066522798,2066552798,2066502798,2066503798,2066504798,2066505798,2066506798
"logistic_iid_n2000",997,2066492799,2066522799,2066552799,2066502799,2066503799,2066504799,2066505799,2066506799
"logistic_iid_n2000",998,2066492800,2066522800,2066552800,2066502800,2066503800,2066504800,2066505800,2066506800
"logistic_iid_n2000",999,2066492801,2066522801,2066552801,2066502801,2066503801,2066504801,2066505801,2066506801
"logistic_iid_n2000",1000,2066492802,2066522802,2066552802,2066502802,2066503802,2066504802,2066505802,2066506802
"linear_ar1_n1000",1,2066591803,2066621803,2066651803,2066601803,2066602803,2066603803,2066604803,2066605803
"linear_ar1_n1000",2,2066591804,2066621804,2066651804,2066601804,2066602804,2066603804,2066604804,2066605804
"linear_ar1_n1000",3,2066591805,2066621805,2066651805,2066601805,2066602805,2066603805,2066604805,2066605805
"linear_ar1_n1000",4,2066591806,2066621806,2066651806,2066601806,2066602806,2066603806,2066604806,2066605806
"linear_ar1_n1000",5,2066591807,2066621807,2066651807,2066601807,2066602807,2066603807,2066604807,2066605807
"linear_ar1_n1000",6,2066591808,2066621808,2066651808,2066601808,2066602808,2066603808,2066604808,2066605808
"linear_ar1_n1000",7,2066591809,2066621809,2066651809,2066601809,2066602809,2066603809,2066604809,2066605809
"linear_ar1_n1000",8,2066591810,2066621810,2066651810,2066601810,2066602810,2066603810,2066604810,2066605810
"linear_ar1_n1000",9,2066591811,2066621811,2066651811,2066601811,2066602811,2066603811,2066604811,2066605811
"linear_ar1_n1000",10,2066591812,2066621812,2066651812,2066601812,2066602812,2066603812,2066604812,2066605812
"linear_ar1_n1000",11,2066591813,2066621813,2066651813,2066601813,2066602813,2066603813,2066604813,2066605813
"linear_ar1_n1000",12,2066591814,2066621814,2066651814,2066601814,2066602814,2066603814,2066604814,2066605814
"linear_ar1_n1000",13,2066591815,2066621815,2066651815,2066601815,2066602815,2066603815,2066604815,2066605815
"linear_ar1_n1000",14,2066591816,2066621816,2066651816,2066601816,2066602816,2066603816,2066604816,2066605816
"linear_ar1_n1000",15,2066591817,2066621817,2066651817,2066601817,2066602817,2066603817,2066604817,2066605817
"linear_ar1_n1000",16,2066591818,2066621818,2066651818,2066601818,2066602818,2066603818,2066604818,2066605818
"linear_ar1_n1000",17,2066591819,2066621819,2066651819,2066601819,2066602819,2066603819,2066604819,2066605819
"linear_ar1_n1000",18,2066591820,2066621820,2066651820,2066601820,2066602820,2066603820,2066604820,2066605820
"linear_ar1_n1000",19,2066591821,2066621821,2066651821,2066601821,2066602821,2066603821,2066604821,2066605821
"linear_ar1_n1000",20,2066591822,2066621822,2066651822,2066601822,2066602822,2066603822,2066604822,2066605822
"linear_ar1_n1000",21,2066591823,2066621823,2066651823,2066601823,2066602823,2066603823,2066604823,2066605823
"linear_ar1_n1000",22,2066591824,2066621824,2066651824,2066601824,2066602824,2066603824,2066604824,2066605824
"linear_ar1_n1000",23,2066591825,2066621825,2066651825,2066601825,2066602825,2066603825,2066604825,2066605825
"linear_ar1_n1000",24,2066591826,2066621826,2066651826,2066601826,2066602826,2066603826,2066604826,2066605826
"linear_ar1_n1000",25,2066591827,2066621827,2066651827,2066601827,2066602827,2066603827,2066604827,2066605827
"linear_ar1_n1000",26,2066591828,2066621828,2066651828,2066601828,2066602828,2066603828,2066604828,2066605828
"linear_ar1_n1000",27,2066591829,2066621829,2066651829,2066601829,2066602829,2066603829,2066604829,2066605829
"linear_ar1_n1000",28,2066591830,2066621830,2066651830,2066601830,2066602830,2066603830,2066604830,2066605830
"linear_ar1_n1000",29,2066591831,2066621831,2066651831,2066601831,2066602831,2066603831,2066604831,2066605831
"linear_ar1_n1000",30,2066591832,2066621832,2066651832,2066601832,2066602832,2066603832,2066604832,2066605832
"linear_ar1_n1000",31,2066591833,2066621833,2066651833,2066601833,2066602833,2066603833,2066604833,2066605833
"linear_ar1_n1000",32,2066591834,2066621834,2066651834,2066601834,2066602834,2066603834,2066604834,2066605834
"linear_ar1_n1000",33,2066591835,2066621835,2066651835,2066601835,2066602835,2066603835,2066604835,2066605835
"linear_ar1_n1000",34,2066591836,2066621836,2066651836,2066601836,2066602836,2066603836,2066604836,2066605836
"linear_ar1_n1000",35,2066591837,2066621837,2066651837,2066601837,2066602837,2066603837,2066604837,2066605837
"linear_ar1_n1000",36,2066591838,2066621838,2066651838,2066601838,2066602838,2066603838,2066604838,2066605838
"linear_ar1_n1000",37,2066591839,2066621839,2066651839,2066601839,2066602839,2066603839,2066604839,2066605839
"linear_ar1_n1000",38,2066591840,2066621840,2066651840,2066601840,2066602840,2066603840,2066604840,2066605840
"linear_ar1_n1000",39,2066591841,2066621841,2066651841,2066601841,2066602841,2066603841,2066604841,2066605841
"linear_ar1_n1000",40,2066591842,2066621842,2066651842,2066601842,2066602842,2066603842,2066604842,2066605842
"linear_ar1_n1000",41,2066591843,2066621843,2066651843,2066601843,2066602843,2066603843,2066604843,2066605843
"linear_ar1_n1000",42,2066591844,2066621844,2066651844,2066601844,2066602844,2066603844,2066604844,2066605844
"linear_ar1_n1000",43,2066591845,2066621845,2066651845,2066601845,2066602845,2066603845,2066604845,2066605845
"linear_ar1_n1000",44,2066591846,2066621846,2066651846,2066601846,2066602846,2066603846,2066604846,2066605846
"linear_ar1_n1000",45,2066591847,2066621847,2066651847,2066601847,2066602847,2066603847,2066604847,2066605847
"linear_ar1_n1000",46,2066591848,2066621848,2066651848,2066601848,2066602848,2066603848,2066604848,2066605848
"linear_ar1_n1000",47,2066591849,2066621849,2066651849,2066601849,2066602849,2066603849,2066604849,2066605849
"linear_ar1_n1000",48,2066591850,2066621850,2066651850,2066601850,2066602850,2066603850,2066604850,2066605850
"linear_ar1_n1000",49,2066591851,2066621851,2066651851,2066601851,2066602851,2066603851,2066604851,2066605851
"linear_ar1_n1000",50,2066591852,2066621852,2066651852,2066601852,2066602852,2066603852,2066604852,2066605852
"linear_ar1_n1000",51,2066591853,2066621853,2066651853,2066601853,2066602853,2066603853,2066604853,2066605853
"linear_ar1_n1000",52,2066591854,2066621854,2066651854,2066601854,2066602854,2066603854,2066604854,2066605854
"linear_ar1_n1000",53,2066591855,2066621855,2066651855,2066601855,2066602855,2066603855,2066604855,2066605855
"linear_ar1_n1000",54,2066591856,2066621856,2066651856,2066601856,2066602856,2066603856,2066604856,2066605856
"linear_ar1_n1000",55,2066591857,2066621857,2066651857,2066601857,2066602857,2066603857,2066604857,2066605857
"linear_ar1_n1000",56,2066591858,2066621858,2066651858,2066601858,2066602858,2066603858,2066604858,2066605858
"linear_ar1_n1000",57,2066591859,2066621859,2066651859,2066601859,2066602859,2066603859,2066604859,2066605859
"linear_ar1_n1000",58,2066591860,2066621860,2066651860,2066601860,2066602860,2066603860,2066604860,2066605860
"linear_ar1_n1000",59,2066591861,2066621861,2066651861,2066601861,2066602861,2066603861,2066604861,2066605861
"linear_ar1_n1000",60,2066591862,2066621862,2066651862,2066601862,2066602862,2066603862,2066604862,2066605862
"linear_ar1_n1000",61,2066591863,2066621863,2066651863,2066601863,2066602863,2066603863,2066604863,2066605863
"linear_ar1_n1000",62,2066591864,2066621864,2066651864,2066601864,2066602864,2066603864,2066604864,2066605864
"linear_ar1_n1000",63,2066591865,2066621865,2066651865,2066601865,2066602865,2066603865,2066604865,2066605865
"linear_ar1_n1000",64,2066591866,2066621866,2066651866,2066601866,2066602866,2066603866,2066604866,2066605866
"linear_ar1_n1000",65,2066591867,2066621867,2066651867,2066601867,2066602867,2066603867,2066604867,2066605867
"linear_ar1_n1000",66,2066591868,2066621868,2066651868,2066601868,2066602868,2066603868,2066604868,2066605868
"linear_ar1_n1000",67,2066591869,2066621869,2066651869,2066601869,2066602869,2066603869,2066604869,2066605869
"linear_ar1_n1000",68,2066591870,2066621870,2066651870,2066601870,2066602870,2066603870,2066604870,2066605870
"linear_ar1_n1000",69,2066591871,2066621871,2066651871,2066601871,2066602871,2066603871,2066604871,2066605871
"linear_ar1_n1000",70,2066591872,2066621872,2066651872,2066601872,2066602872,2066603872,2066604872,2066605872
"linear_ar1_n1000",71,2066591873,2066621873,2066651873,2066601873,2066602873,2066603873,2066604873,2066605873
"linear_ar1_n1000",72,2066591874,2066621874,2066651874,2066601874,2066602874,2066603874,2066604874,2066605874
"linear_ar1_n1000",73,2066591875,2066621875,2066651875,2066601875,2066602875,2066603875,2066604875,2066605875
"linear_ar1_n1000",74,2066591876,2066621876,2066651876,2066601876,2066602876,2066603876,2066604876,2066605876
"linear_ar1_n1000",75,2066591877,2066621877,2066651877,2066601877,2066602877,2066603877,2066604877,2066605877
"linear_ar1_n1000",76,2066591878,2066621878,2066651878,2066601878,2066602878,2066603878,2066604878,2066605878
"linear_ar1_n1000",77,2066591879,2066621879,2066651879,2066601879,2066602879,2066603879,2066604879,2066605879
"linear_ar1_n1000",78,2066591880,2066621880,2066651880,2066601880,2066602880,2066603880,2066604880,2066605880
"linear_ar1_n1000",79,2066591881,2066621881,2066651881,2066601881,2066602881,2066603881,2066604881,2066605881
"linear_ar1_n1000",80,2066591882,2066621882,2066651882,2066601882,2066602882,2066603882,2066604882,2066605882
"linear_ar1_n1000",81,2066591883,2066621883,2066651883,2066601883,2066602883,2066603883,2066604883,2066605883
"linear_ar1_n1000",82,2066591884,2066621884,2066651884,2066601884,2066602884,2066603884,2066604884,2066605884
"linear_ar1_n1000",83,2066591885,2066621885,2066651885,2066601885,2066602885,2066603885,2066604885,2066605885
"linear_ar1_n1000",84,2066591886,2066621886,2066651886,2066601886,2066602886,2066603886,2066604886,2066605886
"linear_ar1_n1000",85,2066591887,2066621887,2066651887,2066601887,2066602887,2066603887,2066604887,2066605887
"linear_ar1_n1000",86,2066591888,2066621888,2066651888,2066601888,2066602888,2066603888,2066604888,2066605888
"linear_ar1_n1000",87,2066591889,2066621889,2066651889,2066601889,2066602889,2066603889,2066604889,2066605889
"linear_ar1_n1000",88,2066591890,2066621890,2066651890,2066601890,2066602890,2066603890,2066604890,2066605890
"linear_ar1_n1000",89,2066591891,2066621891,2066651891,2066601891,2066602891,2066603891,2066604891,2066605891
"linear_ar1_n1000",90,2066591892,2066621892,2066651892,2066601892,2066602892,2066603892,2066604892,2066605892
"linear_ar1_n1000",91,2066591893,2066621893,2066651893,2066601893,2066602893,2066603893,2066604893,2066605893
"linear_ar1_n1000",92,2066591894,2066621894,2066651894,2066601894,2066602894,2066603894,2066604894,2066605894
"linear_ar1_n1000",93,2066591895,2066621895,2066651895,2066601895,2066602895,2066603895,2066604895,2066605895
"linear_ar1_n1000",94,2066591896,2066621896,2066651896,2066601896,2066602896,2066603896,2066604896,2066605896
"linear_ar1_n1000",95,2066591897,2066621897,2066651897,2066601897,2066602897,2066603897,2066604897,2066605897
"linear_ar1_n1000",96,2066591898,2066621898,2066651898,2066601898,2066602898,2066603898,2066604898,2066605898
"linear_ar1_n1000",97,2066591899,2066621899,2066651899,2066601899,2066602899,2066603899,2066604899,2066605899
"linear_ar1_n1000",98,2066591900,2066621900,2066651900,2066601900,2066602900,2066603900,2066604900,2066605900
"linear_ar1_n1000",99,2066591901,2066621901,2066651901,2066601901,2066602901,2066603901,2066604901,2066605901
"linear_ar1_n1000",100,2066591902,2066621902,2066651902,2066601902,2066602902,2066603902,2066604902,2066605902
"linear_ar1_n1000",101,2066591903,2066621903,2066651903,2066601903,2066602903,2066603903,2066604903,2066605903
"linear_ar1_n1000",102,2066591904,2066621904,2066651904,2066601904,2066602904,2066603904,2066604904,2066605904
"linear_ar1_n1000",103,2066591905,2066621905,2066651905,2066601905,2066602905,2066603905,2066604905,2066605905
"linear_ar1_n1000",104,2066591906,2066621906,2066651906,2066601906,2066602906,2066603906,2066604906,2066605906
"linear_ar1_n1000",105,2066591907,2066621907,2066651907,2066601907,2066602907,2066603907,2066604907,2066605907
"linear_ar1_n1000",106,2066591908,2066621908,2066651908,2066601908,2066602908,2066603908,2066604908,2066605908
"linear_ar1_n1000",107,2066591909,2066621909,2066651909,2066601909,2066602909,2066603909,2066604909,2066605909
"linear_ar1_n1000",108,2066591910,2066621910,2066651910,2066601910,2066602910,2066603910,2066604910,2066605910
"linear_ar1_n1000",109,2066591911,2066621911,2066651911,2066601911,2066602911,2066603911,2066604911,2066605911
"linear_ar1_n1000",110,2066591912,2066621912,2066651912,2066601912,2066602912,2066603912,2066604912,2066605912
"linear_ar1_n1000",111,2066591913,2066621913,2066651913,2066601913,2066602913,2066603913,2066604913,2066605913
"linear_ar1_n1000",112,2066591914,2066621914,2066651914,2066601914,2066602914,2066603914,2066604914,2066605914
"linear_ar1_n1000",113,2066591915,2066621915,2066651915,2066601915,2066602915,2066603915,2066604915,2066605915
"linear_ar1_n1000",114,2066591916,2066621916,2066651916,2066601916,2066602916,2066603916,2066604916,2066605916
"linear_ar1_n1000",115,2066591917,2066621917,2066651917,2066601917,2066602917,2066603917,2066604917,2066605917
"linear_ar1_n1000",116,2066591918,2066621918,2066651918,2066601918,2066602918,2066603918,2066604918,2066605918
"linear_ar1_n1000",117,2066591919,2066621919,2066651919,2066601919,2066602919,2066603919,2066604919,2066605919
"linear_ar1_n1000",118,2066591920,2066621920,2066651920,2066601920,2066602920,2066603920,2066604920,2066605920
"linear_ar1_n1000",119,2066591921,2066621921,2066651921,2066601921,2066602921,2066603921,2066604921,2066605921
"linear_ar1_n1000",120,2066591922,2066621922,2066651922,2066601922,2066602922,2066603922,2066604922,2066605922
"linear_ar1_n1000",121,2066591923,2066621923,2066651923,2066601923,2066602923,2066603923,2066604923,2066605923
"linear_ar1_n1000",122,2066591924,2066621924,2066651924,2066601924,2066602924,2066603924,2066604924,2066605924
"linear_ar1_n1000",123,2066591925,2066621925,2066651925,2066601925,2066602925,2066603925,2066604925,2066605925
"linear_ar1_n1000",124,2066591926,2066621926,2066651926,2066601926,2066602926,2066603926,2066604926,2066605926
"linear_ar1_n1000",125,2066591927,2066621927,2066651927,2066601927,2066602927,2066603927,2066604927,2066605927
"linear_ar1_n1000",126,2066591928,2066621928,2066651928,2066601928,2066602928,2066603928,2066604928,2066605928
"linear_ar1_n1000",127,2066591929,2066621929,2066651929,2066601929,2066602929,2066603929,2066604929,2066605929
"linear_ar1_n1000",128,2066591930,2066621930,2066651930,2066601930,2066602930,2066603930,2066604930,2066605930
"linear_ar1_n1000",129,2066591931,2066621931,2066651931,2066601931,2066602931,2066603931,2066604931,2066605931
"linear_ar1_n1000",130,2066591932,2066621932,2066651932,2066601932,2066602932,2066603932,2066604932,2066605932
"linear_ar1_n1000",131,2066591933,2066621933,2066651933,2066601933,2066602933,2066603933,2066604933,2066605933
"linear_ar1_n1000",132,2066591934,2066621934,2066651934,2066601934,2066602934,2066603934,2066604934,2066605934
"linear_ar1_n1000",133,2066591935,2066621935,2066651935,2066601935,2066602935,2066603935,2066604935,2066605935
"linear_ar1_n1000",134,2066591936,2066621936,2066651936,2066601936,2066602936,2066603936,2066604936,2066605936
"linear_ar1_n1000",135,2066591937,2066621937,2066651937,2066601937,2066602937,2066603937,2066604937,2066605937
"linear_ar1_n1000",136,2066591938,2066621938,2066651938,2066601938,2066602938,2066603938,2066604938,2066605938
"linear_ar1_n1000",137,2066591939,2066621939,2066651939,2066601939,2066602939,2066603939,2066604939,2066605939
"linear_ar1_n1000",138,2066591940,2066621940,2066651940,2066601940,2066602940,2066603940,2066604940,2066605940
"linear_ar1_n1000",139,2066591941,2066621941,2066651941,2066601941,2066602941,2066603941,2066604941,2066605941
"linear_ar1_n1000",140,2066591942,2066621942,2066651942,2066601942,2066602942,2066603942,2066604942,2066605942
"linear_ar1_n1000",141,2066591943,2066621943,2066651943,2066601943,2066602943,2066603943,2066604943,2066605943
"linear_ar1_n1000",142,2066591944,2066621944,2066651944,2066601944,2066602944,2066603944,2066604944,2066605944
"linear_ar1_n1000",143,2066591945,2066621945,2066651945,2066601945,2066602945,2066603945,2066604945,2066605945
"linear_ar1_n1000",144,2066591946,2066621946,2066651946,2066601946,2066602946,2066603946,2066604946,2066605946
"linear_ar1_n1000",145,2066591947,2066621947,2066651947,2066601947,2066602947,2066603947,2066604947,2066605947
"linear_ar1_n1000",146,2066591948,2066621948,2066651948,2066601948,2066602948,2066603948,2066604948,2066605948
"linear_ar1_n1000",147,2066591949,2066621949,2066651949,2066601949,2066602949,2066603949,2066604949,2066605949
"linear_ar1_n1000",148,2066591950,2066621950,2066651950,2066601950,2066602950,2066603950,2066604950,2066605950
"linear_ar1_n1000",149,2066591951,2066621951,2066651951,2066601951,2066602951,2066603951,2066604951,2066605951
"linear_ar1_n1000",150,2066591952,2066621952,2066651952,2066601952,2066602952,2066603952,2066604952,2066605952
"linear_ar1_n1000",151,2066591953,2066621953,2066651953,2066601953,2066602953,2066603953,2066604953,2066605953
"linear_ar1_n1000",152,2066591954,2066621954,2066651954,2066601954,2066602954,2066603954,2066604954,2066605954
"linear_ar1_n1000",153,2066591955,2066621955,2066651955,2066601955,2066602955,2066603955,2066604955,2066605955
"linear_ar1_n1000",154,2066591956,2066621956,2066651956,2066601956,2066602956,2066603956,2066604956,2066605956
"linear_ar1_n1000",155,2066591957,2066621957,2066651957,2066601957,2066602957,2066603957,2066604957,2066605957
"linear_ar1_n1000",156,2066591958,2066621958,2066651958,2066601958,2066602958,2066603958,2066604958,2066605958
"linear_ar1_n1000",157,2066591959,2066621959,2066651959,2066601959,2066602959,2066603959,2066604959,2066605959
"linear_ar1_n1000",158,2066591960,2066621960,2066651960,2066601960,2066602960,2066603960,2066604960,2066605960
"linear_ar1_n1000",159,2066591961,2066621961,2066651961,2066601961,2066602961,2066603961,2066604961,2066605961
"linear_ar1_n1000",160,2066591962,2066621962,2066651962,2066601962,2066602962,2066603962,2066604962,2066605962
"linear_ar1_n1000",161,2066591963,2066621963,2066651963,2066601963,2066602963,2066603963,2066604963,2066605963
"linear_ar1_n1000",162,2066591964,2066621964,2066651964,2066601964,2066602964,2066603964,2066604964,2066605964
"linear_ar1_n1000",163,2066591965,2066621965,2066651965,2066601965,2066602965,2066603965,2066604965,2066605965
"linear_ar1_n1000",164,2066591966,2066621966,2066651966,2066601966,2066602966,2066603966,2066604966,2066605966
"linear_ar1_n1000",165,2066591967,2066621967,2066651967,2066601967,2066602967,2066603967,2066604967,2066605967
"linear_ar1_n1000",166,2066591968,2066621968,2066651968,2066601968,2066602968,2066603968,2066604968,2066605968
"linear_ar1_n1000",167,2066591969,2066621969,2066651969,2066601969,2066602969,2066603969,2066604969,2066605969
"linear_ar1_n1000",168,2066591970,2066621970,2066651970,2066601970,2066602970,2066603970,2066604970,2066605970
"linear_ar1_n1000",169,2066591971,2066621971,2066651971,2066601971,2066602971,2066603971,2066604971,2066605971
"linear_ar1_n1000",170,2066591972,2066621972,2066651972,2066601972,2066602972,2066603972,2066604972,2066605972
"linear_ar1_n1000",171,2066591973,2066621973,2066651973,2066601973,2066602973,2066603973,2066604973,2066605973
"linear_ar1_n1000",172,2066591974,2066621974,2066651974,2066601974,2066602974,2066603974,2066604974,2066605974
"linear_ar1_n1000",173,2066591975,2066621975,2066651975,2066601975,2066602975,2066603975,2066604975,2066605975
"linear_ar1_n1000",174,2066591976,2066621976,2066651976,2066601976,2066602976,2066603976,2066604976,2066605976
"linear_ar1_n1000",175,2066591977,2066621977,2066651977,2066601977,2066602977,2066603977,2066604977,2066605977
"linear_ar1_n1000",176,2066591978,2066621978,2066651978,2066601978,2066602978,2066603978,2066604978,2066605978
"linear_ar1_n1000",177,2066591979,2066621979,2066651979,2066601979,2066602979,2066603979,2066604979,2066605979
"linear_ar1_n1000",178,2066591980,2066621980,2066651980,2066601980,2066602980,2066603980,2066604980,2066605980
"linear_ar1_n1000",179,2066591981,2066621981,2066651981,2066601981,2066602981,2066603981,2066604981,2066605981
"linear_ar1_n1000",180,2066591982,2066621982,2066651982,2066601982,2066602982,2066603982,2066604982,2066605982
"linear_ar1_n1000",181,2066591983,2066621983,2066651983,2066601983,2066602983,2066603983,2066604983,2066605983
"linear_ar1_n1000",182,2066591984,2066621984,2066651984,2066601984,2066602984,2066603984,2066604984,2066605984
"linear_ar1_n1000",183,2066591985,2066621985,2066651985,2066601985,2066602985,2066603985,2066604985,2066605985
"linear_ar1_n1000",184,2066591986,2066621986,2066651986,2066601986,2066602986,2066603986,2066604986,2066605986
"linear_ar1_n1000",185,2066591987,2066621987,2066651987,2066601987,2066602987,2066603987,2066604987,2066605987
"linear_ar1_n1000",186,2066591988,2066621988,2066651988,2066601988,2066602988,2066603988,2066604988,2066605988
"linear_ar1_n1000",187,2066591989,2066621989,2066651989,2066601989,2066602989,2066603989,2066604989,2066605989
"linear_ar1_n1000",188,2066591990,2066621990,2066651990,2066601990,2066602990,2066603990,2066604990,2066605990
"linear_ar1_n1000",189,2066591991,2066621991,2066651991,2066601991,2066602991,2066603991,2066604991,2066605991
"linear_ar1_n1000",190,2066591992,2066621992,2066651992,2066601992,2066602992,2066603992,2066604992,2066605992
"linear_ar1_n1000",191,2066591993,2066621993,2066651993,2066601993,2066602993,2066603993,2066604993,2066605993
"linear_ar1_n1000",192,2066591994,2066621994,2066651994,2066601994,2066602994,2066603994,2066604994,2066605994
"linear_ar1_n1000",193,2066591995,2066621995,2066651995,2066601995,2066602995,2066603995,2066604995,2066605995
"linear_ar1_n1000",194,2066591996,2066621996,2066651996,2066601996,2066602996,2066603996,2066604996,2066605996
"linear_ar1_n1000",195,2066591997,2066621997,2066651997,2066601997,2066602997,2066603997,2066604997,2066605997
"linear_ar1_n1000",196,2066591998,2066621998,2066651998,2066601998,2066602998,2066603998,2066604998,2066605998
"linear_ar1_n1000",197,2066591999,2066621999,2066651999,2066601999,2066602999,2066603999,2066604999,2066605999
"linear_ar1_n1000",198,2066592000,2066622000,2066652000,2066602000,2066603000,2066604000,2066605000,2066606000
"linear_ar1_n1000",199,2066592001,2066622001,2066652001,2066602001,2066603001,2066604001,2066605001,2066606001
"linear_ar1_n1000",200,2066592002,2066622002,2066652002,2066602002,2066603002,2066604002,2066605002,2066606002
"linear_ar1_n1000",201,2066592003,2066622003,2066652003,2066602003,2066603003,2066604003,2066605003,2066606003
"linear_ar1_n1000",202,2066592004,2066622004,2066652004,2066602004,2066603004,2066604004,2066605004,2066606004
"linear_ar1_n1000",203,2066592005,2066622005,2066652005,2066602005,2066603005,2066604005,2066605005,2066606005
"linear_ar1_n1000",204,2066592006,2066622006,2066652006,2066602006,2066603006,2066604006,2066605006,2066606006
"linear_ar1_n1000",205,2066592007,2066622007,2066652007,2066602007,2066603007,2066604007,2066605007,2066606007
"linear_ar1_n1000",206,2066592008,2066622008,2066652008,2066602008,2066603008,2066604008,2066605008,2066606008
"linear_ar1_n1000",207,2066592009,2066622009,2066652009,2066602009,2066603009,2066604009,2066605009,2066606009
"linear_ar1_n1000",208,2066592010,2066622010,2066652010,2066602010,2066603010,2066604010,2066605010,2066606010
"linear_ar1_n1000",209,2066592011,2066622011,2066652011,2066602011,2066603011,2066604011,2066605011,2066606011
"linear_ar1_n1000",210,2066592012,2066622012,2066652012,2066602012,2066603012,2066604012,2066605012,2066606012
"linear_ar1_n1000",211,2066592013,2066622013,2066652013,2066602013,2066603013,2066604013,2066605013,2066606013
"linear_ar1_n1000",212,2066592014,2066622014,2066652014,2066602014,2066603014,2066604014,2066605014,2066606014
"linear_ar1_n1000",213,2066592015,2066622015,2066652015,2066602015,2066603015,2066604015,2066605015,2066606015
"linear_ar1_n1000",214,2066592016,2066622016,2066652016,2066602016,2066603016,2066604016,2066605016,2066606016
"linear_ar1_n1000",215,2066592017,2066622017,2066652017,2066602017,2066603017,2066604017,2066605017,2066606017
"linear_ar1_n1000",216,2066592018,2066622018,2066652018,2066602018,2066603018,2066604018,2066605018,2066606018
"linear_ar1_n1000",217,2066592019,2066622019,2066652019,2066602019,2066603019,2066604019,2066605019,2066606019
"linear_ar1_n1000",218,2066592020,2066622020,2066652020,2066602020,2066603020,2066604020,2066605020,2066606020
"linear_ar1_n1000",219,2066592021,2066622021,2066652021,2066602021,2066603021,2066604021,2066605021,2066606021
"linear_ar1_n1000",220,2066592022,2066622022,2066652022,2066602022,2066603022,2066604022,2066605022,2066606022
"linear_ar1_n1000",221,2066592023,2066622023,2066652023,2066602023,2066603023,2066604023,2066605023,2066606023
"linear_ar1_n1000",222,2066592024,2066622024,2066652024,2066602024,2066603024,2066604024,2066605024,2066606024
"linear_ar1_n1000",223,2066592025,2066622025,2066652025,2066602025,2066603025,2066604025,2066605025,2066606025
"linear_ar1_n1000",224,2066592026,2066622026,2066652026,2066602026,2066603026,2066604026,2066605026,2066606026
"linear_ar1_n1000",225,2066592027,2066622027,2066652027,2066602027,2066603027,2066604027,2066605027,2066606027
"linear_ar1_n1000",226,2066592028,2066622028,2066652028,2066602028,2066603028,2066604028,2066605028,2066606028
"linear_ar1_n1000",227,2066592029,2066622029,2066652029,2066602029,2066603029,2066604029,2066605029,2066606029
"linear_ar1_n1000",228,2066592030,2066622030,2066652030,2066602030,2066603030,2066604030,2066605030,2066606030
"linear_ar1_n1000",229,2066592031,2066622031,2066652031,2066602031,2066603031,2066604031,2066605031,2066606031
"linear_ar1_n1000",230,2066592032,2066622032,2066652032,2066602032,2066603032,2066604032,2066605032,2066606032
"linear_ar1_n1000",231,2066592033,2066622033,2066652033,2066602033,2066603033,2066604033,2066605033,2066606033
"linear_ar1_n1000",232,2066592034,2066622034,2066652034,2066602034,2066603034,2066604034,2066605034,2066606034
"linear_ar1_n1000",233,2066592035,2066622035,2066652035,2066602035,2066603035,2066604035,2066605035,2066606035
"linear_ar1_n1000",234,2066592036,2066622036,2066652036,2066602036,2066603036,2066604036,2066605036,2066606036
"linear_ar1_n1000",235,2066592037,2066622037,2066652037,2066602037,2066603037,2066604037,2066605037,2066606037
"linear_ar1_n1000",236,2066592038,2066622038,2066652038,2066602038,2066603038,2066604038,2066605038,2066606038
"linear_ar1_n1000",237,2066592039,2066622039,2066652039,2066602039,2066603039,2066604039,2066605039,2066606039
"linear_ar1_n1000",238,2066592040,2066622040,2066652040,2066602040,2066603040,2066604040,2066605040,2066606040
"linear_ar1_n1000",239,2066592041,2066622041,2066652041,2066602041,2066603041,2066604041,2066605041,2066606041
"linear_ar1_n1000",240,2066592042,2066622042,2066652042,2066602042,2066603042,2066604042,2066605042,2066606042
"linear_ar1_n1000",241,2066592043,2066622043,2066652043,2066602043,2066603043,2066604043,2066605043,2066606043
"linear_ar1_n1000",242,2066592044,2066622044,2066652044,2066602044,2066603044,2066604044,2066605044,2066606044
"linear_ar1_n1000",243,2066592045,2066622045,2066652045,2066602045,2066603045,2066604045,2066605045,2066606045
"linear_ar1_n1000",244,2066592046,2066622046,2066652046,2066602046,2066603046,2066604046,2066605046,2066606046
"linear_ar1_n1000",245,2066592047,2066622047,2066652047,2066602047,2066603047,2066604047,2066605047,2066606047
"linear_ar1_n1000",246,2066592048,2066622048,2066652048,2066602048,2066603048,2066604048,2066605048,2066606048
"linear_ar1_n1000",247,2066592049,2066622049,2066652049,2066602049,2066603049,2066604049,2066605049,2066606049
"linear_ar1_n1000",248,2066592050,2066622050,2066652050,2066602050,2066603050,2066604050,2066605050,2066606050
"linear_ar1_n1000",249,2066592051,2066622051,2066652051,2066602051,2066603051,2066604051,2066605051,2066606051
"linear_ar1_n1000",250,2066592052,2066622052,2066652052,2066602052,2066603052,2066604052,2066605052,2066606052
"linear_ar1_n1000",251,2066592053,2066622053,2066652053,2066602053,2066603053,2066604053,2066605053,2066606053
"linear_ar1_n1000",252,2066592054,2066622054,2066652054,2066602054,2066603054,2066604054,2066605054,2066606054
"linear_ar1_n1000",253,2066592055,2066622055,2066652055,2066602055,2066603055,2066604055,2066605055,2066606055
"linear_ar1_n1000",254,2066592056,2066622056,2066652056,2066602056,2066603056,2066604056,2066605056,2066606056
"linear_ar1_n1000",255,2066592057,2066622057,2066652057,2066602057,2066603057,2066604057,2066605057,2066606057
"linear_ar1_n1000",256,2066592058,2066622058,2066652058,2066602058,2066603058,2066604058,2066605058,2066606058
"linear_ar1_n1000",257,2066592059,2066622059,2066652059,2066602059,2066603059,2066604059,2066605059,2066606059
"linear_ar1_n1000",258,2066592060,2066622060,2066652060,2066602060,2066603060,2066604060,2066605060,2066606060
"linear_ar1_n1000",259,2066592061,2066622061,2066652061,2066602061,2066603061,2066604061,2066605061,2066606061
"linear_ar1_n1000",260,2066592062,2066622062,2066652062,2066602062,2066603062,2066604062,2066605062,2066606062
"linear_ar1_n1000",261,2066592063,2066622063,2066652063,2066602063,2066603063,2066604063,2066605063,2066606063
"linear_ar1_n1000",262,2066592064,2066622064,2066652064,2066602064,2066603064,2066604064,2066605064,2066606064
"linear_ar1_n1000",263,2066592065,2066622065,2066652065,2066602065,2066603065,2066604065,2066605065,2066606065
"linear_ar1_n1000",264,2066592066,2066622066,2066652066,2066602066,2066603066,2066604066,2066605066,2066606066
"linear_ar1_n1000",265,2066592067,2066622067,2066652067,2066602067,2066603067,2066604067,2066605067,2066606067
"linear_ar1_n1000",266,2066592068,2066622068,2066652068,2066602068,2066603068,2066604068,2066605068,2066606068
"linear_ar1_n1000",267,2066592069,2066622069,2066652069,2066602069,2066603069,2066604069,2066605069,2066606069
"linear_ar1_n1000",268,2066592070,2066622070,2066652070,2066602070,2066603070,2066604070,2066605070,2066606070
"linear_ar1_n1000",269,2066592071,2066622071,2066652071,2066602071,2066603071,2066604071,2066605071,2066606071
"linear_ar1_n1000",270,2066592072,2066622072,2066652072,2066602072,2066603072,2066604072,2066605072,2066606072
"linear_ar1_n1000",271,2066592073,2066622073,2066652073,2066602073,2066603073,2066604073,2066605073,2066606073
"linear_ar1_n1000",272,2066592074,2066622074,2066652074,2066602074,2066603074,2066604074,2066605074,2066606074
"linear_ar1_n1000",273,2066592075,2066622075,2066652075,2066602075,2066603075,2066604075,2066605075,2066606075
"linear_ar1_n1000",274,2066592076,2066622076,2066652076,2066602076,2066603076,2066604076,2066605076,2066606076
"linear_ar1_n1000",275,2066592077,2066622077,2066652077,2066602077,2066603077,2066604077,2066605077,2066606077
"linear_ar1_n1000",276,2066592078,2066622078,2066652078,2066602078,2066603078,2066604078,2066605078,2066606078
"linear_ar1_n1000",277,2066592079,2066622079,2066652079,2066602079,2066603079,2066604079,2066605079,2066606079
"linear_ar1_n1000",278,2066592080,2066622080,2066652080,2066602080,2066603080,2066604080,2066605080,2066606080
"linear_ar1_n1000",279,2066592081,2066622081,2066652081,2066602081,2066603081,2066604081,2066605081,2066606081
"linear_ar1_n1000",280,2066592082,2066622082,2066652082,2066602082,2066603082,2066604082,2066605082,2066606082
"linear_ar1_n1000",281,2066592083,2066622083,2066652083,2066602083,2066603083,2066604083,2066605083,2066606083
"linear_ar1_n1000",282,2066592084,2066622084,2066652084,2066602084,2066603084,2066604084,2066605084,2066606084
"linear_ar1_n1000",283,2066592085,2066622085,2066652085,2066602085,2066603085,2066604085,2066605085,2066606085
"linear_ar1_n1000",284,2066592086,2066622086,2066652086,2066602086,2066603086,2066604086,2066605086,2066606086
"linear_ar1_n1000",285,2066592087,2066622087,2066652087,2066602087,2066603087,2066604087,2066605087,2066606087
"linear_ar1_n1000",286,2066592088,2066622088,2066652088,2066602088,2066603088,2066604088,2066605088,2066606088
"linear_ar1_n1000",287,2066592089,2066622089,2066652089,2066602089,2066603089,2066604089,2066605089,2066606089
"linear_ar1_n1000",288,2066592090,2066622090,2066652090,2066602090,2066603090,2066604090,2066605090,2066606090
"linear_ar1_n1000",289,2066592091,2066622091,2066652091,2066602091,2066603091,2066604091,2066605091,2066606091
"linear_ar1_n1000",290,2066592092,2066622092,2066652092,2066602092,2066603092,2066604092,2066605092,2066606092
"linear_ar1_n1000",291,2066592093,2066622093,2066652093,2066602093,2066603093,2066604093,2066605093,2066606093
"linear_ar1_n1000",292,2066592094,2066622094,2066652094,2066602094,2066603094,2066604094,2066605094,2066606094
"linear_ar1_n1000",293,2066592095,2066622095,2066652095,2066602095,2066603095,2066604095,2066605095,2066606095
"linear_ar1_n1000",294,2066592096,2066622096,2066652096,2066602096,2066603096,2066604096,2066605096,2066606096
"linear_ar1_n1000",295,2066592097,2066622097,2066652097,2066602097,2066603097,2066604097,2066605097,2066606097
"linear_ar1_n1000",296,2066592098,2066622098,2066652098,2066602098,2066603098,2066604098,2066605098,2066606098
"linear_ar1_n1000",297,2066592099,2066622099,2066652099,2066602099,2066603099,2066604099,2066605099,2066606099
"linear_ar1_n1000",298,2066592100,2066622100,2066652100,2066602100,2066603100,2066604100,2066605100,2066606100
"linear_ar1_n1000",299,2066592101,2066622101,2066652101,2066602101,2066603101,2066604101,2066605101,2066606101
"linear_ar1_n1000",300,2066592102,2066622102,2066652102,2066602102,2066603102,2066604102,2066605102,2066606102
"linear_ar1_n1000",301,2066592103,2066622103,2066652103,2066602103,2066603103,2066604103,2066605103,2066606103
"linear_ar1_n1000",302,2066592104,2066622104,2066652104,2066602104,2066603104,2066604104,2066605104,2066606104
"linear_ar1_n1000",303,2066592105,2066622105,2066652105,2066602105,2066603105,2066604105,2066605105,2066606105
"linear_ar1_n1000",304,2066592106,2066622106,2066652106,2066602106,2066603106,2066604106,2066605106,2066606106
"linear_ar1_n1000",305,2066592107,2066622107,2066652107,2066602107,2066603107,2066604107,2066605107,2066606107
"linear_ar1_n1000",306,2066592108,2066622108,2066652108,2066602108,2066603108,2066604108,2066605108,2066606108
"linear_ar1_n1000",307,2066592109,2066622109,2066652109,2066602109,2066603109,2066604109,2066605109,2066606109
"linear_ar1_n1000",308,2066592110,2066622110,2066652110,2066602110,2066603110,2066604110,2066605110,2066606110
"linear_ar1_n1000",309,2066592111,2066622111,2066652111,2066602111,2066603111,2066604111,2066605111,2066606111
"linear_ar1_n1000",310,2066592112,2066622112,2066652112,2066602112,2066603112,2066604112,2066605112,2066606112
"linear_ar1_n1000",311,2066592113,2066622113,2066652113,2066602113,2066603113,2066604113,2066605113,2066606113
"linear_ar1_n1000",312,2066592114,2066622114,2066652114,2066602114,2066603114,2066604114,2066605114,2066606114
"linear_ar1_n1000",313,2066592115,2066622115,2066652115,2066602115,2066603115,2066604115,2066605115,2066606115
"linear_ar1_n1000",314,2066592116,2066622116,2066652116,2066602116,2066603116,2066604116,2066605116,2066606116
"linear_ar1_n1000",315,2066592117,2066622117,2066652117,2066602117,2066603117,2066604117,2066605117,2066606117
"linear_ar1_n1000",316,2066592118,2066622118,2066652118,2066602118,2066603118,2066604118,2066605118,2066606118
"linear_ar1_n1000",317,2066592119,2066622119,2066652119,2066602119,2066603119,2066604119,2066605119,2066606119
"linear_ar1_n1000",318,2066592120,2066622120,2066652120,2066602120,2066603120,2066604120,2066605120,2066606120
"linear_ar1_n1000",319,2066592121,2066622121,2066652121,2066602121,2066603121,2066604121,2066605121,2066606121
"linear_ar1_n1000",320,2066592122,2066622122,2066652122,2066602122,2066603122,2066604122,2066605122,2066606122
"linear_ar1_n1000",321,2066592123,2066622123,2066652123,2066602123,2066603123,2066604123,2066605123,2066606123
"linear_ar1_n1000",322,2066592124,2066622124,2066652124,2066602124,2066603124,2066604124,2066605124,2066606124
"linear_ar1_n1000",323,2066592125,2066622125,2066652125,2066602125,2066603125,2066604125,2066605125,2066606125
"linear_ar1_n1000",324,2066592126,2066622126,2066652126,2066602126,2066603126,2066604126,2066605126,2066606126
"linear_ar1_n1000",325,2066592127,2066622127,2066652127,2066602127,2066603127,2066604127,2066605127,2066606127
"linear_ar1_n1000",326,2066592128,2066622128,2066652128,2066602128,2066603128,2066604128,2066605128,2066606128
"linear_ar1_n1000",327,2066592129,2066622129,2066652129,2066602129,2066603129,2066604129,2066605129,2066606129
"linear_ar1_n1000",328,2066592130,2066622130,2066652130,2066602130,2066603130,2066604130,2066605130,2066606130
"linear_ar1_n1000",329,2066592131,2066622131,2066652131,2066602131,2066603131,2066604131,2066605131,2066606131
"linear_ar1_n1000",330,2066592132,2066622132,2066652132,2066602132,2066603132,2066604132,2066605132,2066606132
"linear_ar1_n1000",331,2066592133,2066622133,2066652133,2066602133,2066603133,2066604133,2066605133,2066606133
"linear_ar1_n1000",332,2066592134,2066622134,2066652134,2066602134,2066603134,2066604134,2066605134,2066606134
"linear_ar1_n1000",333,2066592135,2066622135,2066652135,2066602135,2066603135,2066604135,2066605135,2066606135
"linear_ar1_n1000",334,2066592136,2066622136,2066652136,2066602136,2066603136,2066604136,2066605136,2066606136
"linear_ar1_n1000",335,2066592137,2066622137,2066652137,2066602137,2066603137,2066604137,2066605137,2066606137
"linear_ar1_n1000",336,2066592138,2066622138,2066652138,2066602138,2066603138,2066604138,2066605138,2066606138
"linear_ar1_n1000",337,2066592139,2066622139,2066652139,2066602139,2066603139,2066604139,2066605139,2066606139
"linear_ar1_n1000",338,2066592140,2066622140,2066652140,2066602140,2066603140,2066604140,2066605140,2066606140
"linear_ar1_n1000",339,2066592141,2066622141,2066652141,2066602141,2066603141,2066604141,2066605141,2066606141
"linear_ar1_n1000",340,2066592142,2066622142,2066652142,2066602142,2066603142,2066604142,2066605142,2066606142
"linear_ar1_n1000",341,2066592143,2066622143,2066652143,2066602143,2066603143,2066604143,2066605143,2066606143
"linear_ar1_n1000",342,2066592144,2066622144,2066652144,2066602144,2066603144,2066604144,2066605144,2066606144
"linear_ar1_n1000",343,2066592145,2066622145,2066652145,2066602145,2066603145,2066604145,2066605145,2066606145
"linear_ar1_n1000",344,2066592146,2066622146,2066652146,2066602146,2066603146,2066604146,2066605146,2066606146
"linear_ar1_n1000",345,2066592147,2066622147,2066652147,2066602147,2066603147,2066604147,2066605147,2066606147
"linear_ar1_n1000",346,2066592148,2066622148,2066652148,2066602148,2066603148,2066604148,2066605148,2066606148
"linear_ar1_n1000",347,2066592149,2066622149,2066652149,2066602149,2066603149,2066604149,2066605149,2066606149
"linear_ar1_n1000",348,2066592150,2066622150,2066652150,2066602150,2066603150,2066604150,2066605150,2066606150
"linear_ar1_n1000",349,2066592151,2066622151,2066652151,2066602151,2066603151,2066604151,2066605151,2066606151
"linear_ar1_n1000",350,2066592152,2066622152,2066652152,2066602152,2066603152,2066604152,2066605152,2066606152
"linear_ar1_n1000",351,2066592153,2066622153,2066652153,2066602153,2066603153,2066604153,2066605153,2066606153
"linear_ar1_n1000",352,2066592154,2066622154,2066652154,2066602154,2066603154,2066604154,2066605154,2066606154
"linear_ar1_n1000",353,2066592155,2066622155,2066652155,2066602155,2066603155,2066604155,2066605155,2066606155
"linear_ar1_n1000",354,2066592156,2066622156,2066652156,2066602156,2066603156,2066604156,2066605156,2066606156
"linear_ar1_n1000",355,2066592157,2066622157,2066652157,2066602157,2066603157,2066604157,2066605157,2066606157
"linear_ar1_n1000",356,2066592158,2066622158,2066652158,2066602158,2066603158,2066604158,2066605158,2066606158
"linear_ar1_n1000",357,2066592159,2066622159,2066652159,2066602159,2066603159,2066604159,2066605159,2066606159
"linear_ar1_n1000",358,2066592160,2066622160,2066652160,2066602160,2066603160,2066604160,2066605160,2066606160
"linear_ar1_n1000",359,2066592161,2066622161,2066652161,2066602161,2066603161,2066604161,2066605161,2066606161
"linear_ar1_n1000",360,2066592162,2066622162,2066652162,2066602162,2066603162,2066604162,2066605162,2066606162
"linear_ar1_n1000",361,2066592163,2066622163,2066652163,2066602163,2066603163,2066604163,2066605163,2066606163
"linear_ar1_n1000",362,2066592164,2066622164,2066652164,2066602164,2066603164,2066604164,2066605164,2066606164
"linear_ar1_n1000",363,2066592165,2066622165,2066652165,2066602165,2066603165,2066604165,2066605165,2066606165
"linear_ar1_n1000",364,2066592166,2066622166,2066652166,2066602166,2066603166,2066604166,2066605166,2066606166
"linear_ar1_n1000",365,2066592167,2066622167,2066652167,2066602167,2066603167,2066604167,2066605167,2066606167
"linear_ar1_n1000",366,2066592168,2066622168,2066652168,2066602168,2066603168,2066604168,2066605168,2066606168
"linear_ar1_n1000",367,2066592169,2066622169,2066652169,2066602169,2066603169,2066604169,2066605169,2066606169
"linear_ar1_n1000",368,2066592170,2066622170,2066652170,2066602170,2066603170,2066604170,2066605170,2066606170
"linear_ar1_n1000",369,2066592171,2066622171,2066652171,2066602171,2066603171,2066604171,2066605171,2066606171
"linear_ar1_n1000",370,2066592172,2066622172,2066652172,2066602172,2066603172,2066604172,2066605172,2066606172
"linear_ar1_n1000",371,2066592173,2066622173,2066652173,2066602173,2066603173,2066604173,2066605173,2066606173
"linear_ar1_n1000",372,2066592174,2066622174,2066652174,2066602174,2066603174,2066604174,2066605174,2066606174
"linear_ar1_n1000",373,2066592175,2066622175,2066652175,2066602175,2066603175,2066604175,2066605175,2066606175
"linear_ar1_n1000",374,2066592176,2066622176,2066652176,2066602176,2066603176,2066604176,2066605176,2066606176
"linear_ar1_n1000",375,2066592177,2066622177,2066652177,2066602177,2066603177,2066604177,2066605177,2066606177
"linear_ar1_n1000",376,2066592178,2066622178,2066652178,2066602178,2066603178,2066604178,2066605178,2066606178
"linear_ar1_n1000",377,2066592179,2066622179,2066652179,2066602179,2066603179,2066604179,2066605179,2066606179
"linear_ar1_n1000",378,2066592180,2066622180,2066652180,2066602180,2066603180,2066604180,2066605180,2066606180
"linear_ar1_n1000",379,2066592181,2066622181,2066652181,2066602181,2066603181,2066604181,2066605181,2066606181
"linear_ar1_n1000",380,2066592182,2066622182,2066652182,2066602182,2066603182,2066604182,2066605182,2066606182
"linear_ar1_n1000",381,2066592183,2066622183,2066652183,2066602183,2066603183,2066604183,2066605183,2066606183
"linear_ar1_n1000",382,2066592184,2066622184,2066652184,2066602184,2066603184,2066604184,2066605184,2066606184
"linear_ar1_n1000",383,2066592185,2066622185,2066652185,2066602185,2066603185,2066604185,2066605185,2066606185
"linear_ar1_n1000",384,2066592186,2066622186,2066652186,2066602186,2066603186,2066604186,2066605186,2066606186
"linear_ar1_n1000",385,2066592187,2066622187,2066652187,2066602187,2066603187,2066604187,2066605187,2066606187
"linear_ar1_n1000",386,2066592188,2066622188,2066652188,2066602188,2066603188,2066604188,2066605188,2066606188
"linear_ar1_n1000",387,2066592189,2066622189,2066652189,2066602189,2066603189,2066604189,2066605189,2066606189
"linear_ar1_n1000",388,2066592190,2066622190,2066652190,2066602190,2066603190,2066604190,2066605190,2066606190
"linear_ar1_n1000",389,2066592191,2066622191,2066652191,2066602191,2066603191,2066604191,2066605191,2066606191
"linear_ar1_n1000",390,2066592192,2066622192,2066652192,2066602192,2066603192,2066604192,2066605192,2066606192
"linear_ar1_n1000",391,2066592193,2066622193,2066652193,2066602193,2066603193,2066604193,2066605193,2066606193
"linear_ar1_n1000",392,2066592194,2066622194,2066652194,2066602194,2066603194,2066604194,2066605194,2066606194
"linear_ar1_n1000",393,2066592195,2066622195,2066652195,2066602195,2066603195,2066604195,2066605195,2066606195
"linear_ar1_n1000",394,2066592196,2066622196,2066652196,2066602196,2066603196,2066604196,2066605196,2066606196
"linear_ar1_n1000",395,2066592197,2066622197,2066652197,2066602197,2066603197,2066604197,2066605197,2066606197
"linear_ar1_n1000",396,2066592198,2066622198,2066652198,2066602198,2066603198,2066604198,2066605198,2066606198
"linear_ar1_n1000",397,2066592199,2066622199,2066652199,2066602199,2066603199,2066604199,2066605199,2066606199
"linear_ar1_n1000",398,2066592200,2066622200,2066652200,2066602200,2066603200,2066604200,2066605200,2066606200
"linear_ar1_n1000",399,2066592201,2066622201,2066652201,2066602201,2066603201,2066604201,2066605201,2066606201
"linear_ar1_n1000",400,2066592202,2066622202,2066652202,2066602202,2066603202,2066604202,2066605202,2066606202
"linear_ar1_n1000",401,2066592203,2066622203,2066652203,2066602203,2066603203,2066604203,2066605203,2066606203
"linear_ar1_n1000",402,2066592204,2066622204,2066652204,2066602204,2066603204,2066604204,2066605204,2066606204
"linear_ar1_n1000",403,2066592205,2066622205,2066652205,2066602205,2066603205,2066604205,2066605205,2066606205
"linear_ar1_n1000",404,2066592206,2066622206,2066652206,2066602206,2066603206,2066604206,2066605206,2066606206
"linear_ar1_n1000",405,2066592207,2066622207,2066652207,2066602207,2066603207,2066604207,2066605207,2066606207
"linear_ar1_n1000",406,2066592208,2066622208,2066652208,2066602208,2066603208,2066604208,2066605208,2066606208
"linear_ar1_n1000",407,2066592209,2066622209,2066652209,2066602209,2066603209,2066604209,2066605209,2066606209
"linear_ar1_n1000",408,2066592210,2066622210,2066652210,2066602210,2066603210,2066604210,2066605210,2066606210
"linear_ar1_n1000",409,2066592211,2066622211,2066652211,2066602211,2066603211,2066604211,2066605211,2066606211
"linear_ar1_n1000",410,2066592212,2066622212,2066652212,2066602212,2066603212,2066604212,2066605212,2066606212
"linear_ar1_n1000",411,2066592213,2066622213,2066652213,2066602213,2066603213,2066604213,2066605213,2066606213
"linear_ar1_n1000",412,2066592214,2066622214,2066652214,2066602214,2066603214,2066604214,2066605214,2066606214
"linear_ar1_n1000",413,2066592215,2066622215,2066652215,2066602215,2066603215,2066604215,2066605215,2066606215
"linear_ar1_n1000",414,2066592216,2066622216,2066652216,2066602216,2066603216,2066604216,2066605216,2066606216
"linear_ar1_n1000",415,2066592217,2066622217,2066652217,2066602217,2066603217,2066604217,2066605217,2066606217
"linear_ar1_n1000",416,2066592218,2066622218,2066652218,2066602218,2066603218,2066604218,2066605218,2066606218
"linear_ar1_n1000",417,2066592219,2066622219,2066652219,2066602219,2066603219,2066604219,2066605219,2066606219
"linear_ar1_n1000",418,2066592220,2066622220,2066652220,2066602220,2066603220,2066604220,2066605220,2066606220
"linear_ar1_n1000",419,2066592221,2066622221,2066652221,2066602221,2066603221,2066604221,2066605221,2066606221
"linear_ar1_n1000",420,2066592222,2066622222,2066652222,2066602222,2066603222,2066604222,2066605222,2066606222
"linear_ar1_n1000",421,2066592223,2066622223,2066652223,2066602223,2066603223,2066604223,2066605223,2066606223
"linear_ar1_n1000",422,2066592224,2066622224,2066652224,2066602224,2066603224,2066604224,2066605224,2066606224
"linear_ar1_n1000",423,2066592225,2066622225,2066652225,2066602225,2066603225,2066604225,2066605225,2066606225
"linear_ar1_n1000",424,2066592226,2066622226,2066652226,2066602226,2066603226,2066604226,2066605226,2066606226
"linear_ar1_n1000",425,2066592227,2066622227,2066652227,2066602227,2066603227,2066604227,2066605227,2066606227
"linear_ar1_n1000",426,2066592228,2066622228,2066652228,2066602228,2066603228,2066604228,2066605228,2066606228
"linear_ar1_n1000",427,2066592229,2066622229,2066652229,2066602229,2066603229,2066604229,2066605229,2066606229
"linear_ar1_n1000",428,2066592230,2066622230,2066652230,2066602230,2066603230,2066604230,2066605230,2066606230
"linear_ar1_n1000",429,2066592231,2066622231,2066652231,2066602231,2066603231,2066604231,2066605231,2066606231
"linear_ar1_n1000",430,2066592232,2066622232,2066652232,2066602232,2066603232,2066604232,2066605232,2066606232
"linear_ar1_n1000",431,2066592233,2066622233,2066652233,2066602233,2066603233,2066604233,2066605233,2066606233
"linear_ar1_n1000",432,2066592234,2066622234,2066652234,2066602234,2066603234,2066604234,2066605234,2066606234
"linear_ar1_n1000",433,2066592235,2066622235,2066652235,2066602235,2066603235,2066604235,2066605235,2066606235
"linear_ar1_n1000",434,2066592236,2066622236,2066652236,2066602236,2066603236,2066604236,2066605236,2066606236
"linear_ar1_n1000",435,2066592237,2066622237,2066652237,2066602237,2066603237,2066604237,2066605237,2066606237
"linear_ar1_n1000",436,2066592238,2066622238,2066652238,2066602238,2066603238,2066604238,2066605238,2066606238
"linear_ar1_n1000",437,2066592239,2066622239,2066652239,2066602239,2066603239,2066604239,2066605239,2066606239
"linear_ar1_n1000",438,2066592240,2066622240,2066652240,2066602240,2066603240,2066604240,2066605240,2066606240
"linear_ar1_n1000",439,2066592241,2066622241,2066652241,2066602241,2066603241,2066604241,2066605241,2066606241
"linear_ar1_n1000",440,2066592242,2066622242,2066652242,2066602242,2066603242,2066604242,2066605242,2066606242
"linear_ar1_n1000",441,2066592243,2066622243,2066652243,2066602243,2066603243,2066604243,2066605243,2066606243
"linear_ar1_n1000",442,2066592244,2066622244,2066652244,2066602244,2066603244,2066604244,2066605244,2066606244
"linear_ar1_n1000",443,2066592245,2066622245,2066652245,2066602245,2066603245,2066604245,2066605245,2066606245
"linear_ar1_n1000",444,2066592246,2066622246,2066652246,2066602246,2066603246,2066604246,2066605246,2066606246
"linear_ar1_n1000",445,2066592247,2066622247,2066652247,2066602247,2066603247,2066604247,2066605247,2066606247
"linear_ar1_n1000",446,2066592248,2066622248,2066652248,2066602248,2066603248,2066604248,2066605248,2066606248
"linear_ar1_n1000",447,2066592249,2066622249,2066652249,2066602249,2066603249,2066604249,2066605249,2066606249
"linear_ar1_n1000",448,2066592250,2066622250,2066652250,2066602250,2066603250,2066604250,2066605250,2066606250
"linear_ar1_n1000",449,2066592251,2066622251,2066652251,2066602251,2066603251,2066604251,2066605251,2066606251
"linear_ar1_n1000",450,2066592252,2066622252,2066652252,2066602252,2066603252,2066604252,2066605252,2066606252
"linear_ar1_n1000",451,2066592253,2066622253,2066652253,2066602253,2066603253,2066604253,2066605253,2066606253
"linear_ar1_n1000",452,2066592254,2066622254,2066652254,2066602254,2066603254,2066604254,2066605254,2066606254
"linear_ar1_n1000",453,2066592255,2066622255,2066652255,2066602255,2066603255,2066604255,2066605255,2066606255
"linear_ar1_n1000",454,2066592256,2066622256,2066652256,2066602256,2066603256,2066604256,2066605256,2066606256
"linear_ar1_n1000",455,2066592257,2066622257,2066652257,2066602257,2066603257,2066604257,2066605257,2066606257
"linear_ar1_n1000",456,2066592258,2066622258,2066652258,2066602258,2066603258,2066604258,2066605258,2066606258
"linear_ar1_n1000",457,2066592259,2066622259,2066652259,2066602259,2066603259,2066604259,2066605259,2066606259
"linear_ar1_n1000",458,2066592260,2066622260,2066652260,2066602260,2066603260,2066604260,2066605260,2066606260
"linear_ar1_n1000",459,2066592261,2066622261,2066652261,2066602261,2066603261,2066604261,2066605261,2066606261
"linear_ar1_n1000",460,2066592262,2066622262,2066652262,2066602262,2066603262,2066604262,2066605262,2066606262
"linear_ar1_n1000",461,2066592263,2066622263,2066652263,2066602263,2066603263,2066604263,2066605263,2066606263
"linear_ar1_n1000",462,2066592264,2066622264,2066652264,2066602264,2066603264,2066604264,2066605264,2066606264
"linear_ar1_n1000",463,2066592265,2066622265,2066652265,2066602265,2066603265,2066604265,2066605265,2066606265
"linear_ar1_n1000",464,2066592266,2066622266,2066652266,2066602266,2066603266,2066604266,2066605266,2066606266
"linear_ar1_n1000",465,2066592267,2066622267,2066652267,2066602267,2066603267,2066604267,2066605267,2066606267
"linear_ar1_n1000",466,2066592268,2066622268,2066652268,2066602268,2066603268,2066604268,2066605268,2066606268
"linear_ar1_n1000",467,2066592269,2066622269,2066652269,2066602269,2066603269,2066604269,2066605269,2066606269
"linear_ar1_n1000",468,2066592270,2066622270,2066652270,2066602270,2066603270,2066604270,2066605270,2066606270
"linear_ar1_n1000",469,2066592271,2066622271,2066652271,2066602271,2066603271,2066604271,2066605271,2066606271
"linear_ar1_n1000",470,2066592272,2066622272,2066652272,2066602272,2066603272,2066604272,2066605272,2066606272
"linear_ar1_n1000",471,2066592273,2066622273,2066652273,2066602273,2066603273,2066604273,2066605273,2066606273
"linear_ar1_n1000",472,2066592274,2066622274,2066652274,2066602274,2066603274,2066604274,2066605274,2066606274
"linear_ar1_n1000",473,2066592275,2066622275,2066652275,2066602275,2066603275,2066604275,2066605275,2066606275
"linear_ar1_n1000",474,2066592276,2066622276,2066652276,2066602276,2066603276,2066604276,2066605276,2066606276
"linear_ar1_n1000",475,2066592277,2066622277,2066652277,2066602277,2066603277,2066604277,2066605277,2066606277
"linear_ar1_n1000",476,2066592278,2066622278,2066652278,2066602278,2066603278,2066604278,2066605278,2066606278
"linear_ar1_n1000",477,2066592279,2066622279,2066652279,2066602279,2066603279,2066604279,2066605279,2066606279
"linear_ar1_n1000",478,2066592280,2066622280,2066652280,2066602280,2066603280,2066604280,2066605280,2066606280
"linear_ar1_n1000",479,2066592281,2066622281,2066652281,2066602281,2066603281,2066604281,2066605281,2066606281
"linear_ar1_n1000",480,2066592282,2066622282,2066652282,2066602282,2066603282,2066604282,2066605282,2066606282
"linear_ar1_n1000",481,2066592283,2066622283,2066652283,2066602283,2066603283,2066604283,2066605283,2066606283
"linear_ar1_n1000",482,2066592284,2066622284,2066652284,2066602284,2066603284,2066604284,2066605284,2066606284
"linear_ar1_n1000",483,2066592285,2066622285,2066652285,2066602285,2066603285,2066604285,2066605285,2066606285
"linear_ar1_n1000",484,2066592286,2066622286,2066652286,2066602286,2066603286,2066604286,2066605286,2066606286
"linear_ar1_n1000",485,2066592287,2066622287,2066652287,2066602287,2066603287,2066604287,2066605287,2066606287
"linear_ar1_n1000",486,2066592288,2066622288,2066652288,2066602288,2066603288,2066604288,2066605288,2066606288
"linear_ar1_n1000",487,2066592289,2066622289,2066652289,2066602289,2066603289,2066604289,2066605289,2066606289
"linear_ar1_n1000",488,2066592290,2066622290,2066652290,2066602290,2066603290,2066604290,2066605290,2066606290
"linear_ar1_n1000",489,2066592291,2066622291,2066652291,2066602291,2066603291,2066604291,2066605291,2066606291
"linear_ar1_n1000",490,2066592292,2066622292,2066652292,2066602292,2066603292,2066604292,2066605292,2066606292
"linear_ar1_n1000",491,2066592293,2066622293,2066652293,2066602293,2066603293,2066604293,2066605293,2066606293
"linear_ar1_n1000",492,2066592294,2066622294,2066652294,2066602294,2066603294,2066604294,2066605294,2066606294
"linear_ar1_n1000",493,2066592295,2066622295,2066652295,2066602295,2066603295,2066604295,2066605295,2066606295
"linear_ar1_n1000",494,2066592296,2066622296,2066652296,2066602296,2066603296,2066604296,2066605296,2066606296
"linear_ar1_n1000",495,2066592297,2066622297,2066652297,2066602297,2066603297,2066604297,2066605297,2066606297
"linear_ar1_n1000",496,2066592298,2066622298,2066652298,2066602298,2066603298,2066604298,2066605298,2066606298
"linear_ar1_n1000",497,2066592299,2066622299,2066652299,2066602299,2066603299,2066604299,2066605299,2066606299
"linear_ar1_n1000",498,2066592300,2066622300,2066652300,2066602300,2066603300,2066604300,2066605300,2066606300
"linear_ar1_n1000",499,2066592301,2066622301,2066652301,2066602301,2066603301,2066604301,2066605301,2066606301
"linear_ar1_n1000",500,2066592302,2066622302,2066652302,2066602302,2066603302,2066604302,2066605302,2066606302
"linear_ar1_n1000",501,2066592303,2066622303,2066652303,2066602303,2066603303,2066604303,2066605303,2066606303
"linear_ar1_n1000",502,2066592304,2066622304,2066652304,2066602304,2066603304,2066604304,2066605304,2066606304
"linear_ar1_n1000",503,2066592305,2066622305,2066652305,2066602305,2066603305,2066604305,2066605305,2066606305
"linear_ar1_n1000",504,2066592306,2066622306,2066652306,2066602306,2066603306,2066604306,2066605306,2066606306
"linear_ar1_n1000",505,2066592307,2066622307,2066652307,2066602307,2066603307,2066604307,2066605307,2066606307
"linear_ar1_n1000",506,2066592308,2066622308,2066652308,2066602308,2066603308,2066604308,2066605308,2066606308
"linear_ar1_n1000",507,2066592309,2066622309,2066652309,2066602309,2066603309,2066604309,2066605309,2066606309
"linear_ar1_n1000",508,2066592310,2066622310,2066652310,2066602310,2066603310,2066604310,2066605310,2066606310
"linear_ar1_n1000",509,2066592311,2066622311,2066652311,2066602311,2066603311,2066604311,2066605311,2066606311
"linear_ar1_n1000",510,2066592312,2066622312,2066652312,2066602312,2066603312,2066604312,2066605312,2066606312
"linear_ar1_n1000",511,2066592313,2066622313,2066652313,2066602313,2066603313,2066604313,2066605313,2066606313
"linear_ar1_n1000",512,2066592314,2066622314,2066652314,2066602314,2066603314,2066604314,2066605314,2066606314
"linear_ar1_n1000",513,2066592315,2066622315,2066652315,2066602315,2066603315,2066604315,2066605315,2066606315
"linear_ar1_n1000",514,2066592316,2066622316,2066652316,2066602316,2066603316,2066604316,2066605316,2066606316
"linear_ar1_n1000",515,2066592317,2066622317,2066652317,2066602317,2066603317,2066604317,2066605317,2066606317
"linear_ar1_n1000",516,2066592318,2066622318,2066652318,2066602318,2066603318,2066604318,2066605318,2066606318
"linear_ar1_n1000",517,2066592319,2066622319,2066652319,2066602319,2066603319,2066604319,2066605319,2066606319
"linear_ar1_n1000",518,2066592320,2066622320,2066652320,2066602320,2066603320,2066604320,2066605320,2066606320
"linear_ar1_n1000",519,2066592321,2066622321,2066652321,2066602321,2066603321,2066604321,2066605321,2066606321
"linear_ar1_n1000",520,2066592322,2066622322,2066652322,2066602322,2066603322,2066604322,2066605322,2066606322
"linear_ar1_n1000",521,2066592323,2066622323,2066652323,2066602323,2066603323,2066604323,2066605323,2066606323
"linear_ar1_n1000",522,2066592324,2066622324,2066652324,2066602324,2066603324,2066604324,2066605324,2066606324
"linear_ar1_n1000",523,2066592325,2066622325,2066652325,2066602325,2066603325,2066604325,2066605325,2066606325
"linear_ar1_n1000",524,2066592326,2066622326,2066652326,2066602326,2066603326,2066604326,2066605326,2066606326
"linear_ar1_n1000",525,2066592327,2066622327,2066652327,2066602327,2066603327,2066604327,2066605327,2066606327
"linear_ar1_n1000",526,2066592328,2066622328,2066652328,2066602328,2066603328,2066604328,2066605328,2066606328
"linear_ar1_n1000",527,2066592329,2066622329,2066652329,2066602329,2066603329,2066604329,2066605329,2066606329
"linear_ar1_n1000",528,2066592330,2066622330,2066652330,2066602330,2066603330,2066604330,2066605330,2066606330
"linear_ar1_n1000",529,2066592331,2066622331,2066652331,2066602331,2066603331,2066604331,2066605331,2066606331
"linear_ar1_n1000",530,2066592332,2066622332,2066652332,2066602332,2066603332,2066604332,2066605332,2066606332
"linear_ar1_n1000",531,2066592333,2066622333,2066652333,2066602333,2066603333,2066604333,2066605333,2066606333
"linear_ar1_n1000",532,2066592334,2066622334,2066652334,2066602334,2066603334,2066604334,2066605334,2066606334
"linear_ar1_n1000",533,2066592335,2066622335,2066652335,2066602335,2066603335,2066604335,2066605335,2066606335
"linear_ar1_n1000",534,2066592336,2066622336,2066652336,2066602336,2066603336,2066604336,2066605336,2066606336
"linear_ar1_n1000",535,2066592337,2066622337,2066652337,2066602337,2066603337,2066604337,2066605337,2066606337
"linear_ar1_n1000",536,2066592338,2066622338,2066652338,2066602338,2066603338,2066604338,2066605338,2066606338
"linear_ar1_n1000",537,2066592339,2066622339,2066652339,2066602339,2066603339,2066604339,2066605339,2066606339
"linear_ar1_n1000",538,2066592340,2066622340,2066652340,2066602340,2066603340,2066604340,2066605340,2066606340
"linear_ar1_n1000",539,2066592341,2066622341,2066652341,2066602341,2066603341,2066604341,2066605341,2066606341
"linear_ar1_n1000",540,2066592342,2066622342,2066652342,2066602342,2066603342,2066604342,2066605342,2066606342
"linear_ar1_n1000",541,2066592343,2066622343,2066652343,2066602343,2066603343,2066604343,2066605343,2066606343
"linear_ar1_n1000",542,2066592344,2066622344,2066652344,2066602344,2066603344,2066604344,2066605344,2066606344
"linear_ar1_n1000",543,2066592345,2066622345,2066652345,2066602345,2066603345,2066604345,2066605345,2066606345
"linear_ar1_n1000",544,2066592346,2066622346,2066652346,2066602346,2066603346,2066604346,2066605346,2066606346
"linear_ar1_n1000",545,2066592347,2066622347,2066652347,2066602347,2066603347,2066604347,2066605347,2066606347
"linear_ar1_n1000",546,2066592348,2066622348,2066652348,2066602348,2066603348,2066604348,2066605348,2066606348
"linear_ar1_n1000",547,2066592349,2066622349,2066652349,2066602349,2066603349,2066604349,2066605349,2066606349
"linear_ar1_n1000",548,2066592350,2066622350,2066652350,2066602350,2066603350,2066604350,2066605350,2066606350
"linear_ar1_n1000",549,2066592351,2066622351,2066652351,2066602351,2066603351,2066604351,2066605351,2066606351
"linear_ar1_n1000",550,2066592352,2066622352,2066652352,2066602352,2066603352,2066604352,2066605352,2066606352
"linear_ar1_n1000",551,2066592353,2066622353,2066652353,2066602353,2066603353,2066604353,2066605353,2066606353
"linear_ar1_n1000",552,2066592354,2066622354,2066652354,2066602354,2066603354,2066604354,2066605354,2066606354
"linear_ar1_n1000",553,2066592355,2066622355,2066652355,2066602355,2066603355,2066604355,2066605355,2066606355
"linear_ar1_n1000",554,2066592356,2066622356,2066652356,2066602356,2066603356,2066604356,2066605356,2066606356
"linear_ar1_n1000",555,2066592357,2066622357,2066652357,2066602357,2066603357,2066604357,2066605357,2066606357
"linear_ar1_n1000",556,2066592358,2066622358,2066652358,2066602358,2066603358,2066604358,2066605358,2066606358
"linear_ar1_n1000",557,2066592359,2066622359,2066652359,2066602359,2066603359,2066604359,2066605359,2066606359
"linear_ar1_n1000",558,2066592360,2066622360,2066652360,2066602360,2066603360,2066604360,2066605360,2066606360
"linear_ar1_n1000",559,2066592361,2066622361,2066652361,2066602361,2066603361,2066604361,2066605361,2066606361
"linear_ar1_n1000",560,2066592362,2066622362,2066652362,2066602362,2066603362,2066604362,2066605362,2066606362
"linear_ar1_n1000",561,2066592363,2066622363,2066652363,2066602363,2066603363,2066604363,2066605363,2066606363
"linear_ar1_n1000",562,2066592364,2066622364,2066652364,2066602364,2066603364,2066604364,2066605364,2066606364
"linear_ar1_n1000",563,2066592365,2066622365,2066652365,2066602365,2066603365,2066604365,2066605365,2066606365
"linear_ar1_n1000",564,2066592366,2066622366,2066652366,2066602366,2066603366,2066604366,2066605366,2066606366
"linear_ar1_n1000",565,2066592367,2066622367,2066652367,2066602367,2066603367,2066604367,2066605367,2066606367
"linear_ar1_n1000",566,2066592368,2066622368,2066652368,2066602368,2066603368,2066604368,2066605368,2066606368
"linear_ar1_n1000",567,2066592369,2066622369,2066652369,2066602369,2066603369,2066604369,2066605369,2066606369
"linear_ar1_n1000",568,2066592370,2066622370,2066652370,2066602370,2066603370,2066604370,2066605370,2066606370
"linear_ar1_n1000",569,2066592371,2066622371,2066652371,2066602371,2066603371,2066604371,2066605371,2066606371
"linear_ar1_n1000",570,2066592372,2066622372,2066652372,2066602372,2066603372,2066604372,2066605372,2066606372
"linear_ar1_n1000",571,2066592373,2066622373,2066652373,2066602373,2066603373,2066604373,2066605373,2066606373
"linear_ar1_n1000",572,2066592374,2066622374,2066652374,2066602374,2066603374,2066604374,2066605374,2066606374
"linear_ar1_n1000",573,2066592375,2066622375,2066652375,2066602375,2066603375,2066604375,2066605375,2066606375
"linear_ar1_n1000",574,2066592376,2066622376,2066652376,2066602376,2066603376,2066604376,2066605376,2066606376
"linear_ar1_n1000",575,2066592377,2066622377,2066652377,2066602377,2066603377,2066604377,2066605377,2066606377
"linear_ar1_n1000",576,2066592378,2066622378,2066652378,2066602378,2066603378,2066604378,2066605378,2066606378
"linear_ar1_n1000",577,2066592379,2066622379,2066652379,2066602379,2066603379,2066604379,2066605379,2066606379
"linear_ar1_n1000",578,2066592380,2066622380,2066652380,2066602380,2066603380,2066604380,2066605380,2066606380
"linear_ar1_n1000",579,2066592381,2066622381,2066652381,2066602381,2066603381,2066604381,2066605381,2066606381
"linear_ar1_n1000",580,2066592382,2066622382,2066652382,2066602382,2066603382,2066604382,2066605382,2066606382
"linear_ar1_n1000",581,2066592383,2066622383,2066652383,2066602383,2066603383,2066604383,2066605383,2066606383
"linear_ar1_n1000",582,2066592384,2066622384,2066652384,2066602384,2066603384,2066604384,2066605384,2066606384
"linear_ar1_n1000",583,2066592385,2066622385,2066652385,2066602385,2066603385,2066604385,2066605385,2066606385
"linear_ar1_n1000",584,2066592386,2066622386,2066652386,2066602386,2066603386,2066604386,2066605386,2066606386
"linear_ar1_n1000",585,2066592387,2066622387,2066652387,2066602387,2066603387,2066604387,2066605387,2066606387
"linear_ar1_n1000",586,2066592388,2066622388,2066652388,2066602388,2066603388,2066604388,2066605388,2066606388
"linear_ar1_n1000",587,2066592389,2066622389,2066652389,2066602389,2066603389,2066604389,2066605389,2066606389
"linear_ar1_n1000",588,2066592390,2066622390,2066652390,2066602390,2066603390,2066604390,2066605390,2066606390
"linear_ar1_n1000",589,2066592391,2066622391,2066652391,2066602391,2066603391,2066604391,2066605391,2066606391
"linear_ar1_n1000",590,2066592392,2066622392,2066652392,2066602392,2066603392,2066604392,2066605392,2066606392
"linear_ar1_n1000",591,2066592393,2066622393,2066652393,2066602393,2066603393,2066604393,2066605393,2066606393
"linear_ar1_n1000",592,2066592394,2066622394,2066652394,2066602394,2066603394,2066604394,2066605394,2066606394
"linear_ar1_n1000",593,2066592395,2066622395,2066652395,2066602395,2066603395,2066604395,2066605395,2066606395
"linear_ar1_n1000",594,2066592396,2066622396,2066652396,2066602396,2066603396,2066604396,2066605396,2066606396
"linear_ar1_n1000",595,2066592397,2066622397,2066652397,2066602397,2066603397,2066604397,2066605397,2066606397
"linear_ar1_n1000",596,2066592398,2066622398,2066652398,2066602398,2066603398,2066604398,2066605398,2066606398
"linear_ar1_n1000",597,2066592399,2066622399,2066652399,2066602399,2066603399,2066604399,2066605399,2066606399
"linear_ar1_n1000",598,2066592400,2066622400,2066652400,2066602400,2066603400,2066604400,2066605400,2066606400
"linear_ar1_n1000",599,2066592401,2066622401,2066652401,2066602401,2066603401,2066604401,2066605401,2066606401
"linear_ar1_n1000",600,2066592402,2066622402,2066652402,2066602402,2066603402,2066604402,2066605402,2066606402
"linear_ar1_n1000",601,2066592403,2066622403,2066652403,2066602403,2066603403,2066604403,2066605403,2066606403
"linear_ar1_n1000",602,2066592404,2066622404,2066652404,2066602404,2066603404,2066604404,2066605404,2066606404
"linear_ar1_n1000",603,2066592405,2066622405,2066652405,2066602405,2066603405,2066604405,2066605405,2066606405
"linear_ar1_n1000",604,2066592406,2066622406,2066652406,2066602406,2066603406,2066604406,2066605406,2066606406
"linear_ar1_n1000",605,2066592407,2066622407,2066652407,2066602407,2066603407,2066604407,2066605407,2066606407
"linear_ar1_n1000",606,2066592408,2066622408,2066652408,2066602408,2066603408,2066604408,2066605408,2066606408
"linear_ar1_n1000",607,2066592409,2066622409,2066652409,2066602409,2066603409,2066604409,2066605409,2066606409
"linear_ar1_n1000",608,2066592410,2066622410,2066652410,2066602410,2066603410,2066604410,2066605410,2066606410
"linear_ar1_n1000",609,2066592411,2066622411,2066652411,2066602411,2066603411,2066604411,2066605411,2066606411
"linear_ar1_n1000",610,2066592412,2066622412,2066652412,2066602412,2066603412,2066604412,2066605412,2066606412
"linear_ar1_n1000",611,2066592413,2066622413,2066652413,2066602413,2066603413,2066604413,2066605413,2066606413
"linear_ar1_n1000",612,2066592414,2066622414,2066652414,2066602414,2066603414,2066604414,2066605414,2066606414
"linear_ar1_n1000",613,2066592415,2066622415,2066652415,2066602415,2066603415,2066604415,2066605415,2066606415
"linear_ar1_n1000",614,2066592416,2066622416,2066652416,2066602416,2066603416,2066604416,2066605416,2066606416
"linear_ar1_n1000",615,2066592417,2066622417,2066652417,2066602417,2066603417,2066604417,2066605417,2066606417
"linear_ar1_n1000",616,2066592418,2066622418,2066652418,2066602418,2066603418,2066604418,2066605418,2066606418
"linear_ar1_n1000",617,2066592419,2066622419,2066652419,2066602419,2066603419,2066604419,2066605419,2066606419
"linear_ar1_n1000",618,2066592420,2066622420,2066652420,2066602420,2066603420,2066604420,2066605420,2066606420
"linear_ar1_n1000",619,2066592421,2066622421,2066652421,2066602421,2066603421,2066604421,2066605421,2066606421
"linear_ar1_n1000",620,2066592422,2066622422,2066652422,2066602422,2066603422,2066604422,2066605422,2066606422
"linear_ar1_n1000",621,2066592423,2066622423,2066652423,2066602423,2066603423,2066604423,2066605423,2066606423
"linear_ar1_n1000",622,2066592424,2066622424,2066652424,2066602424,2066603424,2066604424,2066605424,2066606424
"linear_ar1_n1000",623,2066592425,2066622425,2066652425,2066602425,2066603425,2066604425,2066605425,2066606425
"linear_ar1_n1000",624,2066592426,2066622426,2066652426,2066602426,2066603426,2066604426,2066605426,2066606426
"linear_ar1_n1000",625,2066592427,2066622427,2066652427,2066602427,2066603427,2066604427,2066605427,2066606427
"linear_ar1_n1000",626,2066592428,2066622428,2066652428,2066602428,2066603428,2066604428,2066605428,2066606428
"linear_ar1_n1000",627,2066592429,2066622429,2066652429,2066602429,2066603429,2066604429,2066605429,2066606429
"linear_ar1_n1000",628,2066592430,2066622430,2066652430,2066602430,2066603430,2066604430,2066605430,2066606430
"linear_ar1_n1000",629,2066592431,2066622431,2066652431,2066602431,2066603431,2066604431,2066605431,2066606431
"linear_ar1_n1000",630,2066592432,2066622432,2066652432,2066602432,2066603432,2066604432,2066605432,2066606432
"linear_ar1_n1000",631,2066592433,2066622433,2066652433,2066602433,2066603433,2066604433,2066605433,2066606433
"linear_ar1_n1000",632,2066592434,2066622434,2066652434,2066602434,2066603434,2066604434,2066605434,2066606434
"linear_ar1_n1000",633,2066592435,2066622435,2066652435,2066602435,2066603435,2066604435,2066605435,2066606435
"linear_ar1_n1000",634,2066592436,2066622436,2066652436,2066602436,2066603436,2066604436,2066605436,2066606436
"linear_ar1_n1000",635,2066592437,2066622437,2066652437,2066602437,2066603437,2066604437,2066605437,2066606437
"linear_ar1_n1000",636,2066592438,2066622438,2066652438,2066602438,2066603438,2066604438,2066605438,2066606438
"linear_ar1_n1000",637,2066592439,2066622439,2066652439,2066602439,2066603439,2066604439,2066605439,2066606439
"linear_ar1_n1000",638,2066592440,2066622440,2066652440,2066602440,2066603440,2066604440,2066605440,2066606440
"linear_ar1_n1000",639,2066592441,2066622441,2066652441,2066602441,2066603441,2066604441,2066605441,2066606441
"linear_ar1_n1000",640,2066592442,2066622442,2066652442,2066602442,2066603442,2066604442,2066605442,2066606442
"linear_ar1_n1000",641,2066592443,2066622443,2066652443,2066602443,2066603443,2066604443,2066605443,2066606443
"linear_ar1_n1000",642,2066592444,2066622444,2066652444,2066602444,2066603444,2066604444,2066605444,2066606444
"linear_ar1_n1000",643,2066592445,2066622445,2066652445,2066602445,2066603445,2066604445,2066605445,2066606445
"linear_ar1_n1000",644,2066592446,2066622446,2066652446,2066602446,2066603446,2066604446,2066605446,2066606446
"linear_ar1_n1000",645,2066592447,2066622447,2066652447,2066602447,2066603447,2066604447,2066605447,2066606447
"linear_ar1_n1000",646,2066592448,2066622448,2066652448,2066602448,2066603448,2066604448,2066605448,2066606448
"linear_ar1_n1000",647,2066592449,2066622449,2066652449,2066602449,2066603449,2066604449,2066605449,2066606449
"linear_ar1_n1000",648,2066592450,2066622450,2066652450,2066602450,2066603450,2066604450,2066605450,2066606450
"linear_ar1_n1000",649,2066592451,2066622451,2066652451,2066602451,2066603451,2066604451,2066605451,2066606451
"linear_ar1_n1000",650,2066592452,2066622452,2066652452,2066602452,2066603452,2066604452,2066605452,2066606452
"linear_ar1_n1000",651,2066592453,2066622453,2066652453,2066602453,2066603453,2066604453,2066605453,2066606453
"linear_ar1_n1000",652,2066592454,2066622454,2066652454,2066602454,2066603454,2066604454,2066605454,2066606454
"linear_ar1_n1000",653,2066592455,2066622455,2066652455,2066602455,2066603455,2066604455,2066605455,2066606455
"linear_ar1_n1000",654,2066592456,2066622456,2066652456,2066602456,2066603456,2066604456,2066605456,2066606456
"linear_ar1_n1000",655,2066592457,2066622457,2066652457,2066602457,2066603457,2066604457,2066605457,2066606457
"linear_ar1_n1000",656,2066592458,2066622458,2066652458,2066602458,2066603458,2066604458,2066605458,2066606458
"linear_ar1_n1000",657,2066592459,2066622459,2066652459,2066602459,2066603459,2066604459,2066605459,2066606459
"linear_ar1_n1000",658,2066592460,2066622460,2066652460,2066602460,2066603460,2066604460,2066605460,2066606460
"linear_ar1_n1000",659,2066592461,2066622461,2066652461,2066602461,2066603461,2066604461,2066605461,2066606461
"linear_ar1_n1000",660,2066592462,2066622462,2066652462,2066602462,2066603462,2066604462,2066605462,2066606462
"linear_ar1_n1000",661,2066592463,2066622463,2066652463,2066602463,2066603463,2066604463,2066605463,2066606463
"linear_ar1_n1000",662,2066592464,2066622464,2066652464,2066602464,2066603464,2066604464,2066605464,2066606464
"linear_ar1_n1000",663,2066592465,2066622465,2066652465,2066602465,2066603465,2066604465,2066605465,2066606465
"linear_ar1_n1000",664,2066592466,2066622466,2066652466,2066602466,2066603466,2066604466,2066605466,2066606466
"linear_ar1_n1000",665,2066592467,2066622467,2066652467,2066602467,2066603467,2066604467,2066605467,2066606467
"linear_ar1_n1000",666,2066592468,2066622468,2066652468,2066602468,2066603468,2066604468,2066605468,2066606468
"linear_ar1_n1000",667,2066592469,2066622469,2066652469,2066602469,2066603469,2066604469,2066605469,2066606469
"linear_ar1_n1000",668,2066592470,2066622470,2066652470,2066602470,2066603470,2066604470,2066605470,2066606470
"linear_ar1_n1000",669,2066592471,2066622471,2066652471,2066602471,2066603471,2066604471,2066605471,2066606471
"linear_ar1_n1000",670,2066592472,2066622472,2066652472,2066602472,2066603472,2066604472,2066605472,2066606472
"linear_ar1_n1000",671,2066592473,2066622473,2066652473,2066602473,2066603473,2066604473,2066605473,2066606473
"linear_ar1_n1000",672,2066592474,2066622474,2066652474,2066602474,2066603474,2066604474,2066605474,2066606474
"linear_ar1_n1000",673,2066592475,2066622475,2066652475,2066602475,2066603475,2066604475,2066605475,2066606475
"linear_ar1_n1000",674,2066592476,2066622476,2066652476,2066602476,2066603476,2066604476,2066605476,2066606476
"linear_ar1_n1000",675,2066592477,2066622477,2066652477,2066602477,2066603477,2066604477,2066605477,2066606477
"linear_ar1_n1000",676,2066592478,2066622478,2066652478,2066602478,2066603478,2066604478,2066605478,2066606478
"linear_ar1_n1000",677,2066592479,2066622479,2066652479,2066602479,2066603479,2066604479,2066605479,2066606479
"linear_ar1_n1000",678,2066592480,2066622480,2066652480,2066602480,2066603480,2066604480,2066605480,2066606480
"linear_ar1_n1000",679,2066592481,2066622481,2066652481,2066602481,2066603481,2066604481,2066605481,2066606481
"linear_ar1_n1000",680,2066592482,2066622482,2066652482,2066602482,2066603482,2066604482,2066605482,2066606482
"linear_ar1_n1000",681,2066592483,2066622483,2066652483,2066602483,2066603483,2066604483,2066605483,2066606483
"linear_ar1_n1000",682,2066592484,2066622484,2066652484,2066602484,2066603484,2066604484,2066605484,2066606484
"linear_ar1_n1000",683,2066592485,2066622485,2066652485,2066602485,2066603485,2066604485,2066605485,2066606485
"linear_ar1_n1000",684,2066592486,2066622486,2066652486,2066602486,2066603486,2066604486,2066605486,2066606486
"linear_ar1_n1000",685,2066592487,2066622487,2066652487,2066602487,2066603487,2066604487,2066605487,2066606487
"linear_ar1_n1000",686,2066592488,2066622488,2066652488,2066602488,2066603488,2066604488,2066605488,2066606488
"linear_ar1_n1000",687,2066592489,2066622489,2066652489,2066602489,2066603489,2066604489,2066605489,2066606489
"linear_ar1_n1000",688,2066592490,2066622490,2066652490,2066602490,2066603490,2066604490,2066605490,2066606490
"linear_ar1_n1000",689,2066592491,2066622491,2066652491,2066602491,2066603491,2066604491,2066605491,2066606491
"linear_ar1_n1000",690,2066592492,2066622492,2066652492,2066602492,2066603492,2066604492,2066605492,2066606492
"linear_ar1_n1000",691,2066592493,2066622493,2066652493,2066602493,2066603493,2066604493,2066605493,2066606493
"linear_ar1_n1000",692,2066592494,2066622494,2066652494,2066602494,2066603494,2066604494,2066605494,2066606494
"linear_ar1_n1000",693,2066592495,2066622495,2066652495,2066602495,2066603495,2066604495,2066605495,2066606495
"linear_ar1_n1000",694,2066592496,2066622496,2066652496,2066602496,2066603496,2066604496,2066605496,2066606496
"linear_ar1_n1000",695,2066592497,2066622497,2066652497,2066602497,2066603497,2066604497,2066605497,2066606497
"linear_ar1_n1000",696,2066592498,2066622498,2066652498,2066602498,2066603498,2066604498,2066605498,2066606498
"linear_ar1_n1000",697,2066592499,2066622499,2066652499,2066602499,2066603499,2066604499,2066605499,2066606499
"linear_ar1_n1000",698,2066592500,2066622500,2066652500,2066602500,2066603500,2066604500,2066605500,2066606500
"linear_ar1_n1000",699,2066592501,2066622501,2066652501,2066602501,2066603501,2066604501,2066605501,2066606501
"linear_ar1_n1000",700,2066592502,2066622502,2066652502,2066602502,2066603502,2066604502,2066605502,2066606502
"linear_ar1_n1000",701,2066592503,2066622503,2066652503,2066602503,2066603503,2066604503,2066605503,2066606503
"linear_ar1_n1000",702,2066592504,2066622504,2066652504,2066602504,2066603504,2066604504,2066605504,2066606504
"linear_ar1_n1000",703,2066592505,2066622505,2066652505,2066602505,2066603505,2066604505,2066605505,2066606505
"linear_ar1_n1000",704,2066592506,2066622506,2066652506,2066602506,2066603506,2066604506,2066605506,2066606506
"linear_ar1_n1000",705,2066592507,2066622507,2066652507,2066602507,2066603507,2066604507,2066605507,2066606507
"linear_ar1_n1000",706,2066592508,2066622508,2066652508,2066602508,2066603508,2066604508,2066605508,2066606508
"linear_ar1_n1000",707,2066592509,2066622509,2066652509,2066602509,2066603509,2066604509,2066605509,2066606509
"linear_ar1_n1000",708,2066592510,2066622510,2066652510,2066602510,2066603510,2066604510,2066605510,2066606510
"linear_ar1_n1000",709,2066592511,2066622511,2066652511,2066602511,2066603511,2066604511,2066605511,2066606511
"linear_ar1_n1000",710,2066592512,2066622512,2066652512,2066602512,2066603512,2066604512,2066605512,2066606512
"linear_ar1_n1000",711,2066592513,2066622513,2066652513,2066602513,2066603513,2066604513,2066605513,2066606513
"linear_ar1_n1000",712,2066592514,2066622514,2066652514,2066602514,2066603514,2066604514,2066605514,2066606514
"linear_ar1_n1000",713,2066592515,2066622515,2066652515,2066602515,2066603515,2066604515,2066605515,2066606515
"linear_ar1_n1000",714,2066592516,2066622516,2066652516,2066602516,2066603516,2066604516,2066605516,2066606516
"linear_ar1_n1000",715,2066592517,2066622517,2066652517,2066602517,2066603517,2066604517,2066605517,2066606517
"linear_ar1_n1000",716,2066592518,2066622518,2066652518,2066602518,2066603518,2066604518,2066605518,2066606518
"linear_ar1_n1000",717,2066592519,2066622519,2066652519,2066602519,2066603519,2066604519,2066605519,2066606519
"linear_ar1_n1000",718,2066592520,2066622520,2066652520,2066602520,2066603520,2066604520,2066605520,2066606520
"linear_ar1_n1000",719,2066592521,2066622521,2066652521,2066602521,2066603521,2066604521,2066605521,2066606521
"linear_ar1_n1000",720,2066592522,2066622522,2066652522,2066602522,2066603522,2066604522,2066605522,2066606522
"linear_ar1_n1000",721,2066592523,2066622523,2066652523,2066602523,2066603523,2066604523,2066605523,2066606523
"linear_ar1_n1000",722,2066592524,2066622524,2066652524,2066602524,2066603524,2066604524,2066605524,2066606524
"linear_ar1_n1000",723,2066592525,2066622525,2066652525,2066602525,2066603525,2066604525,2066605525,2066606525
"linear_ar1_n1000",724,2066592526,2066622526,2066652526,2066602526,2066603526,2066604526,2066605526,2066606526
"linear_ar1_n1000",725,2066592527,2066622527,2066652527,2066602527,2066603527,2066604527,2066605527,2066606527
"linear_ar1_n1000",726,2066592528,2066622528,2066652528,2066602528,2066603528,2066604528,2066605528,2066606528
"linear_ar1_n1000",727,2066592529,2066622529,2066652529,2066602529,2066603529,2066604529,2066605529,2066606529
"linear_ar1_n1000",728,2066592530,2066622530,2066652530,2066602530,2066603530,2066604530,2066605530,2066606530
"linear_ar1_n1000",729,2066592531,2066622531,2066652531,2066602531,2066603531,2066604531,2066605531,2066606531
"linear_ar1_n1000",730,2066592532,2066622532,2066652532,2066602532,2066603532,2066604532,2066605532,2066606532
"linear_ar1_n1000",731,2066592533,2066622533,2066652533,2066602533,2066603533,2066604533,2066605533,2066606533
"linear_ar1_n1000",732,2066592534,2066622534,2066652534,2066602534,2066603534,2066604534,2066605534,2066606534
"linear_ar1_n1000",733,2066592535,2066622535,2066652535,2066602535,2066603535,2066604535,2066605535,2066606535
"linear_ar1_n1000",734,2066592536,2066622536,2066652536,2066602536,2066603536,2066604536,2066605536,2066606536
"linear_ar1_n1000",735,2066592537,2066622537,2066652537,2066602537,2066603537,2066604537,2066605537,2066606537
"linear_ar1_n1000",736,2066592538,2066622538,2066652538,2066602538,2066603538,2066604538,2066605538,2066606538
"linear_ar1_n1000",737,2066592539,2066622539,2066652539,2066602539,2066603539,2066604539,2066605539,2066606539
"linear_ar1_n1000",738,2066592540,2066622540,2066652540,2066602540,2066603540,2066604540,2066605540,2066606540
"linear_ar1_n1000",739,2066592541,2066622541,2066652541,2066602541,2066603541,2066604541,2066605541,2066606541
"linear_ar1_n1000",740,2066592542,2066622542,2066652542,2066602542,2066603542,2066604542,2066605542,2066606542
"linear_ar1_n1000",741,2066592543,2066622543,2066652543,2066602543,2066603543,2066604543,2066605543,2066606543
"linear_ar1_n1000",742,2066592544,2066622544,2066652544,2066602544,2066603544,2066604544,2066605544,2066606544
"linear_ar1_n1000",743,2066592545,2066622545,2066652545,2066602545,2066603545,2066604545,2066605545,2066606545
"linear_ar1_n1000",744,2066592546,2066622546,2066652546,2066602546,2066603546,2066604546,2066605546,2066606546
"linear_ar1_n1000",745,2066592547,2066622547,2066652547,2066602547,2066603547,2066604547,2066605547,2066606547
"linear_ar1_n1000",746,2066592548,2066622548,2066652548,2066602548,2066603548,2066604548,2066605548,2066606548
"linear_ar1_n1000",747,2066592549,2066622549,2066652549,2066602549,2066603549,2066604549,2066605549,2066606549
"linear_ar1_n1000",748,2066592550,2066622550,2066652550,2066602550,2066603550,2066604550,2066605550,2066606550
"linear_ar1_n1000",749,2066592551,2066622551,2066652551,2066602551,2066603551,2066604551,2066605551,2066606551
"linear_ar1_n1000",750,2066592552,2066622552,2066652552,2066602552,2066603552,2066604552,2066605552,2066606552
"linear_ar1_n1000",751,2066592553,2066622553,2066652553,2066602553,2066603553,2066604553,2066605553,2066606553
"linear_ar1_n1000",752,2066592554,2066622554,2066652554,2066602554,2066603554,2066604554,2066605554,2066606554
"linear_ar1_n1000",753,2066592555,2066622555,2066652555,2066602555,2066603555,2066604555,2066605555,2066606555
"linear_ar1_n1000",754,2066592556,2066622556,2066652556,2066602556,2066603556,2066604556,2066605556,2066606556
"linear_ar1_n1000",755,2066592557,2066622557,2066652557,2066602557,2066603557,2066604557,2066605557,2066606557
"linear_ar1_n1000",756,2066592558,2066622558,2066652558,2066602558,2066603558,2066604558,2066605558,2066606558
"linear_ar1_n1000",757,2066592559,2066622559,2066652559,2066602559,2066603559,2066604559,2066605559,2066606559
"linear_ar1_n1000",758,2066592560,2066622560,2066652560,2066602560,2066603560,2066604560,2066605560,2066606560
"linear_ar1_n1000",759,2066592561,2066622561,2066652561,2066602561,2066603561,2066604561,2066605561,2066606561
"linear_ar1_n1000",760,2066592562,2066622562,2066652562,2066602562,2066603562,2066604562,2066605562,2066606562
"linear_ar1_n1000",761,2066592563,2066622563,2066652563,2066602563,2066603563,2066604563,2066605563,2066606563
"linear_ar1_n1000",762,2066592564,2066622564,2066652564,2066602564,2066603564,2066604564,2066605564,2066606564
"linear_ar1_n1000",763,2066592565,2066622565,2066652565,2066602565,2066603565,2066604565,2066605565,2066606565
"linear_ar1_n1000",764,2066592566,2066622566,2066652566,2066602566,2066603566,2066604566,2066605566,2066606566
"linear_ar1_n1000",765,2066592567,2066622567,2066652567,2066602567,2066603567,2066604567,2066605567,2066606567
"linear_ar1_n1000",766,2066592568,2066622568,2066652568,2066602568,2066603568,2066604568,2066605568,2066606568
"linear_ar1_n1000",767,2066592569,2066622569,2066652569,2066602569,2066603569,2066604569,2066605569,2066606569
"linear_ar1_n1000",768,2066592570,2066622570,2066652570,2066602570,2066603570,2066604570,2066605570,2066606570
"linear_ar1_n1000",769,2066592571,2066622571,2066652571,2066602571,2066603571,2066604571,2066605571,2066606571
"linear_ar1_n1000",770,2066592572,2066622572,2066652572,2066602572,2066603572,2066604572,2066605572,2066606572
"linear_ar1_n1000",771,2066592573,2066622573,2066652573,2066602573,2066603573,2066604573,2066605573,2066606573
"linear_ar1_n1000",772,2066592574,2066622574,2066652574,2066602574,2066603574,2066604574,2066605574,2066606574
"linear_ar1_n1000",773,2066592575,2066622575,2066652575,2066602575,2066603575,2066604575,2066605575,2066606575
"linear_ar1_n1000",774,2066592576,2066622576,2066652576,2066602576,2066603576,2066604576,2066605576,2066606576
"linear_ar1_n1000",775,2066592577,2066622577,2066652577,2066602577,2066603577,2066604577,2066605577,2066606577
"linear_ar1_n1000",776,2066592578,2066622578,2066652578,2066602578,2066603578,2066604578,2066605578,2066606578
"linear_ar1_n1000",777,2066592579,2066622579,2066652579,2066602579,2066603579,2066604579,2066605579,2066606579
"linear_ar1_n1000",778,2066592580,2066622580,2066652580,2066602580,2066603580,2066604580,2066605580,2066606580
"linear_ar1_n1000",779,2066592581,2066622581,2066652581,2066602581,2066603581,2066604581,2066605581,2066606581
"linear_ar1_n1000",780,2066592582,2066622582,2066652582,2066602582,2066603582,2066604582,2066605582,2066606582
"linear_ar1_n1000",781,2066592583,2066622583,2066652583,2066602583,2066603583,2066604583,2066605583,2066606583
"linear_ar1_n1000",782,2066592584,2066622584,2066652584,2066602584,2066603584,2066604584,2066605584,2066606584
"linear_ar1_n1000",783,2066592585,2066622585,2066652585,2066602585,2066603585,2066604585,2066605585,2066606585
"linear_ar1_n1000",784,2066592586,2066622586,2066652586,2066602586,2066603586,2066604586,2066605586,2066606586
"linear_ar1_n1000",785,2066592587,2066622587,2066652587,2066602587,2066603587,2066604587,2066605587,2066606587
"linear_ar1_n1000",786,2066592588,2066622588,2066652588,2066602588,2066603588,2066604588,2066605588,2066606588
"linear_ar1_n1000",787,2066592589,2066622589,2066652589,2066602589,2066603589,2066604589,2066605589,2066606589
"linear_ar1_n1000",788,2066592590,2066622590,2066652590,2066602590,2066603590,2066604590,2066605590,2066606590
"linear_ar1_n1000",789,2066592591,2066622591,2066652591,2066602591,2066603591,2066604591,2066605591,2066606591
"linear_ar1_n1000",790,2066592592,2066622592,2066652592,2066602592,2066603592,2066604592,2066605592,2066606592
"linear_ar1_n1000",791,2066592593,2066622593,2066652593,2066602593,2066603593,2066604593,2066605593,2066606593
"linear_ar1_n1000",792,2066592594,2066622594,2066652594,2066602594,2066603594,2066604594,2066605594,2066606594
"linear_ar1_n1000",793,2066592595,2066622595,2066652595,2066602595,2066603595,2066604595,2066605595,2066606595
"linear_ar1_n1000",794,2066592596,2066622596,2066652596,2066602596,2066603596,2066604596,2066605596,2066606596
"linear_ar1_n1000",795,2066592597,2066622597,2066652597,2066602597,2066603597,2066604597,2066605597,2066606597
"linear_ar1_n1000",796,2066592598,2066622598,2066652598,2066602598,2066603598,2066604598,2066605598,2066606598
"linear_ar1_n1000",797,2066592599,2066622599,2066652599,2066602599,2066603599,2066604599,2066605599,2066606599
"linear_ar1_n1000",798,2066592600,2066622600,2066652600,2066602600,2066603600,2066604600,2066605600,2066606600
"linear_ar1_n1000",799,2066592601,2066622601,2066652601,2066602601,2066603601,2066604601,2066605601,2066606601
"linear_ar1_n1000",800,2066592602,2066622602,2066652602,2066602602,2066603602,2066604602,2066605602,2066606602
"linear_ar1_n1000",801,2066592603,2066622603,2066652603,2066602603,2066603603,2066604603,2066605603,2066606603
"linear_ar1_n1000",802,2066592604,2066622604,2066652604,2066602604,2066603604,2066604604,2066605604,2066606604
"linear_ar1_n1000",803,2066592605,2066622605,2066652605,2066602605,2066603605,2066604605,2066605605,2066606605
"linear_ar1_n1000",804,2066592606,2066622606,2066652606,2066602606,2066603606,2066604606,2066605606,2066606606
"linear_ar1_n1000",805,2066592607,2066622607,2066652607,2066602607,2066603607,2066604607,2066605607,2066606607
"linear_ar1_n1000",806,2066592608,2066622608,2066652608,2066602608,2066603608,2066604608,2066605608,2066606608
"linear_ar1_n1000",807,2066592609,2066622609,2066652609,2066602609,2066603609,2066604609,2066605609,2066606609
"linear_ar1_n1000",808,2066592610,2066622610,2066652610,2066602610,2066603610,2066604610,2066605610,2066606610
"linear_ar1_n1000",809,2066592611,2066622611,2066652611,2066602611,2066603611,2066604611,2066605611,2066606611
"linear_ar1_n1000",810,2066592612,2066622612,2066652612,2066602612,2066603612,2066604612,2066605612,2066606612
"linear_ar1_n1000",811,2066592613,2066622613,2066652613,2066602613,2066603613,2066604613,2066605613,2066606613
"linear_ar1_n1000",812,2066592614,2066622614,2066652614,2066602614,2066603614,2066604614,2066605614,2066606614
"linear_ar1_n1000",813,2066592615,2066622615,2066652615,2066602615,2066603615,2066604615,2066605615,2066606615
"linear_ar1_n1000",814,2066592616,2066622616,2066652616,2066602616,2066603616,2066604616,2066605616,2066606616
"linear_ar1_n1000",815,2066592617,2066622617,2066652617,2066602617,2066603617,2066604617,2066605617,2066606617
"linear_ar1_n1000",816,2066592618,2066622618,2066652618,2066602618,2066603618,2066604618,2066605618,2066606618
"linear_ar1_n1000",817,2066592619,2066622619,2066652619,2066602619,2066603619,2066604619,2066605619,2066606619
"linear_ar1_n1000",818,2066592620,2066622620,2066652620,2066602620,2066603620,2066604620,2066605620,2066606620
"linear_ar1_n1000",819,2066592621,2066622621,2066652621,2066602621,2066603621,2066604621,2066605621,2066606621
"linear_ar1_n1000",820,2066592622,2066622622,2066652622,2066602622,2066603622,2066604622,2066605622,2066606622
"linear_ar1_n1000",821,2066592623,2066622623,2066652623,2066602623,2066603623,2066604623,2066605623,2066606623
"linear_ar1_n1000",822,2066592624,2066622624,2066652624,2066602624,2066603624,2066604624,2066605624,2066606624
"linear_ar1_n1000",823,2066592625,2066622625,2066652625,2066602625,2066603625,2066604625,2066605625,2066606625
"linear_ar1_n1000",824,2066592626,2066622626,2066652626,2066602626,2066603626,2066604626,2066605626,2066606626
"linear_ar1_n1000",825,2066592627,2066622627,2066652627,2066602627,2066603627,2066604627,2066605627,2066606627
"linear_ar1_n1000",826,2066592628,2066622628,2066652628,2066602628,2066603628,2066604628,2066605628,2066606628
"linear_ar1_n1000",827,2066592629,2066622629,2066652629,2066602629,2066603629,2066604629,2066605629,2066606629
"linear_ar1_n1000",828,2066592630,2066622630,2066652630,2066602630,2066603630,2066604630,2066605630,2066606630
"linear_ar1_n1000",829,2066592631,2066622631,2066652631,2066602631,2066603631,2066604631,2066605631,2066606631
"linear_ar1_n1000",830,2066592632,2066622632,2066652632,2066602632,2066603632,2066604632,2066605632,2066606632
"linear_ar1_n1000",831,2066592633,2066622633,2066652633,2066602633,2066603633,2066604633,2066605633,2066606633
"linear_ar1_n1000",832,2066592634,2066622634,2066652634,2066602634,2066603634,2066604634,2066605634,2066606634
"linear_ar1_n1000",833,2066592635,2066622635,2066652635,2066602635,2066603635,2066604635,2066605635,2066606635
"linear_ar1_n1000",834,2066592636,2066622636,2066652636,2066602636,2066603636,2066604636,2066605636,2066606636
"linear_ar1_n1000",835,2066592637,2066622637,2066652637,2066602637,2066603637,2066604637,2066605637,2066606637
"linear_ar1_n1000",836,2066592638,2066622638,2066652638,2066602638,2066603638,2066604638,2066605638,2066606638
"linear_ar1_n1000",837,2066592639,2066622639,2066652639,2066602639,2066603639,2066604639,2066605639,2066606639
"linear_ar1_n1000",838,2066592640,2066622640,2066652640,2066602640,2066603640,2066604640,2066605640,2066606640
"linear_ar1_n1000",839,2066592641,2066622641,2066652641,2066602641,2066603641,2066604641,2066605641,2066606641
"linear_ar1_n1000",840,2066592642,2066622642,2066652642,2066602642,2066603642,2066604642,2066605642,2066606642
"linear_ar1_n1000",841,2066592643,2066622643,2066652643,2066602643,2066603643,2066604643,2066605643,2066606643
"linear_ar1_n1000",842,2066592644,2066622644,2066652644,2066602644,2066603644,2066604644,2066605644,2066606644
"linear_ar1_n1000",843,2066592645,2066622645,2066652645,2066602645,2066603645,2066604645,2066605645,2066606645
"linear_ar1_n1000",844,2066592646,2066622646,2066652646,2066602646,2066603646,2066604646,2066605646,2066606646
"linear_ar1_n1000",845,2066592647,2066622647,2066652647,2066602647,2066603647,2066604647,2066605647,2066606647
"linear_ar1_n1000",846,2066592648,2066622648,2066652648,2066602648,2066603648,2066604648,2066605648,2066606648
"linear_ar1_n1000",847,2066592649,2066622649,2066652649,2066602649,2066603649,2066604649,2066605649,2066606649
"linear_ar1_n1000",848,2066592650,2066622650,2066652650,2066602650,2066603650,2066604650,2066605650,2066606650
"linear_ar1_n1000",849,2066592651,2066622651,2066652651,2066602651,2066603651,2066604651,2066605651,2066606651
"linear_ar1_n1000",850,2066592652,2066622652,2066652652,2066602652,2066603652,2066604652,2066605652,2066606652
"linear_ar1_n1000",851,2066592653,2066622653,2066652653,2066602653,2066603653,2066604653,2066605653,2066606653
"linear_ar1_n1000",852,2066592654,2066622654,2066652654,2066602654,2066603654,2066604654,2066605654,2066606654
"linear_ar1_n1000",853,2066592655,2066622655,2066652655,2066602655,2066603655,2066604655,2066605655,2066606655
"linear_ar1_n1000",854,2066592656,2066622656,2066652656,2066602656,2066603656,2066604656,2066605656,2066606656
"linear_ar1_n1000",855,2066592657,2066622657,2066652657,2066602657,2066603657,2066604657,2066605657,2066606657
"linear_ar1_n1000",856,2066592658,2066622658,2066652658,2066602658,2066603658,2066604658,2066605658,2066606658
"linear_ar1_n1000",857,2066592659,2066622659,2066652659,2066602659,2066603659,2066604659,2066605659,2066606659
"linear_ar1_n1000",858,2066592660,2066622660,2066652660,2066602660,2066603660,2066604660,2066605660,2066606660
"linear_ar1_n1000",859,2066592661,2066622661,2066652661,2066602661,2066603661,2066604661,2066605661,2066606661
"linear_ar1_n1000",860,2066592662,2066622662,2066652662,2066602662,2066603662,2066604662,2066605662,2066606662
"linear_ar1_n1000",861,2066592663,2066622663,2066652663,2066602663,2066603663,2066604663,2066605663,2066606663
"linear_ar1_n1000",862,2066592664,2066622664,2066652664,2066602664,2066603664,2066604664,2066605664,2066606664
"linear_ar1_n1000",863,2066592665,2066622665,2066652665,2066602665,2066603665,2066604665,2066605665,2066606665
"linear_ar1_n1000",864,2066592666,2066622666,2066652666,2066602666,2066603666,2066604666,2066605666,2066606666
"linear_ar1_n1000",865,2066592667,2066622667,2066652667,2066602667,2066603667,2066604667,2066605667,2066606667
"linear_ar1_n1000",866,2066592668,2066622668,2066652668,2066602668,2066603668,2066604668,2066605668,2066606668
"linear_ar1_n1000",867,2066592669,2066622669,2066652669,2066602669,2066603669,2066604669,2066605669,2066606669
"linear_ar1_n1000",868,2066592670,2066622670,2066652670,2066602670,2066603670,2066604670,2066605670,2066606670
"linear_ar1_n1000",869,2066592671,2066622671,2066652671,2066602671,2066603671,2066604671,2066605671,2066606671
"linear_ar1_n1000",870,2066592672,2066622672,2066652672,2066602672,2066603672,2066604672,2066605672,2066606672
"linear_ar1_n1000",871,2066592673,2066622673,2066652673,2066602673,2066603673,2066604673,2066605673,2066606673
"linear_ar1_n1000",872,2066592674,2066622674,2066652674,2066602674,2066603674,2066604674,2066605674,2066606674
"linear_ar1_n1000",873,2066592675,2066622675,2066652675,2066602675,2066603675,2066604675,2066605675,2066606675
"linear_ar1_n1000",874,2066592676,2066622676,2066652676,2066602676,2066603676,2066604676,2066605676,2066606676
"linear_ar1_n1000",875,2066592677,2066622677,2066652677,2066602677,2066603677,2066604677,2066605677,2066606677
"linear_ar1_n1000",876,2066592678,2066622678,2066652678,2066602678,2066603678,2066604678,2066605678,2066606678
"linear_ar1_n1000",877,2066592679,2066622679,2066652679,2066602679,2066603679,2066604679,2066605679,2066606679
"linear_ar1_n1000",878,2066592680,2066622680,2066652680,2066602680,2066603680,2066604680,2066605680,2066606680
"linear_ar1_n1000",879,2066592681,2066622681,2066652681,2066602681,2066603681,2066604681,2066605681,2066606681
"linear_ar1_n1000",880,2066592682,2066622682,2066652682,2066602682,2066603682,2066604682,2066605682,2066606682
"linear_ar1_n1000",881,2066592683,2066622683,2066652683,2066602683,2066603683,2066604683,2066605683,2066606683
"linear_ar1_n1000",882,2066592684,2066622684,2066652684,2066602684,2066603684,2066604684,2066605684,2066606684
"linear_ar1_n1000",883,2066592685,2066622685,2066652685,2066602685,2066603685,2066604685,2066605685,2066606685
"linear_ar1_n1000",884,2066592686,2066622686,2066652686,2066602686,2066603686,2066604686,2066605686,2066606686
"linear_ar1_n1000",885,2066592687,2066622687,2066652687,2066602687,2066603687,2066604687,2066605687,2066606687
"linear_ar1_n1000",886,2066592688,2066622688,2066652688,2066602688,2066603688,2066604688,2066605688,2066606688
"linear_ar1_n1000",887,2066592689,2066622689,2066652689,2066602689,2066603689,2066604689,2066605689,2066606689
"linear_ar1_n1000",888,2066592690,2066622690,2066652690,2066602690,2066603690,2066604690,2066605690,2066606690
"linear_ar1_n1000",889,2066592691,2066622691,2066652691,2066602691,2066603691,2066604691,2066605691,2066606691
"linear_ar1_n1000",890,2066592692,2066622692,2066652692,2066602692,2066603692,2066604692,2066605692,2066606692
"linear_ar1_n1000",891,2066592693,2066622693,2066652693,2066602693,2066603693,2066604693,2066605693,2066606693
"linear_ar1_n1000",892,2066592694,2066622694,2066652694,2066602694,2066603694,2066604694,2066605694,2066606694
"linear_ar1_n1000",893,2066592695,2066622695,2066652695,2066602695,2066603695,2066604695,2066605695,2066606695
"linear_ar1_n1000",894,2066592696,2066622696,2066652696,2066602696,2066603696,2066604696,2066605696,2066606696
"linear_ar1_n1000",895,2066592697,2066622697,2066652697,2066602697,2066603697,2066604697,2066605697,2066606697
"linear_ar1_n1000",896,2066592698,2066622698,2066652698,2066602698,2066603698,2066604698,2066605698,2066606698
"linear_ar1_n1000",897,2066592699,2066622699,2066652699,2066602699,2066603699,2066604699,2066605699,2066606699
"linear_ar1_n1000",898,2066592700,2066622700,2066652700,2066602700,2066603700,2066604700,2066605700,2066606700
"linear_ar1_n1000",899,2066592701,2066622701,2066652701,2066602701,2066603701,2066604701,2066605701,2066606701
"linear_ar1_n1000",900,2066592702,2066622702,2066652702,2066602702,2066603702,2066604702,2066605702,2066606702
"linear_ar1_n1000",901,2066592703,2066622703,2066652703,2066602703,2066603703,2066604703,2066605703,2066606703
"linear_ar1_n1000",902,2066592704,2066622704,2066652704,2066602704,2066603704,2066604704,2066605704,2066606704
"linear_ar1_n1000",903,2066592705,2066622705,2066652705,2066602705,2066603705,2066604705,2066605705,2066606705
"linear_ar1_n1000",904,2066592706,2066622706,2066652706,2066602706,2066603706,2066604706,2066605706,2066606706
"linear_ar1_n1000",905,2066592707,2066622707,2066652707,2066602707,2066603707,2066604707,2066605707,2066606707
"linear_ar1_n1000",906,2066592708,2066622708,2066652708,2066602708,2066603708,2066604708,2066605708,2066606708
"linear_ar1_n1000",907,2066592709,2066622709,2066652709,2066602709,2066603709,2066604709,2066605709,2066606709
"linear_ar1_n1000",908,2066592710,2066622710,2066652710,2066602710,2066603710,2066604710,2066605710,2066606710
"linear_ar1_n1000",909,2066592711,2066622711,2066652711,2066602711,2066603711,2066604711,2066605711,2066606711
"linear_ar1_n1000",910,2066592712,2066622712,2066652712,2066602712,2066603712,2066604712,2066605712,2066606712
"linear_ar1_n1000",911,2066592713,2066622713,2066652713,2066602713,2066603713,2066604713,2066605713,2066606713
"linear_ar1_n1000",912,2066592714,2066622714,2066652714,2066602714,2066603714,2066604714,2066605714,2066606714
"linear_ar1_n1000",913,2066592715,2066622715,2066652715,2066602715,2066603715,2066604715,2066605715,2066606715
"linear_ar1_n1000",914,2066592716,2066622716,2066652716,2066602716,2066603716,2066604716,2066605716,2066606716
"linear_ar1_n1000",915,2066592717,2066622717,2066652717,2066602717,2066603717,2066604717,2066605717,2066606717
"linear_ar1_n1000",916,2066592718,2066622718,2066652718,2066602718,2066603718,2066604718,2066605718,2066606718
"linear_ar1_n1000",917,2066592719,2066622719,2066652719,2066602719,2066603719,2066604719,2066605719,2066606719
"linear_ar1_n1000",918,2066592720,2066622720,2066652720,2066602720,2066603720,2066604720,2066605720,2066606720
"linear_ar1_n1000",919,2066592721,2066622721,2066652721,2066602721,2066603721,2066604721,2066605721,2066606721
"linear_ar1_n1000",920,2066592722,2066622722,2066652722,2066602722,2066603722,2066604722,2066605722,2066606722
"linear_ar1_n1000",921,2066592723,2066622723,2066652723,2066602723,2066603723,2066604723,2066605723,2066606723
"linear_ar1_n1000",922,2066592724,2066622724,2066652724,2066602724,2066603724,2066604724,2066605724,2066606724
"linear_ar1_n1000",923,2066592725,2066622725,2066652725,2066602725,2066603725,2066604725,2066605725,2066606725
"linear_ar1_n1000",924,2066592726,2066622726,2066652726,2066602726,2066603726,2066604726,2066605726,2066606726
"linear_ar1_n1000",925,2066592727,2066622727,2066652727,2066602727,2066603727,2066604727,2066605727,2066606727
"linear_ar1_n1000",926,2066592728,2066622728,2066652728,2066602728,2066603728,2066604728,2066605728,2066606728
"linear_ar1_n1000",927,2066592729,2066622729,2066652729,2066602729,2066603729,2066604729,2066605729,2066606729
"linear_ar1_n1000",928,2066592730,2066622730,2066652730,2066602730,2066603730,2066604730,2066605730,2066606730
"linear_ar1_n1000",929,2066592731,2066622731,2066652731,2066602731,2066603731,2066604731,2066605731,2066606731
"linear_ar1_n1000",930,2066592732,2066622732,2066652732,2066602732,2066603732,2066604732,2066605732,2066606732
"linear_ar1_n1000",931,2066592733,2066622733,2066652733,2066602733,2066603733,2066604733,2066605733,2066606733
"linear_ar1_n1000",932,2066592734,2066622734,2066652734,2066602734,2066603734,2066604734,2066605734,2066606734
"linear_ar1_n1000",933,2066592735,2066622735,2066652735,2066602735,2066603735,2066604735,2066605735,2066606735
"linear_ar1_n1000",934,2066592736,2066622736,2066652736,2066602736,2066603736,2066604736,2066605736,2066606736
"linear_ar1_n1000",935,2066592737,2066622737,2066652737,2066602737,2066603737,2066604737,2066605737,2066606737
"linear_ar1_n1000",936,2066592738,2066622738,2066652738,2066602738,2066603738,2066604738,2066605738,2066606738
"linear_ar1_n1000",937,2066592739,2066622739,2066652739,2066602739,2066603739,2066604739,2066605739,2066606739
"linear_ar1_n1000",938,2066592740,2066622740,2066652740,2066602740,2066603740,2066604740,2066605740,2066606740
"linear_ar1_n1000",939,2066592741,2066622741,2066652741,2066602741,2066603741,2066604741,2066605741,2066606741
"linear_ar1_n1000",940,2066592742,2066622742,2066652742,2066602742,2066603742,2066604742,2066605742,2066606742
"linear_ar1_n1000",941,2066592743,2066622743,2066652743,2066602743,2066603743,2066604743,2066605743,2066606743
"linear_ar1_n1000",942,2066592744,2066622744,2066652744,2066602744,2066603744,2066604744,2066605744,2066606744
"linear_ar1_n1000",943,2066592745,2066622745,2066652745,2066602745,2066603745,2066604745,2066605745,2066606745
"linear_ar1_n1000",944,2066592746,2066622746,2066652746,2066602746,2066603746,2066604746,2066605746,2066606746
"linear_ar1_n1000",945,2066592747,2066622747,2066652747,2066602747,2066603747,2066604747,2066605747,2066606747
"linear_ar1_n1000",946,2066592748,2066622748,2066652748,2066602748,2066603748,2066604748,2066605748,2066606748
"linear_ar1_n1000",947,2066592749,2066622749,2066652749,2066602749,2066603749,2066604749,2066605749,2066606749
"linear_ar1_n1000",948,2066592750,2066622750,2066652750,2066602750,2066603750,2066604750,2066605750,2066606750
"linear_ar1_n1000",949,2066592751,2066622751,2066652751,2066602751,2066603751,2066604751,2066605751,2066606751
"linear_ar1_n1000",950,2066592752,2066622752,2066652752,2066602752,2066603752,2066604752,2066605752,2066606752
"linear_ar1_n1000",951,2066592753,2066622753,2066652753,2066602753,2066603753,2066604753,2066605753,2066606753
"linear_ar1_n1000",952,2066592754,2066622754,2066652754,2066602754,2066603754,2066604754,2066605754,2066606754
"linear_ar1_n1000",953,2066592755,2066622755,2066652755,2066602755,2066603755,2066604755,2066605755,2066606755
"linear_ar1_n1000",954,2066592756,2066622756,2066652756,2066602756,2066603756,2066604756,2066605756,2066606756
"linear_ar1_n1000",955,2066592757,2066622757,2066652757,2066602757,2066603757,2066604757,2066605757,2066606757
"linear_ar1_n1000",956,2066592758,2066622758,2066652758,2066602758,2066603758,2066604758,2066605758,2066606758
"linear_ar1_n1000",957,2066592759,2066622759,2066652759,2066602759,2066603759,2066604759,2066605759,2066606759
"linear_ar1_n1000",958,2066592760,2066622760,2066652760,2066602760,2066603760,2066604760,2066605760,2066606760
"linear_ar1_n1000",959,2066592761,2066622761,2066652761,2066602761,2066603761,2066604761,2066605761,2066606761
"linear_ar1_n1000",960,2066592762,2066622762,2066652762,2066602762,2066603762,2066604762,2066605762,2066606762
"linear_ar1_n1000",961,2066592763,2066622763,2066652763,2066602763,2066603763,2066604763,2066605763,2066606763
"linear_ar1_n1000",962,2066592764,2066622764,2066652764,2066602764,2066603764,2066604764,2066605764,2066606764
"linear_ar1_n1000",963,2066592765,2066622765,2066652765,2066602765,2066603765,2066604765,2066605765,2066606765
"linear_ar1_n1000",964,2066592766,2066622766,2066652766,2066602766,2066603766,2066604766,2066605766,2066606766
"linear_ar1_n1000",965,2066592767,2066622767,2066652767,2066602767,2066603767,2066604767,2066605767,2066606767
"linear_ar1_n1000",966,2066592768,2066622768,2066652768,2066602768,2066603768,2066604768,2066605768,2066606768
"linear_ar1_n1000",967,2066592769,2066622769,2066652769,2066602769,2066603769,2066604769,2066605769,2066606769
"linear_ar1_n1000",968,2066592770,2066622770,2066652770,2066602770,2066603770,2066604770,2066605770,2066606770
"linear_ar1_n1000",969,2066592771,2066622771,2066652771,2066602771,2066603771,2066604771,2066605771,2066606771
"linear_ar1_n1000",970,2066592772,2066622772,2066652772,2066602772,2066603772,2066604772,2066605772,2066606772
"linear_ar1_n1000",971,2066592773,2066622773,2066652773,2066602773,2066603773,2066604773,2066605773,2066606773
"linear_ar1_n1000",972,2066592774,2066622774,2066652774,2066602774,2066603774,2066604774,2066605774,2066606774
"linear_ar1_n1000",973,2066592775,2066622775,2066652775,2066602775,2066603775,2066604775,2066605775,2066606775
"linear_ar1_n1000",974,2066592776,2066622776,2066652776,2066602776,2066603776,2066604776,2066605776,2066606776
"linear_ar1_n1000",975,2066592777,2066622777,2066652777,2066602777,2066603777,2066604777,2066605777,2066606777
"linear_ar1_n1000",976,2066592778,2066622778,2066652778,2066602778,2066603778,2066604778,2066605778,2066606778
"linear_ar1_n1000",977,2066592779,2066622779,2066652779,2066602779,2066603779,2066604779,2066605779,2066606779
"linear_ar1_n1000",978,2066592780,2066622780,2066652780,2066602780,2066603780,2066604780,2066605780,2066606780
"linear_ar1_n1000",979,2066592781,2066622781,2066652781,2066602781,2066603781,2066604781,2066605781,2066606781
"linear_ar1_n1000",980,2066592782,2066622782,2066652782,2066602782,2066603782,2066604782,2066605782,2066606782
"linear_ar1_n1000",981,2066592783,2066622783,2066652783,2066602783,2066603783,2066604783,2066605783,2066606783
"linear_ar1_n1000",982,2066592784,2066622784,2066652784,2066602784,2066603784,2066604784,2066605784,2066606784
"linear_ar1_n1000",983,2066592785,2066622785,2066652785,2066602785,2066603785,2066604785,2066605785,2066606785
"linear_ar1_n1000",984,2066592786,2066622786,2066652786,2066602786,2066603786,2066604786,2066605786,2066606786
"linear_ar1_n1000",985,2066592787,2066622787,2066652787,2066602787,2066603787,2066604787,2066605787,2066606787
"linear_ar1_n1000",986,2066592788,2066622788,2066652788,2066602788,2066603788,2066604788,2066605788,2066606788
"linear_ar1_n1000",987,2066592789,2066622789,2066652789,2066602789,2066603789,2066604789,2066605789,2066606789
"linear_ar1_n1000",988,2066592790,2066622790,2066652790,2066602790,2066603790,2066604790,2066605790,2066606790
"linear_ar1_n1000",989,2066592791,2066622791,2066652791,2066602791,2066603791,2066604791,2066605791,2066606791
"linear_ar1_n1000",990,2066592792,2066622792,2066652792,2066602792,2066603792,2066604792,2066605792,2066606792
"linear_ar1_n1000",991,2066592793,2066622793,2066652793,2066602793,2066603793,2066604793,2066605793,2066606793
"linear_ar1_n1000",992,2066592794,2066622794,2066652794,2066602794,2066603794,2066604794,2066605794,2066606794
"linear_ar1_n1000",993,2066592795,2066622795,2066652795,2066602795,2066603795,2066604795,2066605795,2066606795
"linear_ar1_n1000",994,2066592796,2066622796,2066652796,2066602796,2066603796,2066604796,2066605796,2066606796
"linear_ar1_n1000",995,2066592797,2066622797,2066652797,2066602797,2066603797,2066604797,2066605797,2066606797
"linear_ar1_n1000",996,2066592798,2066622798,2066652798,2066602798,2066603798,2066604798,2066605798,2066606798
"linear_ar1_n1000",997,2066592799,2066622799,2066652799,2066602799,2066603799,2066604799,2066605799,2066606799
"linear_ar1_n1000",998,2066592800,2066622800,2066652800,2066602800,2066603800,2066604800,2066605800,2066606800
"linear_ar1_n1000",999,2066592801,2066622801,2066652801,2066602801,2066603801,2066604801,2066605801,2066606801
"linear_ar1_n1000",1000,2066592802,2066622802,2066652802,2066602802,2066603802,2066604802,2066605802,2066606802
"logistic_ar1_n1000",1,2066691803,2066721803,2066751803,2066701803,2066702803,2066703803,2066704803,2066705803
"logistic_ar1_n1000",2,2066691804,2066721804,2066751804,2066701804,2066702804,2066703804,2066704804,2066705804
"logistic_ar1_n1000",3,2066691805,2066721805,2066751805,2066701805,2066702805,2066703805,2066704805,2066705805
"logistic_ar1_n1000",4,2066691806,2066721806,2066751806,2066701806,2066702806,2066703806,2066704806,2066705806
"logistic_ar1_n1000",5,2066691807,2066721807,2066751807,2066701807,2066702807,2066703807,2066704807,2066705807
"logistic_ar1_n1000",6,2066691808,2066721808,2066751808,2066701808,2066702808,2066703808,2066704808,2066705808
"logistic_ar1_n1000",7,2066691809,2066721809,2066751809,2066701809,2066702809,2066703809,2066704809,2066705809
"logistic_ar1_n1000",8,2066691810,2066721810,2066751810,2066701810,2066702810,2066703810,2066704810,2066705810
"logistic_ar1_n1000",9,2066691811,2066721811,2066751811,2066701811,2066702811,2066703811,2066704811,2066705811
"logistic_ar1_n1000",10,2066691812,2066721812,2066751812,2066701812,2066702812,2066703812,2066704812,2066705812
"logistic_ar1_n1000",11,2066691813,2066721813,2066751813,2066701813,2066702813,2066703813,2066704813,2066705813
"logistic_ar1_n1000",12,2066691814,2066721814,2066751814,2066701814,2066702814,2066703814,2066704814,2066705814
"logistic_ar1_n1000",13,2066691815,2066721815,2066751815,2066701815,2066702815,2066703815,2066704815,2066705815
"logistic_ar1_n1000",14,2066691816,2066721816,2066751816,2066701816,2066702816,2066703816,2066704816,2066705816
"logistic_ar1_n1000",15,2066691817,2066721817,2066751817,2066701817,2066702817,2066703817,2066704817,2066705817
"logistic_ar1_n1000",16,2066691818,2066721818,2066751818,2066701818,2066702818,2066703818,2066704818,2066705818
"logistic_ar1_n1000",17,2066691819,2066721819,2066751819,2066701819,2066702819,2066703819,2066704819,2066705819
"logistic_ar1_n1000",18,2066691820,2066721820,2066751820,2066701820,2066702820,2066703820,2066704820,2066705820
"logistic_ar1_n1000",19,2066691821,2066721821,2066751821,2066701821,2066702821,2066703821,2066704821,2066705821
"logistic_ar1_n1000",20,2066691822,2066721822,2066751822,2066701822,2066702822,2066703822,2066704822,2066705822
"logistic_ar1_n1000",21,2066691823,2066721823,2066751823,2066701823,2066702823,2066703823,2066704823,2066705823
"logistic_ar1_n1000",22,2066691824,2066721824,2066751824,2066701824,2066702824,2066703824,2066704824,2066705824
"logistic_ar1_n1000",23,2066691825,2066721825,2066751825,2066701825,2066702825,2066703825,2066704825,2066705825
"logistic_ar1_n1000",24,2066691826,2066721826,2066751826,2066701826,2066702826,2066703826,2066704826,2066705826
"logistic_ar1_n1000",25,2066691827,2066721827,2066751827,2066701827,2066702827,2066703827,2066704827,2066705827
"logistic_ar1_n1000",26,2066691828,2066721828,2066751828,2066701828,2066702828,2066703828,2066704828,2066705828
"logistic_ar1_n1000",27,2066691829,2066721829,2066751829,2066701829,2066702829,2066703829,2066704829,2066705829
"logistic_ar1_n1000",28,2066691830,2066721830,2066751830,2066701830,2066702830,2066703830,2066704830,2066705830
"logistic_ar1_n1000",29,2066691831,2066721831,2066751831,2066701831,2066702831,2066703831,2066704831,2066705831
"logistic_ar1_n1000",30,2066691832,2066721832,2066751832,2066701832,2066702832,2066703832,2066704832,2066705832
"logistic_ar1_n1000",31,2066691833,2066721833,2066751833,2066701833,2066702833,2066703833,2066704833,2066705833
"logistic_ar1_n1000",32,2066691834,2066721834,2066751834,2066701834,2066702834,2066703834,2066704834,2066705834
"logistic_ar1_n1000",33,2066691835,2066721835,2066751835,2066701835,2066702835,2066703835,2066704835,2066705835
"logistic_ar1_n1000",34,2066691836,2066721836,2066751836,2066701836,2066702836,2066703836,2066704836,2066705836
"logistic_ar1_n1000",35,2066691837,2066721837,2066751837,2066701837,2066702837,2066703837,2066704837,2066705837
"logistic_ar1_n1000",36,2066691838,2066721838,2066751838,2066701838,2066702838,2066703838,2066704838,2066705838
"logistic_ar1_n1000",37,2066691839,2066721839,2066751839,2066701839,2066702839,2066703839,2066704839,2066705839
"logistic_ar1_n1000",38,2066691840,2066721840,2066751840,2066701840,2066702840,2066703840,2066704840,2066705840
"logistic_ar1_n1000",39,2066691841,2066721841,2066751841,2066701841,2066702841,2066703841,2066704841,2066705841
"logistic_ar1_n1000",40,2066691842,2066721842,2066751842,2066701842,2066702842,2066703842,2066704842,2066705842
"logistic_ar1_n1000",41,2066691843,2066721843,2066751843,2066701843,2066702843,2066703843,2066704843,2066705843
"logistic_ar1_n1000",42,2066691844,2066721844,2066751844,2066701844,2066702844,2066703844,2066704844,2066705844
"logistic_ar1_n1000",43,2066691845,2066721845,2066751845,2066701845,2066702845,2066703845,2066704845,2066705845
"logistic_ar1_n1000",44,2066691846,2066721846,2066751846,2066701846,2066702846,2066703846,2066704846,2066705846
"logistic_ar1_n1000",45,2066691847,2066721847,2066751847,2066701847,2066702847,2066703847,2066704847,2066705847
"logistic_ar1_n1000",46,2066691848,2066721848,2066751848,2066701848,2066702848,2066703848,2066704848,2066705848
"logistic_ar1_n1000",47,2066691849,2066721849,2066751849,2066701849,2066702849,2066703849,2066704849,2066705849
"logistic_ar1_n1000",48,2066691850,2066721850,2066751850,2066701850,2066702850,2066703850,2066704850,2066705850
"logistic_ar1_n1000",49,2066691851,2066721851,2066751851,2066701851,2066702851,2066703851,2066704851,2066705851
"logistic_ar1_n1000",50,2066691852,2066721852,2066751852,2066701852,2066702852,2066703852,2066704852,2066705852
"logistic_ar1_n1000",51,2066691853,2066721853,2066751853,2066701853,2066702853,2066703853,2066704853,2066705853
"logistic_ar1_n1000",52,2066691854,2066721854,2066751854,2066701854,2066702854,2066703854,2066704854,2066705854
"logistic_ar1_n1000",53,2066691855,2066721855,2066751855,2066701855,2066702855,2066703855,2066704855,2066705855
"logistic_ar1_n1000",54,2066691856,2066721856,2066751856,2066701856,2066702856,2066703856,2066704856,2066705856
"logistic_ar1_n1000",55,2066691857,2066721857,2066751857,2066701857,2066702857,2066703857,2066704857,2066705857
"logistic_ar1_n1000",56,2066691858,2066721858,2066751858,2066701858,2066702858,2066703858,2066704858,2066705858
"logistic_ar1_n1000",57,2066691859,2066721859,2066751859,2066701859,2066702859,2066703859,2066704859,2066705859
"logistic_ar1_n1000",58,2066691860,2066721860,2066751860,2066701860,2066702860,2066703860,2066704860,2066705860
"logistic_ar1_n1000",59,2066691861,2066721861,2066751861,2066701861,2066702861,2066703861,2066704861,2066705861
"logistic_ar1_n1000",60,2066691862,2066721862,2066751862,2066701862,2066702862,2066703862,2066704862,2066705862
"logistic_ar1_n1000",61,2066691863,2066721863,2066751863,2066701863,2066702863,2066703863,2066704863,2066705863
"logistic_ar1_n1000",62,2066691864,2066721864,2066751864,2066701864,2066702864,2066703864,2066704864,2066705864
"logistic_ar1_n1000",63,2066691865,2066721865,2066751865,2066701865,2066702865,2066703865,2066704865,2066705865
"logistic_ar1_n1000",64,2066691866,2066721866,2066751866,2066701866,2066702866,2066703866,2066704866,2066705866
"logistic_ar1_n1000",65,2066691867,2066721867,2066751867,2066701867,2066702867,2066703867,2066704867,2066705867
"logistic_ar1_n1000",66,2066691868,2066721868,2066751868,2066701868,2066702868,2066703868,2066704868,2066705868
"logistic_ar1_n1000",67,2066691869,2066721869,2066751869,2066701869,2066702869,2066703869,2066704869,2066705869
"logistic_ar1_n1000",68,2066691870,2066721870,2066751870,2066701870,2066702870,2066703870,2066704870,2066705870
"logistic_ar1_n1000",69,2066691871,2066721871,2066751871,2066701871,2066702871,2066703871,2066704871,2066705871
"logistic_ar1_n1000",70,2066691872,2066721872,2066751872,2066701872,2066702872,2066703872,2066704872,2066705872
"logistic_ar1_n1000",71,2066691873,2066721873,2066751873,2066701873,2066702873,2066703873,2066704873,2066705873
"logistic_ar1_n1000",72,2066691874,2066721874,2066751874,2066701874,2066702874,2066703874,2066704874,2066705874
"logistic_ar1_n1000",73,2066691875,2066721875,2066751875,2066701875,2066702875,2066703875,2066704875,2066705875
"logistic_ar1_n1000",74,2066691876,2066721876,2066751876,2066701876,2066702876,2066703876,2066704876,2066705876
"logistic_ar1_n1000",75,2066691877,2066721877,2066751877,2066701877,2066702877,2066703877,2066704877,2066705877
"logistic_ar1_n1000",76,2066691878,2066721878,2066751878,2066701878,2066702878,2066703878,2066704878,2066705878
"logistic_ar1_n1000",77,2066691879,2066721879,2066751879,2066701879,2066702879,2066703879,2066704879,2066705879
"logistic_ar1_n1000",78,2066691880,2066721880,2066751880,2066701880,2066702880,2066703880,2066704880,2066705880
"logistic_ar1_n1000",79,2066691881,2066721881,2066751881,2066701881,2066702881,2066703881,2066704881,2066705881
"logistic_ar1_n1000",80,2066691882,2066721882,2066751882,2066701882,2066702882,2066703882,2066704882,2066705882
"logistic_ar1_n1000",81,2066691883,2066721883,2066751883,2066701883,2066702883,2066703883,2066704883,2066705883
"logistic_ar1_n1000",82,2066691884,2066721884,2066751884,2066701884,2066702884,2066703884,2066704884,2066705884
"logistic_ar1_n1000",83,2066691885,2066721885,2066751885,2066701885,2066702885,2066703885,2066704885,2066705885
"logistic_ar1_n1000",84,2066691886,2066721886,2066751886,2066701886,2066702886,2066703886,2066704886,2066705886
"logistic_ar1_n1000",85,2066691887,2066721887,2066751887,2066701887,2066702887,2066703887,2066704887,2066705887
"logistic_ar1_n1000",86,2066691888,2066721888,2066751888,2066701888,2066702888,2066703888,2066704888,2066705888
"logistic_ar1_n1000",87,2066691889,2066721889,2066751889,2066701889,2066702889,2066703889,2066704889,2066705889
"logistic_ar1_n1000",88,2066691890,2066721890,2066751890,2066701890,2066702890,2066703890,2066704890,2066705890
"logistic_ar1_n1000",89,2066691891,2066721891,2066751891,2066701891,2066702891,2066703891,2066704891,2066705891
"logistic_ar1_n1000",90,2066691892,2066721892,2066751892,2066701892,2066702892,2066703892,2066704892,2066705892
"logistic_ar1_n1000",91,2066691893,2066721893,2066751893,2066701893,2066702893,2066703893,2066704893,2066705893
"logistic_ar1_n1000",92,2066691894,2066721894,2066751894,2066701894,2066702894,2066703894,2066704894,2066705894
"logistic_ar1_n1000",93,2066691895,2066721895,2066751895,2066701895,2066702895,2066703895,2066704895,2066705895
"logistic_ar1_n1000",94,2066691896,2066721896,2066751896,2066701896,2066702896,2066703896,2066704896,2066705896
"logistic_ar1_n1000",95,2066691897,2066721897,2066751897,2066701897,2066702897,2066703897,2066704897,2066705897
"logistic_ar1_n1000",96,2066691898,2066721898,2066751898,2066701898,2066702898,2066703898,2066704898,2066705898
"logistic_ar1_n1000",97,2066691899,2066721899,2066751899,2066701899,2066702899,2066703899,2066704899,2066705899
"logistic_ar1_n1000",98,2066691900,2066721900,2066751900,2066701900,2066702900,2066703900,2066704900,2066705900
"logistic_ar1_n1000",99,2066691901,2066721901,2066751901,2066701901,2066702901,2066703901,2066704901,2066705901
"logistic_ar1_n1000",100,2066691902,2066721902,2066751902,2066701902,2066702902,2066703902,2066704902,2066705902
"logistic_ar1_n1000",101,2066691903,2066721903,2066751903,2066701903,2066702903,2066703903,2066704903,2066705903
"logistic_ar1_n1000",102,2066691904,2066721904,2066751904,2066701904,2066702904,2066703904,2066704904,2066705904
"logistic_ar1_n1000",103,2066691905,2066721905,2066751905,2066701905,2066702905,2066703905,2066704905,2066705905
"logistic_ar1_n1000",104,2066691906,2066721906,2066751906,2066701906,2066702906,2066703906,2066704906,2066705906
"logistic_ar1_n1000",105,2066691907,2066721907,2066751907,2066701907,2066702907,2066703907,2066704907,2066705907
"logistic_ar1_n1000",106,2066691908,2066721908,2066751908,2066701908,2066702908,2066703908,2066704908,2066705908
"logistic_ar1_n1000",107,2066691909,2066721909,2066751909,2066701909,2066702909,2066703909,2066704909,2066705909
"logistic_ar1_n1000",108,2066691910,2066721910,2066751910,2066701910,2066702910,2066703910,2066704910,2066705910
"logistic_ar1_n1000",109,2066691911,2066721911,2066751911,2066701911,2066702911,2066703911,2066704911,2066705911
"logistic_ar1_n1000",110,2066691912,2066721912,2066751912,2066701912,2066702912,2066703912,2066704912,2066705912
"logistic_ar1_n1000",111,2066691913,2066721913,2066751913,2066701913,2066702913,2066703913,2066704913,2066705913
"logistic_ar1_n1000",112,2066691914,2066721914,2066751914,2066701914,2066702914,2066703914,2066704914,2066705914
"logistic_ar1_n1000",113,2066691915,2066721915,2066751915,2066701915,2066702915,2066703915,2066704915,2066705915
"logistic_ar1_n1000",114,2066691916,2066721916,2066751916,2066701916,2066702916,2066703916,2066704916,2066705916
"logistic_ar1_n1000",115,2066691917,2066721917,2066751917,2066701917,2066702917,2066703917,2066704917,2066705917
"logistic_ar1_n1000",116,2066691918,2066721918,2066751918,2066701918,2066702918,2066703918,2066704918,2066705918
"logistic_ar1_n1000",117,2066691919,2066721919,2066751919,2066701919,2066702919,2066703919,2066704919,2066705919
"logistic_ar1_n1000",118,2066691920,2066721920,2066751920,2066701920,2066702920,2066703920,2066704920,2066705920
"logistic_ar1_n1000",119,2066691921,2066721921,2066751921,2066701921,2066702921,2066703921,2066704921,2066705921
"logistic_ar1_n1000",120,2066691922,2066721922,2066751922,2066701922,2066702922,2066703922,2066704922,2066705922
"logistic_ar1_n1000",121,2066691923,2066721923,2066751923,2066701923,2066702923,2066703923,2066704923,2066705923
"logistic_ar1_n1000",122,2066691924,2066721924,2066751924,2066701924,2066702924,2066703924,2066704924,2066705924
"logistic_ar1_n1000",123,2066691925,2066721925,2066751925,2066701925,2066702925,2066703925,2066704925,2066705925
"logistic_ar1_n1000",124,2066691926,2066721926,2066751926,2066701926,2066702926,2066703926,2066704926,2066705926
"logistic_ar1_n1000",125,2066691927,2066721927,2066751927,2066701927,2066702927,2066703927,2066704927,2066705927
"logistic_ar1_n1000",126,2066691928,2066721928,2066751928,2066701928,2066702928,2066703928,2066704928,2066705928
"logistic_ar1_n1000",127,2066691929,2066721929,2066751929,2066701929,2066702929,2066703929,2066704929,2066705929
"logistic_ar1_n1000",128,2066691930,2066721930,2066751930,2066701930,2066702930,2066703930,2066704930,2066705930
"logistic_ar1_n1000",129,2066691931,2066721931,2066751931,2066701931,2066702931,2066703931,2066704931,2066705931
"logistic_ar1_n1000",130,2066691932,2066721932,2066751932,2066701932,2066702932,2066703932,2066704932,2066705932
"logistic_ar1_n1000",131,2066691933,2066721933,2066751933,2066701933,2066702933,2066703933,2066704933,2066705933
"logistic_ar1_n1000",132,2066691934,2066721934,2066751934,2066701934,2066702934,2066703934,2066704934,2066705934
"logistic_ar1_n1000",133,2066691935,2066721935,2066751935,2066701935,2066702935,2066703935,2066704935,2066705935
"logistic_ar1_n1000",134,2066691936,2066721936,2066751936,2066701936,2066702936,2066703936,2066704936,2066705936
"logistic_ar1_n1000",135,2066691937,2066721937,2066751937,2066701937,2066702937,2066703937,2066704937,2066705937
"logistic_ar1_n1000",136,2066691938,2066721938,2066751938,2066701938,2066702938,2066703938,2066704938,2066705938
"logistic_ar1_n1000",137,2066691939,2066721939,2066751939,2066701939,2066702939,2066703939,2066704939,2066705939
"logistic_ar1_n1000",138,2066691940,2066721940,2066751940,2066701940,2066702940,2066703940,2066704940,2066705940
"logistic_ar1_n1000",139,2066691941,2066721941,2066751941,2066701941,2066702941,2066703941,2066704941,2066705941
"logistic_ar1_n1000",140,2066691942,2066721942,2066751942,2066701942,2066702942,2066703942,2066704942,2066705942
"logistic_ar1_n1000",141,2066691943,2066721943,2066751943,2066701943,2066702943,2066703943,2066704943,2066705943
"logistic_ar1_n1000",142,2066691944,2066721944,2066751944,2066701944,2066702944,2066703944,2066704944,2066705944
"logistic_ar1_n1000",143,2066691945,2066721945,2066751945,2066701945,2066702945,2066703945,2066704945,2066705945
"logistic_ar1_n1000",144,2066691946,2066721946,2066751946,2066701946,2066702946,2066703946,2066704946,2066705946
"logistic_ar1_n1000",145,2066691947,2066721947,2066751947,2066701947,2066702947,2066703947,2066704947,2066705947
"logistic_ar1_n1000",146,2066691948,2066721948,2066751948,2066701948,2066702948,2066703948,2066704948,2066705948
"logistic_ar1_n1000",147,2066691949,2066721949,2066751949,2066701949,2066702949,2066703949,2066704949,2066705949
"logistic_ar1_n1000",148,2066691950,2066721950,2066751950,2066701950,2066702950,2066703950,2066704950,2066705950
"logistic_ar1_n1000",149,2066691951,2066721951,2066751951,2066701951,2066702951,2066703951,2066704951,2066705951
"logistic_ar1_n1000",150,2066691952,2066721952,2066751952,2066701952,2066702952,2066703952,2066704952,2066705952
"logistic_ar1_n1000",151,2066691953,2066721953,2066751953,2066701953,2066702953,2066703953,2066704953,2066705953
"logistic_ar1_n1000",152,2066691954,2066721954,2066751954,2066701954,2066702954,2066703954,2066704954,2066705954
"logistic_ar1_n1000",153,2066691955,2066721955,2066751955,2066701955,2066702955,2066703955,2066704955,2066705955
"logistic_ar1_n1000",154,2066691956,2066721956,2066751956,2066701956,2066702956,2066703956,2066704956,2066705956
"logistic_ar1_n1000",155,2066691957,2066721957,2066751957,2066701957,2066702957,2066703957,2066704957,2066705957
"logistic_ar1_n1000",156,2066691958,2066721958,2066751958,2066701958,2066702958,2066703958,2066704958,2066705958
"logistic_ar1_n1000",157,2066691959,2066721959,2066751959,2066701959,2066702959,2066703959,2066704959,2066705959
"logistic_ar1_n1000",158,2066691960,2066721960,2066751960,2066701960,2066702960,2066703960,2066704960,2066705960
"logistic_ar1_n1000",159,2066691961,2066721961,2066751961,2066701961,2066702961,2066703961,2066704961,2066705961
"logistic_ar1_n1000",160,2066691962,2066721962,2066751962,2066701962,2066702962,2066703962,2066704962,2066705962
"logistic_ar1_n1000",161,2066691963,2066721963,2066751963,2066701963,2066702963,2066703963,2066704963,2066705963
"logistic_ar1_n1000",162,2066691964,2066721964,2066751964,2066701964,2066702964,2066703964,2066704964,2066705964
"logistic_ar1_n1000",163,2066691965,2066721965,2066751965,2066701965,2066702965,2066703965,2066704965,2066705965
"logistic_ar1_n1000",164,2066691966,2066721966,2066751966,2066701966,2066702966,2066703966,2066704966,2066705966
"logistic_ar1_n1000",165,2066691967,2066721967,2066751967,2066701967,2066702967,2066703967,2066704967,2066705967
"logistic_ar1_n1000",166,2066691968,2066721968,2066751968,2066701968,2066702968,2066703968,2066704968,2066705968
"logistic_ar1_n1000",167,2066691969,2066721969,2066751969,2066701969,2066702969,2066703969,2066704969,2066705969
"logistic_ar1_n1000",168,2066691970,2066721970,2066751970,2066701970,2066702970,2066703970,2066704970,2066705970
"logistic_ar1_n1000",169,2066691971,2066721971,2066751971,2066701971,2066702971,2066703971,2066704971,2066705971
"logistic_ar1_n1000",170,2066691972,2066721972,2066751972,2066701972,2066702972,2066703972,2066704972,2066705972
"logistic_ar1_n1000",171,2066691973,2066721973,2066751973,2066701973,2066702973,2066703973,2066704973,2066705973
"logistic_ar1_n1000",172,2066691974,2066721974,2066751974,2066701974,2066702974,2066703974,2066704974,2066705974
"logistic_ar1_n1000",173,2066691975,2066721975,2066751975,2066701975,2066702975,2066703975,2066704975,2066705975
"logistic_ar1_n1000",174,2066691976,2066721976,2066751976,2066701976,2066702976,2066703976,2066704976,2066705976
"logistic_ar1_n1000",175,2066691977,2066721977,2066751977,2066701977,2066702977,2066703977,2066704977,2066705977
"logistic_ar1_n1000",176,2066691978,2066721978,2066751978,2066701978,2066702978,2066703978,2066704978,2066705978
"logistic_ar1_n1000",177,2066691979,2066721979,2066751979,2066701979,2066702979,2066703979,2066704979,2066705979
"logistic_ar1_n1000",178,2066691980,2066721980,2066751980,2066701980,2066702980,2066703980,2066704980,2066705980
"logistic_ar1_n1000",179,2066691981,2066721981,2066751981,2066701981,2066702981,2066703981,2066704981,2066705981
"logistic_ar1_n1000",180,2066691982,2066721982,2066751982,2066701982,2066702982,2066703982,2066704982,2066705982
"logistic_ar1_n1000",181,2066691983,2066721983,2066751983,2066701983,2066702983,2066703983,2066704983,2066705983
"logistic_ar1_n1000",182,2066691984,2066721984,2066751984,2066701984,2066702984,2066703984,2066704984,2066705984
"logistic_ar1_n1000",183,2066691985,2066721985,2066751985,2066701985,2066702985,2066703985,2066704985,2066705985
"logistic_ar1_n1000",184,2066691986,2066721986,2066751986,2066701986,2066702986,2066703986,2066704986,2066705986
"logistic_ar1_n1000",185,2066691987,2066721987,2066751987,2066701987,2066702987,2066703987,2066704987,2066705987
"logistic_ar1_n1000",186,2066691988,2066721988,2066751988,2066701988,2066702988,2066703988,2066704988,2066705988
"logistic_ar1_n1000",187,2066691989,2066721989,2066751989,2066701989,2066702989,2066703989,2066704989,2066705989
"logistic_ar1_n1000",188,2066691990,2066721990,2066751990,2066701990,2066702990,2066703990,2066704990,2066705990
"logistic_ar1_n1000",189,2066691991,2066721991,2066751991,2066701991,2066702991,2066703991,2066704991,2066705991
"logistic_ar1_n1000",190,2066691992,2066721992,2066751992,2066701992,2066702992,2066703992,2066704992,2066705992
"logistic_ar1_n1000",191,2066691993,2066721993,2066751993,2066701993,2066702993,2066703993,2066704993,2066705993
"logistic_ar1_n1000",192,2066691994,2066721994,2066751994,2066701994,2066702994,2066703994,2066704994,2066705994
"logistic_ar1_n1000",193,2066691995,2066721995,2066751995,2066701995,2066702995,2066703995,2066704995,2066705995
"logistic_ar1_n1000",194,2066691996,2066721996,2066751996,2066701996,2066702996,2066703996,2066704996,2066705996
"logistic_ar1_n1000",195,2066691997,2066721997,2066751997,2066701997,2066702997,2066703997,2066704997,2066705997
"logistic_ar1_n1000",196,2066691998,2066721998,2066751998,2066701998,2066702998,2066703998,2066704998,2066705998
"logistic_ar1_n1000",197,2066691999,2066721999,2066751999,2066701999,2066702999,2066703999,2066704999,2066705999
"logistic_ar1_n1000",198,2066692000,2066722000,2066752000,2066702000,2066703000,2066704000,2066705000,2066706000
"logistic_ar1_n1000",199,2066692001,2066722001,2066752001,2066702001,2066703001,2066704001,2066705001,2066706001
"logistic_ar1_n1000",200,2066692002,2066722002,2066752002,2066702002,2066703002,2066704002,2066705002,2066706002
"logistic_ar1_n1000",201,2066692003,2066722003,2066752003,2066702003,2066703003,2066704003,2066705003,2066706003
"logistic_ar1_n1000",202,2066692004,2066722004,2066752004,2066702004,2066703004,2066704004,2066705004,2066706004
"logistic_ar1_n1000",203,2066692005,2066722005,2066752005,2066702005,2066703005,2066704005,2066705005,2066706005
"logistic_ar1_n1000",204,2066692006,2066722006,2066752006,2066702006,2066703006,2066704006,2066705006,2066706006
"logistic_ar1_n1000",205,2066692007,2066722007,2066752007,2066702007,2066703007,2066704007,2066705007,2066706007
"logistic_ar1_n1000",206,2066692008,2066722008,2066752008,2066702008,2066703008,2066704008,2066705008,2066706008
"logistic_ar1_n1000",207,2066692009,2066722009,2066752009,2066702009,2066703009,2066704009,2066705009,2066706009
"logistic_ar1_n1000",208,2066692010,2066722010,2066752010,2066702010,2066703010,2066704010,2066705010,2066706010
"logistic_ar1_n1000",209,2066692011,2066722011,2066752011,2066702011,2066703011,2066704011,2066705011,2066706011
"logistic_ar1_n1000",210,2066692012,2066722012,2066752012,2066702012,2066703012,2066704012,2066705012,2066706012
"logistic_ar1_n1000",211,2066692013,2066722013,2066752013,2066702013,2066703013,2066704013,2066705013,2066706013
"logistic_ar1_n1000",212,2066692014,2066722014,2066752014,2066702014,2066703014,2066704014,2066705014,2066706014
"logistic_ar1_n1000",213,2066692015,2066722015,2066752015,2066702015,2066703015,2066704015,2066705015,2066706015
"logistic_ar1_n1000",214,2066692016,2066722016,2066752016,2066702016,2066703016,2066704016,2066705016,2066706016
"logistic_ar1_n1000",215,2066692017,2066722017,2066752017,2066702017,2066703017,2066704017,2066705017,2066706017
"logistic_ar1_n1000",216,2066692018,2066722018,2066752018,2066702018,2066703018,2066704018,2066705018,2066706018
"logistic_ar1_n1000",217,2066692019,2066722019,2066752019,2066702019,2066703019,2066704019,2066705019,2066706019
"logistic_ar1_n1000",218,2066692020,2066722020,2066752020,2066702020,2066703020,2066704020,2066705020,2066706020
"logistic_ar1_n1000",219,2066692021,2066722021,2066752021,2066702021,2066703021,2066704021,2066705021,2066706021
"logistic_ar1_n1000",220,2066692022,2066722022,2066752022,2066702022,2066703022,2066704022,2066705022,2066706022
"logistic_ar1_n1000",221,2066692023,2066722023,2066752023,2066702023,2066703023,2066704023,2066705023,2066706023
"logistic_ar1_n1000",222,2066692024,2066722024,2066752024,2066702024,2066703024,2066704024,2066705024,2066706024
"logistic_ar1_n1000",223,2066692025,2066722025,2066752025,2066702025,2066703025,2066704025,2066705025,2066706025
"logistic_ar1_n1000",224,2066692026,2066722026,2066752026,2066702026,2066703026,2066704026,2066705026,2066706026
"logistic_ar1_n1000",225,2066692027,2066722027,2066752027,2066702027,2066703027,2066704027,2066705027,2066706027
"logistic_ar1_n1000",226,2066692028,2066722028,2066752028,2066702028,2066703028,2066704028,2066705028,2066706028
"logistic_ar1_n1000",227,2066692029,2066722029,2066752029,2066702029,2066703029,2066704029,2066705029,2066706029
"logistic_ar1_n1000",228,2066692030,2066722030,2066752030,2066702030,2066703030,2066704030,2066705030,2066706030
"logistic_ar1_n1000",229,2066692031,2066722031,2066752031,2066702031,2066703031,2066704031,2066705031,2066706031
"logistic_ar1_n1000",230,2066692032,2066722032,2066752032,2066702032,2066703032,2066704032,2066705032,2066706032
"logistic_ar1_n1000",231,2066692033,2066722033,2066752033,2066702033,2066703033,2066704033,2066705033,2066706033
"logistic_ar1_n1000",232,2066692034,2066722034,2066752034,2066702034,2066703034,2066704034,2066705034,2066706034
"logistic_ar1_n1000",233,2066692035,2066722035,2066752035,2066702035,2066703035,2066704035,2066705035,2066706035
"logistic_ar1_n1000",234,2066692036,2066722036,2066752036,2066702036,2066703036,2066704036,2066705036,2066706036
"logistic_ar1_n1000",235,2066692037,2066722037,2066752037,2066702037,2066703037,2066704037,2066705037,2066706037
"logistic_ar1_n1000",236,2066692038,2066722038,2066752038,2066702038,2066703038,2066704038,2066705038,2066706038
"logistic_ar1_n1000",237,2066692039,2066722039,2066752039,2066702039,2066703039,2066704039,2066705039,2066706039
"logistic_ar1_n1000",238,2066692040,2066722040,2066752040,2066702040,2066703040,2066704040,2066705040,2066706040
"logistic_ar1_n1000",239,2066692041,2066722041,2066752041,2066702041,2066703041,2066704041,2066705041,2066706041
"logistic_ar1_n1000",240,2066692042,2066722042,2066752042,2066702042,2066703042,2066704042,2066705042,2066706042
"logistic_ar1_n1000",241,2066692043,2066722043,2066752043,2066702043,2066703043,2066704043,2066705043,2066706043
"logistic_ar1_n1000",242,2066692044,2066722044,2066752044,2066702044,2066703044,2066704044,2066705044,2066706044
"logistic_ar1_n1000",243,2066692045,2066722045,2066752045,2066702045,2066703045,2066704045,2066705045,2066706045
"logistic_ar1_n1000",244,2066692046,2066722046,2066752046,2066702046,2066703046,2066704046,2066705046,2066706046
"logistic_ar1_n1000",245,2066692047,2066722047,2066752047,2066702047,2066703047,2066704047,2066705047,2066706047
"logistic_ar1_n1000",246,2066692048,2066722048,2066752048,2066702048,2066703048,2066704048,2066705048,2066706048
"logistic_ar1_n1000",247,2066692049,2066722049,2066752049,2066702049,2066703049,2066704049,2066705049,2066706049
"logistic_ar1_n1000",248,2066692050,2066722050,2066752050,2066702050,2066703050,2066704050,2066705050,2066706050
"logistic_ar1_n1000",249,2066692051,2066722051,2066752051,2066702051,2066703051,2066704051,2066705051,2066706051
"logistic_ar1_n1000",250,2066692052,2066722052,2066752052,2066702052,2066703052,2066704052,2066705052,2066706052
"logistic_ar1_n1000",251,2066692053,2066722053,2066752053,2066702053,2066703053,2066704053,2066705053,2066706053
"logistic_ar1_n1000",252,2066692054,2066722054,2066752054,2066702054,2066703054,2066704054,2066705054,2066706054
"logistic_ar1_n1000",253,2066692055,2066722055,2066752055,2066702055,2066703055,2066704055,2066705055,2066706055
"logistic_ar1_n1000",254,2066692056,2066722056,2066752056,2066702056,2066703056,2066704056,2066705056,2066706056
"logistic_ar1_n1000",255,2066692057,2066722057,2066752057,2066702057,2066703057,2066704057,2066705057,2066706057
"logistic_ar1_n1000",256,2066692058,2066722058,2066752058,2066702058,2066703058,2066704058,2066705058,2066706058
"logistic_ar1_n1000",257,2066692059,2066722059,2066752059,2066702059,2066703059,2066704059,2066705059,2066706059
"logistic_ar1_n1000",258,2066692060,2066722060,2066752060,2066702060,2066703060,2066704060,2066705060,2066706060
"logistic_ar1_n1000",259,2066692061,2066722061,2066752061,2066702061,2066703061,2066704061,2066705061,2066706061
"logistic_ar1_n1000",260,2066692062,2066722062,2066752062,2066702062,2066703062,2066704062,2066705062,2066706062
"logistic_ar1_n1000",261,2066692063,2066722063,2066752063,2066702063,2066703063,2066704063,2066705063,2066706063
"logistic_ar1_n1000",262,2066692064,2066722064,2066752064,2066702064,2066703064,2066704064,2066705064,2066706064
"logistic_ar1_n1000",263,2066692065,2066722065,2066752065,2066702065,2066703065,2066704065,2066705065,2066706065
"logistic_ar1_n1000",264,2066692066,2066722066,2066752066,2066702066,2066703066,2066704066,2066705066,2066706066
"logistic_ar1_n1000",265,2066692067,2066722067,2066752067,2066702067,2066703067,2066704067,2066705067,2066706067
"logistic_ar1_n1000",266,2066692068,2066722068,2066752068,2066702068,2066703068,2066704068,2066705068,2066706068
"logistic_ar1_n1000",267,2066692069,2066722069,2066752069,2066702069,2066703069,2066704069,2066705069,2066706069
"logistic_ar1_n1000",268,2066692070,2066722070,2066752070,2066702070,2066703070,2066704070,2066705070,2066706070
"logistic_ar1_n1000",269,2066692071,2066722071,2066752071,2066702071,2066703071,2066704071,2066705071,2066706071
"logistic_ar1_n1000",270,2066692072,2066722072,2066752072,2066702072,2066703072,2066704072,2066705072,2066706072
"logistic_ar1_n1000",271,2066692073,2066722073,2066752073,2066702073,2066703073,2066704073,2066705073,2066706073
"logistic_ar1_n1000",272,2066692074,2066722074,2066752074,2066702074,2066703074,2066704074,2066705074,2066706074
"logistic_ar1_n1000",273,2066692075,2066722075,2066752075,2066702075,2066703075,2066704075,2066705075,2066706075
"logistic_ar1_n1000",274,2066692076,2066722076,2066752076,2066702076,2066703076,2066704076,2066705076,2066706076
"logistic_ar1_n1000",275,2066692077,2066722077,2066752077,2066702077,2066703077,2066704077,2066705077,2066706077
"logistic_ar1_n1000",276,2066692078,2066722078,2066752078,2066702078,2066703078,2066704078,2066705078,2066706078
"logistic_ar1_n1000",277,2066692079,2066722079,2066752079,2066702079,2066703079,2066704079,2066705079,2066706079
"logistic_ar1_n1000",278,2066692080,2066722080,2066752080,2066702080,2066703080,2066704080,2066705080,2066706080
"logistic_ar1_n1000",279,2066692081,2066722081,2066752081,2066702081,2066703081,2066704081,2066705081,2066706081
"logistic_ar1_n1000",280,2066692082,2066722082,2066752082,2066702082,2066703082,2066704082,2066705082,2066706082
"logistic_ar1_n1000",281,2066692083,2066722083,2066752083,2066702083,2066703083,2066704083,2066705083,2066706083
"logistic_ar1_n1000",282,2066692084,2066722084,2066752084,2066702084,2066703084,2066704084,2066705084,2066706084
"logistic_ar1_n1000",283,2066692085,2066722085,2066752085,2066702085,2066703085,2066704085,2066705085,2066706085
"logistic_ar1_n1000",284,2066692086,2066722086,2066752086,2066702086,2066703086,2066704086,2066705086,2066706086
"logistic_ar1_n1000",285,2066692087,2066722087,2066752087,2066702087,2066703087,2066704087,2066705087,2066706087
"logistic_ar1_n1000",286,2066692088,2066722088,2066752088,2066702088,2066703088,2066704088,2066705088,2066706088
"logistic_ar1_n1000",287,2066692089,2066722089,2066752089,2066702089,2066703089,2066704089,2066705089,2066706089
"logistic_ar1_n1000",288,2066692090,2066722090,2066752090,2066702090,2066703090,2066704090,2066705090,2066706090
"logistic_ar1_n1000",289,2066692091,2066722091,2066752091,2066702091,2066703091,2066704091,2066705091,2066706091
"logistic_ar1_n1000",290,2066692092,2066722092,2066752092,2066702092,2066703092,2066704092,2066705092,2066706092
"logistic_ar1_n1000",291,2066692093,2066722093,2066752093,2066702093,2066703093,2066704093,2066705093,2066706093
"logistic_ar1_n1000",292,2066692094,2066722094,2066752094,2066702094,2066703094,2066704094,2066705094,2066706094
"logistic_ar1_n1000",293,2066692095,2066722095,2066752095,2066702095,2066703095,2066704095,2066705095,2066706095
"logistic_ar1_n1000",294,2066692096,2066722096,2066752096,2066702096,2066703096,2066704096,2066705096,2066706096
"logistic_ar1_n1000",295,2066692097,2066722097,2066752097,2066702097,2066703097,2066704097,2066705097,2066706097
"logistic_ar1_n1000",296,2066692098,2066722098,2066752098,2066702098,2066703098,2066704098,2066705098,2066706098
"logistic_ar1_n1000",297,2066692099,2066722099,2066752099,2066702099,2066703099,2066704099,2066705099,2066706099
"logistic_ar1_n1000",298,2066692100,2066722100,2066752100,2066702100,2066703100,2066704100,2066705100,2066706100
"logistic_ar1_n1000",299,2066692101,2066722101,2066752101,2066702101,2066703101,2066704101,2066705101,2066706101
"logistic_ar1_n1000",300,2066692102,2066722102,2066752102,2066702102,2066703102,2066704102,2066705102,2066706102
"logistic_ar1_n1000",301,2066692103,2066722103,2066752103,2066702103,2066703103,2066704103,2066705103,2066706103
"logistic_ar1_n1000",302,2066692104,2066722104,2066752104,2066702104,2066703104,2066704104,2066705104,2066706104
"logistic_ar1_n1000",303,2066692105,2066722105,2066752105,2066702105,2066703105,2066704105,2066705105,2066706105
"logistic_ar1_n1000",304,2066692106,2066722106,2066752106,2066702106,2066703106,2066704106,2066705106,2066706106
"logistic_ar1_n1000",305,2066692107,2066722107,2066752107,2066702107,2066703107,2066704107,2066705107,2066706107
"logistic_ar1_n1000",306,2066692108,2066722108,2066752108,2066702108,2066703108,2066704108,2066705108,2066706108
"logistic_ar1_n1000",307,2066692109,2066722109,2066752109,2066702109,2066703109,2066704109,2066705109,2066706109
"logistic_ar1_n1000",308,2066692110,2066722110,2066752110,2066702110,2066703110,2066704110,2066705110,2066706110
"logistic_ar1_n1000",309,2066692111,2066722111,2066752111,2066702111,2066703111,2066704111,2066705111,2066706111
"logistic_ar1_n1000",310,2066692112,2066722112,2066752112,2066702112,2066703112,2066704112,2066705112,2066706112
"logistic_ar1_n1000",311,2066692113,2066722113,2066752113,2066702113,2066703113,2066704113,2066705113,2066706113
"logistic_ar1_n1000",312,2066692114,2066722114,2066752114,2066702114,2066703114,2066704114,2066705114,2066706114
"logistic_ar1_n1000",313,2066692115,2066722115,2066752115,2066702115,2066703115,2066704115,2066705115,2066706115
"logistic_ar1_n1000",314,2066692116,2066722116,2066752116,2066702116,2066703116,2066704116,2066705116,2066706116
"logistic_ar1_n1000",315,2066692117,2066722117,2066752117,2066702117,2066703117,2066704117,2066705117,2066706117
"logistic_ar1_n1000",316,2066692118,2066722118,2066752118,2066702118,2066703118,2066704118,2066705118,2066706118
"logistic_ar1_n1000",317,2066692119,2066722119,2066752119,2066702119,2066703119,2066704119,2066705119,2066706119
"logistic_ar1_n1000",318,2066692120,2066722120,2066752120,2066702120,2066703120,2066704120,2066705120,2066706120
"logistic_ar1_n1000",319,2066692121,2066722121,2066752121,2066702121,2066703121,2066704121,2066705121,2066706121
"logistic_ar1_n1000",320,2066692122,2066722122,2066752122,2066702122,2066703122,2066704122,2066705122,2066706122
"logistic_ar1_n1000",321,2066692123,2066722123,2066752123,2066702123,2066703123,2066704123,2066705123,2066706123
"logistic_ar1_n1000",322,2066692124,2066722124,2066752124,2066702124,2066703124,2066704124,2066705124,2066706124
"logistic_ar1_n1000",323,2066692125,2066722125,2066752125,2066702125,2066703125,2066704125,2066705125,2066706125
"logistic_ar1_n1000",324,2066692126,2066722126,2066752126,2066702126,2066703126,2066704126,2066705126,2066706126
"logistic_ar1_n1000",325,2066692127,2066722127,2066752127,2066702127,2066703127,2066704127,2066705127,2066706127
"logistic_ar1_n1000",326,2066692128,2066722128,2066752128,2066702128,2066703128,2066704128,2066705128,2066706128
"logistic_ar1_n1000",327,2066692129,2066722129,2066752129,2066702129,2066703129,2066704129,2066705129,2066706129
"logistic_ar1_n1000",328,2066692130,2066722130,2066752130,2066702130,2066703130,2066704130,2066705130,2066706130
"logistic_ar1_n1000",329,2066692131,2066722131,2066752131,2066702131,2066703131,2066704131,2066705131,2066706131
"logistic_ar1_n1000",330,2066692132,2066722132,2066752132,2066702132,2066703132,2066704132,2066705132,2066706132
"logistic_ar1_n1000",331,2066692133,2066722133,2066752133,2066702133,2066703133,2066704133,2066705133,2066706133
"logistic_ar1_n1000",332,2066692134,2066722134,2066752134,2066702134,2066703134,2066704134,2066705134,2066706134
"logistic_ar1_n1000",333,2066692135,2066722135,2066752135,2066702135,2066703135,2066704135,2066705135,2066706135
"logistic_ar1_n1000",334,2066692136,2066722136,2066752136,2066702136,2066703136,2066704136,2066705136,2066706136
"logistic_ar1_n1000",335,2066692137,2066722137,2066752137,2066702137,2066703137,2066704137,2066705137,2066706137
"logistic_ar1_n1000",336,2066692138,2066722138,2066752138,2066702138,2066703138,2066704138,2066705138,2066706138
"logistic_ar1_n1000",337,2066692139,2066722139,2066752139,2066702139,2066703139,2066704139,2066705139,2066706139
"logistic_ar1_n1000",338,2066692140,2066722140,2066752140,2066702140,2066703140,2066704140,2066705140,2066706140
"logistic_ar1_n1000",339,2066692141,2066722141,2066752141,2066702141,2066703141,2066704141,2066705141,2066706141
"logistic_ar1_n1000",340,2066692142,2066722142,2066752142,2066702142,2066703142,2066704142,2066705142,2066706142
"logistic_ar1_n1000",341,2066692143,2066722143,2066752143,2066702143,2066703143,2066704143,2066705143,2066706143
"logistic_ar1_n1000",342,2066692144,2066722144,2066752144,2066702144,2066703144,2066704144,2066705144,2066706144
"logistic_ar1_n1000",343,2066692145,2066722145,2066752145,2066702145,2066703145,2066704145,2066705145,2066706145
"logistic_ar1_n1000",344,2066692146,2066722146,2066752146,2066702146,2066703146,2066704146,2066705146,2066706146
"logistic_ar1_n1000",345,2066692147,2066722147,2066752147,2066702147,2066703147,2066704147,2066705147,2066706147
"logistic_ar1_n1000",346,2066692148,2066722148,2066752148,2066702148,2066703148,2066704148,2066705148,2066706148
"logistic_ar1_n1000",347,2066692149,2066722149,2066752149,2066702149,2066703149,2066704149,2066705149,2066706149
"logistic_ar1_n1000",348,2066692150,2066722150,2066752150,2066702150,2066703150,2066704150,2066705150,2066706150
"logistic_ar1_n1000",349,2066692151,2066722151,2066752151,2066702151,2066703151,2066704151,2066705151,2066706151
"logistic_ar1_n1000",350,2066692152,2066722152,2066752152,2066702152,2066703152,2066704152,2066705152,2066706152
"logistic_ar1_n1000",351,2066692153,2066722153,2066752153,2066702153,2066703153,2066704153,2066705153,2066706153
"logistic_ar1_n1000",352,2066692154,2066722154,2066752154,2066702154,2066703154,2066704154,2066705154,2066706154
"logistic_ar1_n1000",353,2066692155,2066722155,2066752155,2066702155,2066703155,2066704155,2066705155,2066706155
"logistic_ar1_n1000",354,2066692156,2066722156,2066752156,2066702156,2066703156,2066704156,2066705156,2066706156
"logistic_ar1_n1000",355,2066692157,2066722157,2066752157,2066702157,2066703157,2066704157,2066705157,2066706157
"logistic_ar1_n1000",356,2066692158,2066722158,2066752158,2066702158,2066703158,2066704158,2066705158,2066706158
"logistic_ar1_n1000",357,2066692159,2066722159,2066752159,2066702159,2066703159,2066704159,2066705159,2066706159
"logistic_ar1_n1000",358,2066692160,2066722160,2066752160,2066702160,2066703160,2066704160,2066705160,2066706160
"logistic_ar1_n1000",359,2066692161,2066722161,2066752161,2066702161,2066703161,2066704161,2066705161,2066706161
"logistic_ar1_n1000",360,2066692162,2066722162,2066752162,2066702162,2066703162,2066704162,2066705162,2066706162
"logistic_ar1_n1000",361,2066692163,2066722163,2066752163,2066702163,2066703163,2066704163,2066705163,2066706163
"logistic_ar1_n1000",362,2066692164,2066722164,2066752164,2066702164,2066703164,2066704164,2066705164,2066706164
"logistic_ar1_n1000",363,2066692165,2066722165,2066752165,2066702165,2066703165,2066704165,2066705165,2066706165
"logistic_ar1_n1000",364,2066692166,2066722166,2066752166,2066702166,2066703166,2066704166,2066705166,2066706166
"logistic_ar1_n1000",365,2066692167,2066722167,2066752167,2066702167,2066703167,2066704167,2066705167,2066706167
"logistic_ar1_n1000",366,2066692168,2066722168,2066752168,2066702168,2066703168,2066704168,2066705168,2066706168
"logistic_ar1_n1000",367,2066692169,2066722169,2066752169,2066702169,2066703169,2066704169,2066705169,2066706169
"logistic_ar1_n1000",368,2066692170,2066722170,2066752170,2066702170,2066703170,2066704170,2066705170,2066706170
"logistic_ar1_n1000",369,2066692171,2066722171,2066752171,2066702171,2066703171,2066704171,2066705171,2066706171
"logistic_ar1_n1000",370,2066692172,2066722172,2066752172,2066702172,2066703172,2066704172,2066705172,2066706172
"logistic_ar1_n1000",371,2066692173,2066722173,2066752173,2066702173,2066703173,2066704173,2066705173,2066706173
"logistic_ar1_n1000",372,2066692174,2066722174,2066752174,2066702174,2066703174,2066704174,2066705174,2066706174
"logistic_ar1_n1000",373,2066692175,2066722175,2066752175,2066702175,2066703175,2066704175,2066705175,2066706175
"logistic_ar1_n1000",374,2066692176,2066722176,2066752176,2066702176,2066703176,2066704176,2066705176,2066706176
"logistic_ar1_n1000",375,2066692177,2066722177,2066752177,2066702177,2066703177,2066704177,2066705177,2066706177
"logistic_ar1_n1000",376,2066692178,2066722178,2066752178,2066702178,2066703178,2066704178,2066705178,2066706178
"logistic_ar1_n1000",377,2066692179,2066722179,2066752179,2066702179,2066703179,2066704179,2066705179,2066706179
"logistic_ar1_n1000",378,2066692180,2066722180,2066752180,2066702180,2066703180,2066704180,2066705180,2066706180
"logistic_ar1_n1000",379,2066692181,2066722181,2066752181,2066702181,2066703181,2066704181,2066705181,2066706181
"logistic_ar1_n1000",380,2066692182,2066722182,2066752182,2066702182,2066703182,2066704182,2066705182,2066706182
"logistic_ar1_n1000",381,2066692183,2066722183,2066752183,2066702183,2066703183,2066704183,2066705183,2066706183
"logistic_ar1_n1000",382,2066692184,2066722184,2066752184,2066702184,2066703184,2066704184,2066705184,2066706184
"logistic_ar1_n1000",383,2066692185,2066722185,2066752185,2066702185,2066703185,2066704185,2066705185,2066706185
"logistic_ar1_n1000",384,2066692186,2066722186,2066752186,2066702186,2066703186,2066704186,2066705186,2066706186
"logistic_ar1_n1000",385,2066692187,2066722187,2066752187,2066702187,2066703187,2066704187,2066705187,2066706187
"logistic_ar1_n1000",386,2066692188,2066722188,2066752188,2066702188,2066703188,2066704188,2066705188,2066706188
"logistic_ar1_n1000",387,2066692189,2066722189,2066752189,2066702189,2066703189,2066704189,2066705189,2066706189
"logistic_ar1_n1000",388,2066692190,2066722190,2066752190,2066702190,2066703190,2066704190,2066705190,2066706190
"logistic_ar1_n1000",389,2066692191,2066722191,2066752191,2066702191,2066703191,2066704191,2066705191,2066706191
"logistic_ar1_n1000",390,2066692192,2066722192,2066752192,2066702192,2066703192,2066704192,2066705192,2066706192
"logistic_ar1_n1000",391,2066692193,2066722193,2066752193,2066702193,2066703193,2066704193,2066705193,2066706193
"logistic_ar1_n1000",392,2066692194,2066722194,2066752194,2066702194,2066703194,2066704194,2066705194,2066706194
"logistic_ar1_n1000",393,2066692195,2066722195,2066752195,2066702195,2066703195,2066704195,2066705195,2066706195
"logistic_ar1_n1000",394,2066692196,2066722196,2066752196,2066702196,2066703196,2066704196,2066705196,2066706196
"logistic_ar1_n1000",395,2066692197,2066722197,2066752197,2066702197,2066703197,2066704197,2066705197,2066706197
"logistic_ar1_n1000",396,2066692198,2066722198,2066752198,2066702198,2066703198,2066704198,2066705198,2066706198
"logistic_ar1_n1000",397,2066692199,2066722199,2066752199,2066702199,2066703199,2066704199,2066705199,2066706199
"logistic_ar1_n1000",398,2066692200,2066722200,2066752200,2066702200,2066703200,2066704200,2066705200,2066706200
"logistic_ar1_n1000",399,2066692201,2066722201,2066752201,2066702201,2066703201,2066704201,2066705201,2066706201
"logistic_ar1_n1000",400,2066692202,2066722202,2066752202,2066702202,2066703202,2066704202,2066705202,2066706202
"logistic_ar1_n1000",401,2066692203,2066722203,2066752203,2066702203,2066703203,2066704203,2066705203,2066706203
"logistic_ar1_n1000",402,2066692204,2066722204,2066752204,2066702204,2066703204,2066704204,2066705204,2066706204
"logistic_ar1_n1000",403,2066692205,2066722205,2066752205,2066702205,2066703205,2066704205,2066705205,2066706205
"logistic_ar1_n1000",404,2066692206,2066722206,2066752206,2066702206,2066703206,2066704206,2066705206,2066706206
"logistic_ar1_n1000",405,2066692207,2066722207,2066752207,2066702207,2066703207,2066704207,2066705207,2066706207
"logistic_ar1_n1000",406,2066692208,2066722208,2066752208,2066702208,2066703208,2066704208,2066705208,2066706208
"logistic_ar1_n1000",407,2066692209,2066722209,2066752209,2066702209,2066703209,2066704209,2066705209,2066706209
"logistic_ar1_n1000",408,2066692210,2066722210,2066752210,2066702210,2066703210,2066704210,2066705210,2066706210
"logistic_ar1_n1000",409,2066692211,2066722211,2066752211,2066702211,2066703211,2066704211,2066705211,2066706211
"logistic_ar1_n1000",410,2066692212,2066722212,2066752212,2066702212,2066703212,2066704212,2066705212,2066706212
"logistic_ar1_n1000",411,2066692213,2066722213,2066752213,2066702213,2066703213,2066704213,2066705213,2066706213
"logistic_ar1_n1000",412,2066692214,2066722214,2066752214,2066702214,2066703214,2066704214,2066705214,2066706214
"logistic_ar1_n1000",413,2066692215,2066722215,2066752215,2066702215,2066703215,2066704215,2066705215,2066706215
"logistic_ar1_n1000",414,2066692216,2066722216,2066752216,2066702216,2066703216,2066704216,2066705216,2066706216
"logistic_ar1_n1000",415,2066692217,2066722217,2066752217,2066702217,2066703217,2066704217,2066705217,2066706217
"logistic_ar1_n1000",416,2066692218,2066722218,2066752218,2066702218,2066703218,2066704218,2066705218,2066706218
"logistic_ar1_n1000",417,2066692219,2066722219,2066752219,2066702219,2066703219,2066704219,2066705219,2066706219
"logistic_ar1_n1000",418,2066692220,2066722220,2066752220,2066702220,2066703220,2066704220,2066705220,2066706220
"logistic_ar1_n1000",419,2066692221,2066722221,2066752221,2066702221,2066703221,2066704221,2066705221,2066706221
"logistic_ar1_n1000",420,2066692222,2066722222,2066752222,2066702222,2066703222,2066704222,2066705222,2066706222
"logistic_ar1_n1000",421,2066692223,2066722223,2066752223,2066702223,2066703223,2066704223,2066705223,2066706223
"logistic_ar1_n1000",422,2066692224,2066722224,2066752224,2066702224,2066703224,2066704224,2066705224,2066706224
"logistic_ar1_n1000",423,2066692225,2066722225,2066752225,2066702225,2066703225,2066704225,2066705225,2066706225
"logistic_ar1_n1000",424,2066692226,2066722226,2066752226,2066702226,2066703226,2066704226,2066705226,2066706226
"logistic_ar1_n1000",425,2066692227,2066722227,2066752227,2066702227,2066703227,2066704227,2066705227,2066706227
"logistic_ar1_n1000",426,2066692228,2066722228,2066752228,2066702228,2066703228,2066704228,2066705228,2066706228
"logistic_ar1_n1000",427,2066692229,2066722229,2066752229,2066702229,2066703229,2066704229,2066705229,2066706229
"logistic_ar1_n1000",428,2066692230,2066722230,2066752230,2066702230,2066703230,2066704230,2066705230,2066706230
"logistic_ar1_n1000",429,2066692231,2066722231,2066752231,2066702231,2066703231,2066704231,2066705231,2066706231
"logistic_ar1_n1000",430,2066692232,2066722232,2066752232,2066702232,2066703232,2066704232,2066705232,2066706232
"logistic_ar1_n1000",431,2066692233,2066722233,2066752233,2066702233,2066703233,2066704233,2066705233,2066706233
"logistic_ar1_n1000",432,2066692234,2066722234,2066752234,2066702234,2066703234,2066704234,2066705234,2066706234
"logistic_ar1_n1000",433,2066692235,2066722235,2066752235,2066702235,2066703235,2066704235,2066705235,2066706235
"logistic_ar1_n1000",434,2066692236,2066722236,2066752236,2066702236,2066703236,2066704236,2066705236,2066706236
"logistic_ar1_n1000",435,2066692237,2066722237,2066752237,2066702237,2066703237,2066704237,2066705237,2066706237
"logistic_ar1_n1000",436,2066692238,2066722238,2066752238,2066702238,2066703238,2066704238,2066705238,2066706238
"logistic_ar1_n1000",437,2066692239,2066722239,2066752239,2066702239,2066703239,2066704239,2066705239,2066706239
"logistic_ar1_n1000",438,2066692240,2066722240,2066752240,2066702240,2066703240,2066704240,2066705240,2066706240
"logistic_ar1_n1000",439,2066692241,2066722241,2066752241,2066702241,2066703241,2066704241,2066705241,2066706241
"logistic_ar1_n1000",440,2066692242,2066722242,2066752242,2066702242,2066703242,2066704242,2066705242,2066706242
"logistic_ar1_n1000",441,2066692243,2066722243,2066752243,2066702243,2066703243,2066704243,2066705243,2066706243
"logistic_ar1_n1000",442,2066692244,2066722244,2066752244,2066702244,2066703244,2066704244,2066705244,2066706244
"logistic_ar1_n1000",443,2066692245,2066722245,2066752245,2066702245,2066703245,2066704245,2066705245,2066706245
"logistic_ar1_n1000",444,2066692246,2066722246,2066752246,2066702246,2066703246,2066704246,2066705246,2066706246
"logistic_ar1_n1000",445,2066692247,2066722247,2066752247,2066702247,2066703247,2066704247,2066705247,2066706247
"logistic_ar1_n1000",446,2066692248,2066722248,2066752248,2066702248,2066703248,2066704248,2066705248,2066706248
"logistic_ar1_n1000",447,2066692249,2066722249,2066752249,2066702249,2066703249,2066704249,2066705249,2066706249
"logistic_ar1_n1000",448,2066692250,2066722250,2066752250,2066702250,2066703250,2066704250,2066705250,2066706250
"logistic_ar1_n1000",449,2066692251,2066722251,2066752251,2066702251,2066703251,2066704251,2066705251,2066706251
"logistic_ar1_n1000",450,2066692252,2066722252,2066752252,2066702252,2066703252,2066704252,2066705252,2066706252
"logistic_ar1_n1000",451,2066692253,2066722253,2066752253,2066702253,2066703253,2066704253,2066705253,2066706253
"logistic_ar1_n1000",452,2066692254,2066722254,2066752254,2066702254,2066703254,2066704254,2066705254,2066706254
"logistic_ar1_n1000",453,2066692255,2066722255,2066752255,2066702255,2066703255,2066704255,2066705255,2066706255
"logistic_ar1_n1000",454,2066692256,2066722256,2066752256,2066702256,2066703256,2066704256,2066705256,2066706256
"logistic_ar1_n1000",455,2066692257,2066722257,2066752257,2066702257,2066703257,2066704257,2066705257,2066706257
"logistic_ar1_n1000",456,2066692258,2066722258,2066752258,2066702258,2066703258,2066704258,2066705258,2066706258
"logistic_ar1_n1000",457,2066692259,2066722259,2066752259,2066702259,2066703259,2066704259,2066705259,2066706259
"logistic_ar1_n1000",458,2066692260,2066722260,2066752260,2066702260,2066703260,2066704260,2066705260,2066706260
"logistic_ar1_n1000",459,2066692261,2066722261,2066752261,2066702261,2066703261,2066704261,2066705261,2066706261
"logistic_ar1_n1000",460,2066692262,2066722262,2066752262,2066702262,2066703262,2066704262,2066705262,2066706262
"logistic_ar1_n1000",461,2066692263,2066722263,2066752263,2066702263,2066703263,2066704263,2066705263,2066706263
"logistic_ar1_n1000",462,2066692264,2066722264,2066752264,2066702264,2066703264,2066704264,2066705264,2066706264
"logistic_ar1_n1000",463,2066692265,2066722265,2066752265,2066702265,2066703265,2066704265,2066705265,2066706265
"logistic_ar1_n1000",464,2066692266,2066722266,2066752266,2066702266,2066703266,2066704266,2066705266,2066706266
"logistic_ar1_n1000",465,2066692267,2066722267,2066752267,2066702267,2066703267,2066704267,2066705267,2066706267
"logistic_ar1_n1000",466,2066692268,2066722268,2066752268,2066702268,2066703268,2066704268,2066705268,2066706268
"logistic_ar1_n1000",467,2066692269,2066722269,2066752269,2066702269,2066703269,2066704269,2066705269,2066706269
"logistic_ar1_n1000",468,2066692270,2066722270,2066752270,2066702270,2066703270,2066704270,2066705270,2066706270
"logistic_ar1_n1000",469,2066692271,2066722271,2066752271,2066702271,2066703271,2066704271,2066705271,2066706271
"logistic_ar1_n1000",470,2066692272,2066722272,2066752272,2066702272,2066703272,2066704272,2066705272,2066706272
"logistic_ar1_n1000",471,2066692273,2066722273,2066752273,2066702273,2066703273,2066704273,2066705273,2066706273
"logistic_ar1_n1000",472,2066692274,2066722274,2066752274,2066702274,2066703274,2066704274,2066705274,2066706274
"logistic_ar1_n1000",473,2066692275,2066722275,2066752275,2066702275,2066703275,2066704275,2066705275,2066706275
"logistic_ar1_n1000",474,2066692276,2066722276,2066752276,2066702276,2066703276,2066704276,2066705276,2066706276
"logistic_ar1_n1000",475,2066692277,2066722277,2066752277,2066702277,2066703277,2066704277,2066705277,2066706277
"logistic_ar1_n1000",476,2066692278,2066722278,2066752278,2066702278,2066703278,2066704278,2066705278,2066706278
"logistic_ar1_n1000",477,2066692279,2066722279,2066752279,2066702279,2066703279,2066704279,2066705279,2066706279
"logistic_ar1_n1000",478,2066692280,2066722280,2066752280,2066702280,2066703280,2066704280,2066705280,2066706280
"logistic_ar1_n1000",479,2066692281,2066722281,2066752281,2066702281,2066703281,2066704281,2066705281,2066706281
"logistic_ar1_n1000",480,2066692282,2066722282,2066752282,2066702282,2066703282,2066704282,2066705282,2066706282
"logistic_ar1_n1000",481,2066692283,2066722283,2066752283,2066702283,2066703283,2066704283,2066705283,2066706283
"logistic_ar1_n1000",482,2066692284,2066722284,2066752284,2066702284,2066703284,2066704284,2066705284,2066706284
"logistic_ar1_n1000",483,2066692285,2066722285,2066752285,2066702285,2066703285,2066704285,2066705285,2066706285
"logistic_ar1_n1000",484,2066692286,2066722286,2066752286,2066702286,2066703286,2066704286,2066705286,2066706286
"logistic_ar1_n1000",485,2066692287,2066722287,2066752287,2066702287,2066703287,2066704287,2066705287,2066706287
"logistic_ar1_n1000",486,2066692288,2066722288,2066752288,2066702288,2066703288,2066704288,2066705288,2066706288
"logistic_ar1_n1000",487,2066692289,2066722289,2066752289,2066702289,2066703289,2066704289,2066705289,2066706289
"logistic_ar1_n1000",488,2066692290,2066722290,2066752290,2066702290,2066703290,2066704290,2066705290,2066706290
"logistic_ar1_n1000",489,2066692291,2066722291,2066752291,2066702291,2066703291,2066704291,2066705291,2066706291
"logistic_ar1_n1000",490,2066692292,2066722292,2066752292,2066702292,2066703292,2066704292,2066705292,2066706292
"logistic_ar1_n1000",491,2066692293,2066722293,2066752293,2066702293,2066703293,2066704293,2066705293,2066706293
"logistic_ar1_n1000",492,2066692294,2066722294,2066752294,2066702294,2066703294,2066704294,2066705294,2066706294
"logistic_ar1_n1000",493,2066692295,2066722295,2066752295,2066702295,2066703295,2066704295,2066705295,2066706295
"logistic_ar1_n1000",494,2066692296,2066722296,2066752296,2066702296,2066703296,2066704296,2066705296,2066706296
"logistic_ar1_n1000",495,2066692297,2066722297,2066752297,2066702297,2066703297,2066704297,2066705297,2066706297
"logistic_ar1_n1000",496,2066692298,2066722298,2066752298,2066702298,2066703298,2066704298,2066705298,2066706298
"logistic_ar1_n1000",497,2066692299,2066722299,2066752299,2066702299,2066703299,2066704299,2066705299,2066706299
"logistic_ar1_n1000",498,2066692300,2066722300,2066752300,2066702300,2066703300,2066704300,2066705300,2066706300
"logistic_ar1_n1000",499,2066692301,2066722301,2066752301,2066702301,2066703301,2066704301,2066705301,2066706301
"logistic_ar1_n1000",500,2066692302,2066722302,2066752302,2066702302,2066703302,2066704302,2066705302,2066706302
"logistic_ar1_n1000",501,2066692303,2066722303,2066752303,2066702303,2066703303,2066704303,2066705303,2066706303
"logistic_ar1_n1000",502,2066692304,2066722304,2066752304,2066702304,2066703304,2066704304,2066705304,2066706304
"logistic_ar1_n1000",503,2066692305,2066722305,2066752305,2066702305,2066703305,2066704305,2066705305,2066706305
"logistic_ar1_n1000",504,2066692306,2066722306,2066752306,2066702306,2066703306,2066704306,2066705306,2066706306
"logistic_ar1_n1000",505,2066692307,2066722307,2066752307,2066702307,2066703307,2066704307,2066705307,2066706307
"logistic_ar1_n1000",506,2066692308,2066722308,2066752308,2066702308,2066703308,2066704308,2066705308,2066706308
"logistic_ar1_n1000",507,2066692309,2066722309,2066752309,2066702309,2066703309,2066704309,2066705309,2066706309
"logistic_ar1_n1000",508,2066692310,2066722310,2066752310,2066702310,2066703310,2066704310,2066705310,2066706310
"logistic_ar1_n1000",509,2066692311,2066722311,2066752311,2066702311,2066703311,2066704311,2066705311,2066706311
"logistic_ar1_n1000",510,2066692312,2066722312,2066752312,2066702312,2066703312,2066704312,2066705312,2066706312
"logistic_ar1_n1000",511,2066692313,2066722313,2066752313,2066702313,2066703313,2066704313,2066705313,2066706313
"logistic_ar1_n1000",512,2066692314,2066722314,2066752314,2066702314,2066703314,2066704314,2066705314,2066706314
"logistic_ar1_n1000",513,2066692315,2066722315,2066752315,2066702315,2066703315,2066704315,2066705315,2066706315
"logistic_ar1_n1000",514,2066692316,2066722316,2066752316,2066702316,2066703316,2066704316,2066705316,2066706316
"logistic_ar1_n1000",515,2066692317,2066722317,2066752317,2066702317,2066703317,2066704317,2066705317,2066706317
"logistic_ar1_n1000",516,2066692318,2066722318,2066752318,2066702318,2066703318,2066704318,2066705318,2066706318
"logistic_ar1_n1000",517,2066692319,2066722319,2066752319,2066702319,2066703319,2066704319,2066705319,2066706319
"logistic_ar1_n1000",518,2066692320,2066722320,2066752320,2066702320,2066703320,2066704320,2066705320,2066706320
"logistic_ar1_n1000",519,2066692321,2066722321,2066752321,2066702321,2066703321,2066704321,2066705321,2066706321
"logistic_ar1_n1000",520,2066692322,2066722322,2066752322,2066702322,2066703322,2066704322,2066705322,2066706322
"logistic_ar1_n1000",521,2066692323,2066722323,2066752323,2066702323,2066703323,2066704323,2066705323,2066706323
"logistic_ar1_n1000",522,2066692324,2066722324,2066752324,2066702324,2066703324,2066704324,2066705324,2066706324
"logistic_ar1_n1000",523,2066692325,2066722325,2066752325,2066702325,2066703325,2066704325,2066705325,2066706325
"logistic_ar1_n1000",524,2066692326,2066722326,2066752326,2066702326,2066703326,2066704326,2066705326,2066706326
"logistic_ar1_n1000",525,2066692327,2066722327,2066752327,2066702327,2066703327,2066704327,2066705327,2066706327
"logistic_ar1_n1000",526,2066692328,2066722328,2066752328,2066702328,2066703328,2066704328,2066705328,2066706328
"logistic_ar1_n1000",527,2066692329,2066722329,2066752329,2066702329,2066703329,2066704329,2066705329,2066706329
"logistic_ar1_n1000",528,2066692330,2066722330,2066752330,2066702330,2066703330,2066704330,2066705330,2066706330
"logistic_ar1_n1000",529,2066692331,2066722331,2066752331,2066702331,2066703331,2066704331,2066705331,2066706331
"logistic_ar1_n1000",530,2066692332,2066722332,2066752332,2066702332,2066703332,2066704332,2066705332,2066706332
"logistic_ar1_n1000",531,2066692333,2066722333,2066752333,2066702333,2066703333,2066704333,2066705333,2066706333
"logistic_ar1_n1000",532,2066692334,2066722334,2066752334,2066702334,2066703334,2066704334,2066705334,2066706334
"logistic_ar1_n1000",533,2066692335,2066722335,2066752335,2066702335,2066703335,2066704335,2066705335,2066706335
"logistic_ar1_n1000",534,2066692336,2066722336,2066752336,2066702336,2066703336,2066704336,2066705336,2066706336
"logistic_ar1_n1000",535,2066692337,2066722337,2066752337,2066702337,2066703337,2066704337,2066705337,2066706337
"logistic_ar1_n1000",536,2066692338,2066722338,2066752338,2066702338,2066703338,2066704338,2066705338,2066706338
"logistic_ar1_n1000",537,2066692339,2066722339,2066752339,2066702339,2066703339,2066704339,2066705339,2066706339
"logistic_ar1_n1000",538,2066692340,2066722340,2066752340,2066702340,2066703340,2066704340,2066705340,2066706340
"logistic_ar1_n1000",539,2066692341,2066722341,2066752341,2066702341,2066703341,2066704341,2066705341,2066706341
"logistic_ar1_n1000",540,2066692342,2066722342,2066752342,2066702342,2066703342,2066704342,2066705342,2066706342
"logistic_ar1_n1000",541,2066692343,2066722343,2066752343,2066702343,2066703343,2066704343,2066705343,2066706343
"logistic_ar1_n1000",542,2066692344,2066722344,2066752344,2066702344,2066703344,2066704344,2066705344,2066706344
"logistic_ar1_n1000",543,2066692345,2066722345,2066752345,2066702345,2066703345,2066704345,2066705345,2066706345
"logistic_ar1_n1000",544,2066692346,2066722346,2066752346,2066702346,2066703346,2066704346,2066705346,2066706346
"logistic_ar1_n1000",545,2066692347,2066722347,2066752347,2066702347,2066703347,2066704347,2066705347,2066706347
"logistic_ar1_n1000",546,2066692348,2066722348,2066752348,2066702348,2066703348,2066704348,2066705348,2066706348
"logistic_ar1_n1000",547,2066692349,2066722349,2066752349,2066702349,2066703349,2066704349,2066705349,2066706349
"logistic_ar1_n1000",548,2066692350,2066722350,2066752350,2066702350,2066703350,2066704350,2066705350,2066706350
"logistic_ar1_n1000",549,2066692351,2066722351,2066752351,2066702351,2066703351,2066704351,2066705351,2066706351
"logistic_ar1_n1000",550,2066692352,2066722352,2066752352,2066702352,2066703352,2066704352,2066705352,2066706352
"logistic_ar1_n1000",551,2066692353,2066722353,2066752353,2066702353,2066703353,2066704353,2066705353,2066706353
"logistic_ar1_n1000",552,2066692354,2066722354,2066752354,2066702354,2066703354,2066704354,2066705354,2066706354
"logistic_ar1_n1000",553,2066692355,2066722355,2066752355,2066702355,2066703355,2066704355,2066705355,2066706355
"logistic_ar1_n1000",554,2066692356,2066722356,2066752356,2066702356,2066703356,2066704356,2066705356,2066706356
"logistic_ar1_n1000",555,2066692357,2066722357,2066752357,2066702357,2066703357,2066704357,2066705357,2066706357
"logistic_ar1_n1000",556,2066692358,2066722358,2066752358,2066702358,2066703358,2066704358,2066705358,2066706358
"logistic_ar1_n1000",557,2066692359,2066722359,2066752359,2066702359,2066703359,2066704359,2066705359,2066706359
"logistic_ar1_n1000",558,2066692360,2066722360,2066752360,2066702360,2066703360,2066704360,2066705360,2066706360
"logistic_ar1_n1000",559,2066692361,2066722361,2066752361,2066702361,2066703361,2066704361,2066705361,2066706361
"logistic_ar1_n1000",560,2066692362,2066722362,2066752362,2066702362,2066703362,2066704362,2066705362,2066706362
"logistic_ar1_n1000",561,2066692363,2066722363,2066752363,2066702363,2066703363,2066704363,2066705363,2066706363
"logistic_ar1_n1000",562,2066692364,2066722364,2066752364,2066702364,2066703364,2066704364,2066705364,2066706364
"logistic_ar1_n1000",563,2066692365,2066722365,2066752365,2066702365,2066703365,2066704365,2066705365,2066706365
"logistic_ar1_n1000",564,2066692366,2066722366,2066752366,2066702366,2066703366,2066704366,2066705366,2066706366
"logistic_ar1_n1000",565,2066692367,2066722367,2066752367,2066702367,2066703367,2066704367,2066705367,2066706367
"logistic_ar1_n1000",566,2066692368,2066722368,2066752368,2066702368,2066703368,2066704368,2066705368,2066706368
"logistic_ar1_n1000",567,2066692369,2066722369,2066752369,2066702369,2066703369,2066704369,2066705369,2066706369
"logistic_ar1_n1000",568,2066692370,2066722370,2066752370,2066702370,2066703370,2066704370,2066705370,2066706370
"logistic_ar1_n1000",569,2066692371,2066722371,2066752371,2066702371,2066703371,2066704371,2066705371,2066706371
"logistic_ar1_n1000",570,2066692372,2066722372,2066752372,2066702372,2066703372,2066704372,2066705372,2066706372
"logistic_ar1_n1000",571,2066692373,2066722373,2066752373,2066702373,2066703373,2066704373,2066705373,2066706373
"logistic_ar1_n1000",572,2066692374,2066722374,2066752374,2066702374,2066703374,2066704374,2066705374,2066706374
"logistic_ar1_n1000",573,2066692375,2066722375,2066752375,2066702375,2066703375,2066704375,2066705375,2066706375
"logistic_ar1_n1000",574,2066692376,2066722376,2066752376,2066702376,2066703376,2066704376,2066705376,2066706376
"logistic_ar1_n1000",575,2066692377,2066722377,2066752377,2066702377,2066703377,2066704377,2066705377,2066706377
"logistic_ar1_n1000",576,2066692378,2066722378,2066752378,2066702378,2066703378,2066704378,2066705378,2066706378
"logistic_ar1_n1000",577,2066692379,2066722379,2066752379,2066702379,2066703379,2066704379,2066705379,2066706379
"logistic_ar1_n1000",578,2066692380,2066722380,2066752380,2066702380,2066703380,2066704380,2066705380,2066706380
"logistic_ar1_n1000",579,2066692381,2066722381,2066752381,2066702381,2066703381,2066704381,2066705381,2066706381
"logistic_ar1_n1000",580,2066692382,2066722382,2066752382,2066702382,2066703382,2066704382,2066705382,2066706382
"logistic_ar1_n1000",581,2066692383,2066722383,2066752383,2066702383,2066703383,2066704383,2066705383,2066706383
"logistic_ar1_n1000",582,2066692384,2066722384,2066752384,2066702384,2066703384,2066704384,2066705384,2066706384
"logistic_ar1_n1000",583,2066692385,2066722385,2066752385,2066702385,2066703385,2066704385,2066705385,2066706385
"logistic_ar1_n1000",584,2066692386,2066722386,2066752386,2066702386,2066703386,2066704386,2066705386,2066706386
"logistic_ar1_n1000",585,2066692387,2066722387,2066752387,2066702387,2066703387,2066704387,2066705387,2066706387
"logistic_ar1_n1000",586,2066692388,2066722388,2066752388,2066702388,2066703388,2066704388,2066705388,2066706388
"logistic_ar1_n1000",587,2066692389,2066722389,2066752389,2066702389,2066703389,2066704389,2066705389,2066706389
"logistic_ar1_n1000",588,2066692390,2066722390,2066752390,2066702390,2066703390,2066704390,2066705390,2066706390
"logistic_ar1_n1000",589,2066692391,2066722391,2066752391,2066702391,2066703391,2066704391,2066705391,2066706391
"logistic_ar1_n1000",590,2066692392,2066722392,2066752392,2066702392,2066703392,2066704392,2066705392,2066706392
"logistic_ar1_n1000",591,2066692393,2066722393,2066752393,2066702393,2066703393,2066704393,2066705393,2066706393
"logistic_ar1_n1000",592,2066692394,2066722394,2066752394,2066702394,2066703394,2066704394,2066705394,2066706394
"logistic_ar1_n1000",593,2066692395,2066722395,2066752395,2066702395,2066703395,2066704395,2066705395,2066706395
"logistic_ar1_n1000",594,2066692396,2066722396,2066752396,2066702396,2066703396,2066704396,2066705396,2066706396
"logistic_ar1_n1000",595,2066692397,2066722397,2066752397,2066702397,2066703397,2066704397,2066705397,2066706397
"logistic_ar1_n1000",596,2066692398,2066722398,2066752398,2066702398,2066703398,2066704398,2066705398,2066706398
"logistic_ar1_n1000",597,2066692399,2066722399,2066752399,2066702399,2066703399,2066704399,2066705399,2066706399
"logistic_ar1_n1000",598,2066692400,2066722400,2066752400,2066702400,2066703400,2066704400,2066705400,2066706400
"logistic_ar1_n1000",599,2066692401,2066722401,2066752401,2066702401,2066703401,2066704401,2066705401,2066706401
"logistic_ar1_n1000",600,2066692402,2066722402,2066752402,2066702402,2066703402,2066704402,2066705402,2066706402
"logistic_ar1_n1000",601,2066692403,2066722403,2066752403,2066702403,2066703403,2066704403,2066705403,2066706403
"logistic_ar1_n1000",602,2066692404,2066722404,2066752404,2066702404,2066703404,2066704404,2066705404,2066706404
"logistic_ar1_n1000",603,2066692405,2066722405,2066752405,2066702405,2066703405,2066704405,2066705405,2066706405
"logistic_ar1_n1000",604,2066692406,2066722406,2066752406,2066702406,2066703406,2066704406,2066705406,2066706406
"logistic_ar1_n1000",605,2066692407,2066722407,2066752407,2066702407,2066703407,2066704407,2066705407,2066706407
"logistic_ar1_n1000",606,2066692408,2066722408,2066752408,2066702408,2066703408,2066704408,2066705408,2066706408
"logistic_ar1_n1000",607,2066692409,2066722409,2066752409,2066702409,2066703409,2066704409,2066705409,2066706409
"logistic_ar1_n1000",608,2066692410,2066722410,2066752410,2066702410,2066703410,2066704410,2066705410,2066706410
"logistic_ar1_n1000",609,2066692411,2066722411,2066752411,2066702411,2066703411,2066704411,2066705411,2066706411
"logistic_ar1_n1000",610,2066692412,2066722412,2066752412,2066702412,2066703412,2066704412,2066705412,2066706412
"logistic_ar1_n1000",611,2066692413,2066722413,2066752413,2066702413,2066703413,2066704413,2066705413,2066706413
"logistic_ar1_n1000",612,2066692414,2066722414,2066752414,2066702414,2066703414,2066704414,2066705414,2066706414
"logistic_ar1_n1000",613,2066692415,2066722415,2066752415,2066702415,2066703415,2066704415,2066705415,2066706415
"logistic_ar1_n1000",614,2066692416,2066722416,2066752416,2066702416,2066703416,2066704416,2066705416,2066706416
"logistic_ar1_n1000",615,2066692417,2066722417,2066752417,2066702417,2066703417,2066704417,2066705417,2066706417
"logistic_ar1_n1000",616,2066692418,2066722418,2066752418,2066702418,2066703418,2066704418,2066705418,2066706418
"logistic_ar1_n1000",617,2066692419,2066722419,2066752419,2066702419,2066703419,2066704419,2066705419,2066706419
"logistic_ar1_n1000",618,2066692420,2066722420,2066752420,2066702420,2066703420,2066704420,2066705420,2066706420
"logistic_ar1_n1000",619,2066692421,2066722421,2066752421,2066702421,2066703421,2066704421,2066705421,2066706421
"logistic_ar1_n1000",620,2066692422,2066722422,2066752422,2066702422,2066703422,2066704422,2066705422,2066706422
"logistic_ar1_n1000",621,2066692423,2066722423,2066752423,2066702423,2066703423,2066704423,2066705423,2066706423
"logistic_ar1_n1000",622,2066692424,2066722424,2066752424,2066702424,2066703424,2066704424,2066705424,2066706424
"logistic_ar1_n1000",623,2066692425,2066722425,2066752425,2066702425,2066703425,2066704425,2066705425,2066706425
"logistic_ar1_n1000",624,2066692426,2066722426,2066752426,2066702426,2066703426,2066704426,2066705426,2066706426
"logistic_ar1_n1000",625,2066692427,2066722427,2066752427,2066702427,2066703427,2066704427,2066705427,2066706427
"logistic_ar1_n1000",626,2066692428,2066722428,2066752428,2066702428,2066703428,2066704428,2066705428,2066706428
"logistic_ar1_n1000",627,2066692429,2066722429,2066752429,2066702429,2066703429,2066704429,2066705429,2066706429
"logistic_ar1_n1000",628,2066692430,2066722430,2066752430,2066702430,2066703430,2066704430,2066705430,2066706430
"logistic_ar1_n1000",629,2066692431,2066722431,2066752431,2066702431,2066703431,2066704431,2066705431,2066706431
"logistic_ar1_n1000",630,2066692432,2066722432,2066752432,2066702432,2066703432,2066704432,2066705432,2066706432
"logistic_ar1_n1000",631,2066692433,2066722433,2066752433,2066702433,2066703433,2066704433,2066705433,2066706433
"logistic_ar1_n1000",632,2066692434,2066722434,2066752434,2066702434,2066703434,2066704434,2066705434,2066706434
"logistic_ar1_n1000",633,2066692435,2066722435,2066752435,2066702435,2066703435,2066704435,2066705435,2066706435
"logistic_ar1_n1000",634,2066692436,2066722436,2066752436,2066702436,2066703436,2066704436,2066705436,2066706436
"logistic_ar1_n1000",635,2066692437,2066722437,2066752437,2066702437,2066703437,2066704437,2066705437,2066706437
"logistic_ar1_n1000",636,2066692438,2066722438,2066752438,2066702438,2066703438,2066704438,2066705438,2066706438
"logistic_ar1_n1000",637,2066692439,2066722439,2066752439,2066702439,2066703439,2066704439,2066705439,2066706439
"logistic_ar1_n1000",638,2066692440,2066722440,2066752440,2066702440,2066703440,2066704440,2066705440,2066706440
"logistic_ar1_n1000",639,2066692441,2066722441,2066752441,2066702441,2066703441,2066704441,2066705441,2066706441
"logistic_ar1_n1000",640,2066692442,2066722442,2066752442,2066702442,2066703442,2066704442,2066705442,2066706442
"logistic_ar1_n1000",641,2066692443,2066722443,2066752443,2066702443,2066703443,2066704443,2066705443,2066706443
"logistic_ar1_n1000",642,2066692444,2066722444,2066752444,2066702444,2066703444,2066704444,2066705444,2066706444
"logistic_ar1_n1000",643,2066692445,2066722445,2066752445,2066702445,2066703445,2066704445,2066705445,2066706445
"logistic_ar1_n1000",644,2066692446,2066722446,2066752446,2066702446,2066703446,2066704446,2066705446,2066706446
"logistic_ar1_n1000",645,2066692447,2066722447,2066752447,2066702447,2066703447,2066704447,2066705447,2066706447
"logistic_ar1_n1000",646,2066692448,2066722448,2066752448,2066702448,2066703448,2066704448,2066705448,2066706448
"logistic_ar1_n1000",647,2066692449,2066722449,2066752449,2066702449,2066703449,2066704449,2066705449,2066706449
"logistic_ar1_n1000",648,2066692450,2066722450,2066752450,2066702450,2066703450,2066704450,2066705450,2066706450
"logistic_ar1_n1000",649,2066692451,2066722451,2066752451,2066702451,2066703451,2066704451,2066705451,2066706451
"logistic_ar1_n1000",650,2066692452,2066722452,2066752452,2066702452,2066703452,2066704452,2066705452,2066706452
"logistic_ar1_n1000",651,2066692453,2066722453,2066752453,2066702453,2066703453,2066704453,2066705453,2066706453
"logistic_ar1_n1000",652,2066692454,2066722454,2066752454,2066702454,2066703454,2066704454,2066705454,2066706454
"logistic_ar1_n1000",653,2066692455,2066722455,2066752455,2066702455,2066703455,2066704455,2066705455,2066706455
"logistic_ar1_n1000",654,2066692456,2066722456,2066752456,2066702456,2066703456,2066704456,2066705456,2066706456
"logistic_ar1_n1000",655,2066692457,2066722457,2066752457,2066702457,2066703457,2066704457,2066705457,2066706457
"logistic_ar1_n1000",656,2066692458,2066722458,2066752458,2066702458,2066703458,2066704458,2066705458,2066706458
"logistic_ar1_n1000",657,2066692459,2066722459,2066752459,2066702459,2066703459,2066704459,2066705459,2066706459
"logistic_ar1_n1000",658,2066692460,2066722460,2066752460,2066702460,2066703460,2066704460,2066705460,2066706460
"logistic_ar1_n1000",659,2066692461,2066722461,2066752461,2066702461,2066703461,2066704461,2066705461,2066706461
"logistic_ar1_n1000",660,2066692462,2066722462,2066752462,2066702462,2066703462,2066704462,2066705462,2066706462
"logistic_ar1_n1000",661,2066692463,2066722463,2066752463,2066702463,2066703463,2066704463,2066705463,2066706463
"logistic_ar1_n1000",662,2066692464,2066722464,2066752464,2066702464,2066703464,2066704464,2066705464,2066706464
"logistic_ar1_n1000",663,2066692465,2066722465,2066752465,2066702465,2066703465,2066704465,2066705465,2066706465
"logistic_ar1_n1000",664,2066692466,2066722466,2066752466,2066702466,2066703466,2066704466,2066705466,2066706466
"logistic_ar1_n1000",665,2066692467,2066722467,2066752467,2066702467,2066703467,2066704467,2066705467,2066706467
"logistic_ar1_n1000",666,2066692468,2066722468,2066752468,2066702468,2066703468,2066704468,2066705468,2066706468
"logistic_ar1_n1000",667,2066692469,2066722469,2066752469,2066702469,2066703469,2066704469,2066705469,2066706469
"logistic_ar1_n1000",668,2066692470,2066722470,2066752470,2066702470,2066703470,2066704470,2066705470,2066706470
"logistic_ar1_n1000",669,2066692471,2066722471,2066752471,2066702471,2066703471,2066704471,2066705471,2066706471
"logistic_ar1_n1000",670,2066692472,2066722472,2066752472,2066702472,2066703472,2066704472,2066705472,2066706472
"logistic_ar1_n1000",671,2066692473,2066722473,2066752473,2066702473,2066703473,2066704473,2066705473,2066706473
"logistic_ar1_n1000",672,2066692474,2066722474,2066752474,2066702474,2066703474,2066704474,2066705474,2066706474
"logistic_ar1_n1000",673,2066692475,2066722475,2066752475,2066702475,2066703475,2066704475,2066705475,2066706475
"logistic_ar1_n1000",674,2066692476,2066722476,2066752476,2066702476,2066703476,2066704476,2066705476,2066706476
"logistic_ar1_n1000",675,2066692477,2066722477,2066752477,2066702477,2066703477,2066704477,2066705477,2066706477
"logistic_ar1_n1000",676,2066692478,2066722478,2066752478,2066702478,2066703478,2066704478,2066705478,2066706478
"logistic_ar1_n1000",677,2066692479,2066722479,2066752479,2066702479,2066703479,2066704479,2066705479,2066706479
"logistic_ar1_n1000",678,2066692480,2066722480,2066752480,2066702480,2066703480,2066704480,2066705480,2066706480
"logistic_ar1_n1000",679,2066692481,2066722481,2066752481,2066702481,2066703481,2066704481,2066705481,2066706481
"logistic_ar1_n1000",680,2066692482,2066722482,2066752482,2066702482,2066703482,2066704482,2066705482,2066706482
"logistic_ar1_n1000",681,2066692483,2066722483,2066752483,2066702483,2066703483,2066704483,2066705483,2066706483
"logistic_ar1_n1000",682,2066692484,2066722484,2066752484,2066702484,2066703484,2066704484,2066705484,2066706484
"logistic_ar1_n1000",683,2066692485,2066722485,2066752485,2066702485,2066703485,2066704485,2066705485,2066706485
"logistic_ar1_n1000",684,2066692486,2066722486,2066752486,2066702486,2066703486,2066704486,2066705486,2066706486
"logistic_ar1_n1000",685,2066692487,2066722487,2066752487,2066702487,2066703487,2066704487,2066705487,2066706487
"logistic_ar1_n1000",686,2066692488,2066722488,2066752488,2066702488,2066703488,2066704488,2066705488,2066706488
"logistic_ar1_n1000",687,2066692489,2066722489,2066752489,2066702489,2066703489,2066704489,2066705489,2066706489
"logistic_ar1_n1000",688,2066692490,2066722490,2066752490,2066702490,2066703490,2066704490,2066705490,2066706490
"logistic_ar1_n1000",689,2066692491,2066722491,2066752491,2066702491,2066703491,2066704491,2066705491,2066706491
"logistic_ar1_n1000",690,2066692492,2066722492,2066752492,2066702492,2066703492,2066704492,2066705492,2066706492
"logistic_ar1_n1000",691,2066692493,2066722493,2066752493,2066702493,2066703493,2066704493,2066705493,2066706493
"logistic_ar1_n1000",692,2066692494,2066722494,2066752494,2066702494,2066703494,2066704494,2066705494,2066706494
"logistic_ar1_n1000",693,2066692495,2066722495,2066752495,2066702495,2066703495,2066704495,2066705495,2066706495
"logistic_ar1_n1000",694,2066692496,2066722496,2066752496,2066702496,2066703496,2066704496,2066705496,2066706496
"logistic_ar1_n1000",695,2066692497,2066722497,2066752497,2066702497,2066703497,2066704497,2066705497,2066706497
"logistic_ar1_n1000",696,2066692498,2066722498,2066752498,2066702498,2066703498,2066704498,2066705498,2066706498
"logistic_ar1_n1000",697,2066692499,2066722499,2066752499,2066702499,2066703499,2066704499,2066705499,2066706499
"logistic_ar1_n1000",698,2066692500,2066722500,2066752500,2066702500,2066703500,2066704500,2066705500,2066706500
"logistic_ar1_n1000",699,2066692501,2066722501,2066752501,2066702501,2066703501,2066704501,2066705501,2066706501
"logistic_ar1_n1000",700,2066692502,2066722502,2066752502,2066702502,2066703502,2066704502,2066705502,2066706502
"logistic_ar1_n1000",701,2066692503,2066722503,2066752503,2066702503,2066703503,2066704503,2066705503,2066706503
"logistic_ar1_n1000",702,2066692504,2066722504,2066752504,2066702504,2066703504,2066704504,2066705504,2066706504
"logistic_ar1_n1000",703,2066692505,2066722505,2066752505,2066702505,2066703505,2066704505,2066705505,2066706505
"logistic_ar1_n1000",704,2066692506,2066722506,2066752506,2066702506,2066703506,2066704506,2066705506,2066706506
"logistic_ar1_n1000",705,2066692507,2066722507,2066752507,2066702507,2066703507,2066704507,2066705507,2066706507
"logistic_ar1_n1000",706,2066692508,2066722508,2066752508,2066702508,2066703508,2066704508,2066705508,2066706508
"logistic_ar1_n1000",707,2066692509,2066722509,2066752509,2066702509,2066703509,2066704509,2066705509,2066706509
"logistic_ar1_n1000",708,2066692510,2066722510,2066752510,2066702510,2066703510,2066704510,2066705510,2066706510
"logistic_ar1_n1000",709,2066692511,2066722511,2066752511,2066702511,2066703511,2066704511,2066705511,2066706511
"logistic_ar1_n1000",710,2066692512,2066722512,2066752512,2066702512,2066703512,2066704512,2066705512,2066706512
"logistic_ar1_n1000",711,2066692513,2066722513,2066752513,2066702513,2066703513,2066704513,2066705513,2066706513
"logistic_ar1_n1000",712,2066692514,2066722514,2066752514,2066702514,2066703514,2066704514,2066705514,2066706514
"logistic_ar1_n1000",713,2066692515,2066722515,2066752515,2066702515,2066703515,2066704515,2066705515,2066706515
"logistic_ar1_n1000",714,2066692516,2066722516,2066752516,2066702516,2066703516,2066704516,2066705516,2066706516
"logistic_ar1_n1000",715,2066692517,2066722517,2066752517,2066702517,2066703517,2066704517,2066705517,2066706517
"logistic_ar1_n1000",716,2066692518,2066722518,2066752518,2066702518,2066703518,2066704518,2066705518,2066706518
"logistic_ar1_n1000",717,2066692519,2066722519,2066752519,2066702519,2066703519,2066704519,2066705519,2066706519
"logistic_ar1_n1000",718,2066692520,2066722520,2066752520,2066702520,2066703520,2066704520,2066705520,2066706520
"logistic_ar1_n1000",719,2066692521,2066722521,2066752521,2066702521,2066703521,2066704521,2066705521,2066706521
"logistic_ar1_n1000",720,2066692522,2066722522,2066752522,2066702522,2066703522,2066704522,2066705522,2066706522
"logistic_ar1_n1000",721,2066692523,2066722523,2066752523,2066702523,2066703523,2066704523,2066705523,2066706523
"logistic_ar1_n1000",722,2066692524,2066722524,2066752524,2066702524,2066703524,2066704524,2066705524,2066706524
"logistic_ar1_n1000",723,2066692525,2066722525,2066752525,2066702525,2066703525,2066704525,2066705525,2066706525
"logistic_ar1_n1000",724,2066692526,2066722526,2066752526,2066702526,2066703526,2066704526,2066705526,2066706526
"logistic_ar1_n1000",725,2066692527,2066722527,2066752527,2066702527,2066703527,2066704527,2066705527,2066706527
"logistic_ar1_n1000",726,2066692528,2066722528,2066752528,2066702528,2066703528,2066704528,2066705528,2066706528
"logistic_ar1_n1000",727,2066692529,2066722529,2066752529,2066702529,2066703529,2066704529,2066705529,2066706529
"logistic_ar1_n1000",728,2066692530,2066722530,2066752530,2066702530,2066703530,2066704530,2066705530,2066706530
"logistic_ar1_n1000",729,2066692531,2066722531,2066752531,2066702531,2066703531,2066704531,2066705531,2066706531
"logistic_ar1_n1000",730,2066692532,2066722532,2066752532,2066702532,2066703532,2066704532,2066705532,2066706532
"logistic_ar1_n1000",731,2066692533,2066722533,2066752533,2066702533,2066703533,2066704533,2066705533,2066706533
"logistic_ar1_n1000",732,2066692534,2066722534,2066752534,2066702534,2066703534,2066704534,2066705534,2066706534
"logistic_ar1_n1000",733,2066692535,2066722535,2066752535,2066702535,2066703535,2066704535,2066705535,2066706535
"logistic_ar1_n1000",734,2066692536,2066722536,2066752536,2066702536,2066703536,2066704536,2066705536,2066706536
"logistic_ar1_n1000",735,2066692537,2066722537,2066752537,2066702537,2066703537,2066704537,2066705537,2066706537
"logistic_ar1_n1000",736,2066692538,2066722538,2066752538,2066702538,2066703538,2066704538,2066705538,2066706538
"logistic_ar1_n1000",737,2066692539,2066722539,2066752539,2066702539,2066703539,2066704539,2066705539,2066706539
"logistic_ar1_n1000",738,2066692540,2066722540,2066752540,2066702540,2066703540,2066704540,2066705540,2066706540
"logistic_ar1_n1000",739,2066692541,2066722541,2066752541,2066702541,2066703541,2066704541,2066705541,2066706541
"logistic_ar1_n1000",740,2066692542,2066722542,2066752542,2066702542,2066703542,2066704542,2066705542,2066706542
"logistic_ar1_n1000",741,2066692543,2066722543,2066752543,2066702543,2066703543,2066704543,2066705543,2066706543
"logistic_ar1_n1000",742,2066692544,2066722544,2066752544,2066702544,2066703544,2066704544,2066705544,2066706544
"logistic_ar1_n1000",743,2066692545,2066722545,2066752545,2066702545,2066703545,2066704545,2066705545,2066706545
"logistic_ar1_n1000",744,2066692546,2066722546,2066752546,2066702546,2066703546,2066704546,2066705546,2066706546
"logistic_ar1_n1000",745,2066692547,2066722547,2066752547,2066702547,2066703547,2066704547,2066705547,2066706547
"logistic_ar1_n1000",746,2066692548,2066722548,2066752548,2066702548,2066703548,2066704548,2066705548,2066706548
"logistic_ar1_n1000",747,2066692549,2066722549,2066752549,2066702549,2066703549,2066704549,2066705549,2066706549
"logistic_ar1_n1000",748,2066692550,2066722550,2066752550,2066702550,2066703550,2066704550,2066705550,2066706550
"logistic_ar1_n1000",749,2066692551,2066722551,2066752551,2066702551,2066703551,2066704551,2066705551,2066706551
"logistic_ar1_n1000",750,2066692552,2066722552,2066752552,2066702552,2066703552,2066704552,2066705552,2066706552
"logistic_ar1_n1000",751,2066692553,2066722553,2066752553,2066702553,2066703553,2066704553,2066705553,2066706553
"logistic_ar1_n1000",752,2066692554,2066722554,2066752554,2066702554,2066703554,2066704554,2066705554,2066706554
"logistic_ar1_n1000",753,2066692555,2066722555,2066752555,2066702555,2066703555,2066704555,2066705555,2066706555
"logistic_ar1_n1000",754,2066692556,2066722556,2066752556,2066702556,2066703556,2066704556,2066705556,2066706556
"logistic_ar1_n1000",755,2066692557,2066722557,2066752557,2066702557,2066703557,2066704557,2066705557,2066706557
"logistic_ar1_n1000",756,2066692558,2066722558,2066752558,2066702558,2066703558,2066704558,2066705558,2066706558
"logistic_ar1_n1000",757,2066692559,2066722559,2066752559,2066702559,2066703559,2066704559,2066705559,2066706559
"logistic_ar1_n1000",758,2066692560,2066722560,2066752560,2066702560,2066703560,2066704560,2066705560,2066706560
"logistic_ar1_n1000",759,2066692561,2066722561,2066752561,2066702561,2066703561,2066704561,2066705561,2066706561
"logistic_ar1_n1000",760,2066692562,2066722562,2066752562,2066702562,2066703562,2066704562,2066705562,2066706562
"logistic_ar1_n1000",761,2066692563,2066722563,2066752563,2066702563,2066703563,2066704563,2066705563,2066706563
"logistic_ar1_n1000",762,2066692564,2066722564,2066752564,2066702564,2066703564,2066704564,2066705564,2066706564
"logistic_ar1_n1000",763,2066692565,2066722565,2066752565,2066702565,2066703565,2066704565,2066705565,2066706565
"logistic_ar1_n1000",764,2066692566,2066722566,2066752566,2066702566,2066703566,2066704566,2066705566,2066706566
"logistic_ar1_n1000",765,2066692567,2066722567,2066752567,2066702567,2066703567,2066704567,2066705567,2066706567
"logistic_ar1_n1000",766,2066692568,2066722568,2066752568,2066702568,2066703568,2066704568,2066705568,2066706568
"logistic_ar1_n1000",767,2066692569,2066722569,2066752569,2066702569,2066703569,2066704569,2066705569,2066706569
"logistic_ar1_n1000",768,2066692570,2066722570,2066752570,2066702570,2066703570,2066704570,2066705570,2066706570
"logistic_ar1_n1000",769,2066692571,2066722571,2066752571,2066702571,2066703571,2066704571,2066705571,2066706571
"logistic_ar1_n1000",770,2066692572,2066722572,2066752572,2066702572,2066703572,2066704572,2066705572,2066706572
"logistic_ar1_n1000",771,2066692573,2066722573,2066752573,2066702573,2066703573,2066704573,2066705573,2066706573
"logistic_ar1_n1000",772,2066692574,2066722574,2066752574,2066702574,2066703574,2066704574,2066705574,2066706574
"logistic_ar1_n1000",773,2066692575,2066722575,2066752575,2066702575,2066703575,2066704575,2066705575,2066706575
"logistic_ar1_n1000",774,2066692576,2066722576,2066752576,2066702576,2066703576,2066704576,2066705576,2066706576
"logistic_ar1_n1000",775,2066692577,2066722577,2066752577,2066702577,2066703577,2066704577,2066705577,2066706577
"logistic_ar1_n1000",776,2066692578,2066722578,2066752578,2066702578,2066703578,2066704578,2066705578,2066706578
"logistic_ar1_n1000",777,2066692579,2066722579,2066752579,2066702579,2066703579,2066704579,2066705579,2066706579
"logistic_ar1_n1000",778,2066692580,2066722580,2066752580,2066702580,2066703580,2066704580,2066705580,2066706580
"logistic_ar1_n1000",779,2066692581,2066722581,2066752581,2066702581,2066703581,2066704581,2066705581,2066706581
"logistic_ar1_n1000",780,2066692582,2066722582,2066752582,2066702582,2066703582,2066704582,2066705582,2066706582
"logistic_ar1_n1000",781,2066692583,2066722583,2066752583,2066702583,2066703583,2066704583,2066705583,2066706583
"logistic_ar1_n1000",782,2066692584,2066722584,2066752584,2066702584,2066703584,2066704584,2066705584,2066706584
"logistic_ar1_n1000",783,2066692585,2066722585,2066752585,2066702585,2066703585,2066704585,2066705585,2066706585
"logistic_ar1_n1000",784,2066692586,2066722586,2066752586,2066702586,2066703586,2066704586,2066705586,2066706586
"logistic_ar1_n1000",785,2066692587,2066722587,2066752587,2066702587,2066703587,2066704587,2066705587,2066706587
"logistic_ar1_n1000",786,2066692588,2066722588,2066752588,2066702588,2066703588,2066704588,2066705588,2066706588
"logistic_ar1_n1000",787,2066692589,2066722589,2066752589,2066702589,2066703589,2066704589,2066705589,2066706589
"logistic_ar1_n1000",788,2066692590,2066722590,2066752590,2066702590,2066703590,2066704590,2066705590,2066706590
"logistic_ar1_n1000",789,2066692591,2066722591,2066752591,2066702591,2066703591,2066704591,2066705591,2066706591
"logistic_ar1_n1000",790,2066692592,2066722592,2066752592,2066702592,2066703592,2066704592,2066705592,2066706592
"logistic_ar1_n1000",791,2066692593,2066722593,2066752593,2066702593,2066703593,2066704593,2066705593,2066706593
"logistic_ar1_n1000",792,2066692594,2066722594,2066752594,2066702594,2066703594,2066704594,2066705594,2066706594
"logistic_ar1_n1000",793,2066692595,2066722595,2066752595,2066702595,2066703595,2066704595,2066705595,2066706595
"logistic_ar1_n1000",794,2066692596,2066722596,2066752596,2066702596,2066703596,2066704596,2066705596,2066706596
"logistic_ar1_n1000",795,2066692597,2066722597,2066752597,2066702597,2066703597,2066704597,2066705597,2066706597
"logistic_ar1_n1000",796,2066692598,2066722598,2066752598,2066702598,2066703598,2066704598,2066705598,2066706598
"logistic_ar1_n1000",797,2066692599,2066722599,2066752599,2066702599,2066703599,2066704599,2066705599,2066706599
"logistic_ar1_n1000",798,2066692600,2066722600,2066752600,2066702600,2066703600,2066704600,2066705600,2066706600
"logistic_ar1_n1000",799,2066692601,2066722601,2066752601,2066702601,2066703601,2066704601,2066705601,2066706601
"logistic_ar1_n1000",800,2066692602,2066722602,2066752602,2066702602,2066703602,2066704602,2066705602,2066706602
"logistic_ar1_n1000",801,2066692603,2066722603,2066752603,2066702603,2066703603,2066704603,2066705603,2066706603
"logistic_ar1_n1000",802,2066692604,2066722604,2066752604,2066702604,2066703604,2066704604,2066705604,2066706604
"logistic_ar1_n1000",803,2066692605,2066722605,2066752605,2066702605,2066703605,2066704605,2066705605,2066706605
"logistic_ar1_n1000",804,2066692606,2066722606,2066752606,2066702606,2066703606,2066704606,2066705606,2066706606
"logistic_ar1_n1000",805,2066692607,2066722607,2066752607,2066702607,2066703607,2066704607,2066705607,2066706607
"logistic_ar1_n1000",806,2066692608,2066722608,2066752608,2066702608,2066703608,2066704608,2066705608,2066706608
"logistic_ar1_n1000",807,2066692609,2066722609,2066752609,2066702609,2066703609,2066704609,2066705609,2066706609
"logistic_ar1_n1000",808,2066692610,2066722610,2066752610,2066702610,2066703610,2066704610,2066705610,2066706610
"logistic_ar1_n1000",809,2066692611,2066722611,2066752611,2066702611,2066703611,2066704611,2066705611,2066706611
"logistic_ar1_n1000",810,2066692612,2066722612,2066752612,2066702612,2066703612,2066704612,2066705612,2066706612
"logistic_ar1_n1000",811,2066692613,2066722613,2066752613,2066702613,2066703613,2066704613,2066705613,2066706613
"logistic_ar1_n1000",812,2066692614,2066722614,2066752614,2066702614,2066703614,2066704614,2066705614,2066706614
"logistic_ar1_n1000",813,2066692615,2066722615,2066752615,2066702615,2066703615,2066704615,2066705615,2066706615
"logistic_ar1_n1000",814,2066692616,2066722616,2066752616,2066702616,2066703616,2066704616,2066705616,2066706616
"logistic_ar1_n1000",815,2066692617,2066722617,2066752617,2066702617,2066703617,2066704617,2066705617,2066706617
"logistic_ar1_n1000",816,2066692618,2066722618,2066752618,2066702618,2066703618,2066704618,2066705618,2066706618
"logistic_ar1_n1000",817,2066692619,2066722619,2066752619,2066702619,2066703619,2066704619,2066705619,2066706619
"logistic_ar1_n1000",818,2066692620,2066722620,2066752620,2066702620,2066703620,2066704620,2066705620,2066706620
"logistic_ar1_n1000",819,2066692621,2066722621,2066752621,2066702621,2066703621,2066704621,2066705621,2066706621
"logistic_ar1_n1000",820,2066692622,2066722622,2066752622,2066702622,2066703622,2066704622,2066705622,2066706622
"logistic_ar1_n1000",821,2066692623,2066722623,2066752623,2066702623,2066703623,2066704623,2066705623,2066706623
"logistic_ar1_n1000",822,2066692624,2066722624,2066752624,2066702624,2066703624,2066704624,2066705624,2066706624
"logistic_ar1_n1000",823,2066692625,2066722625,2066752625,2066702625,2066703625,2066704625,2066705625,2066706625
"logistic_ar1_n1000",824,2066692626,2066722626,2066752626,2066702626,2066703626,2066704626,2066705626,2066706626
"logistic_ar1_n1000",825,2066692627,2066722627,2066752627,2066702627,2066703627,2066704627,2066705627,2066706627
"logistic_ar1_n1000",826,2066692628,2066722628,2066752628,2066702628,2066703628,2066704628,2066705628,2066706628
"logistic_ar1_n1000",827,2066692629,2066722629,2066752629,2066702629,2066703629,2066704629,2066705629,2066706629
"logistic_ar1_n1000",828,2066692630,2066722630,2066752630,2066702630,2066703630,2066704630,2066705630,2066706630
"logistic_ar1_n1000",829,2066692631,2066722631,2066752631,2066702631,2066703631,2066704631,2066705631,2066706631
"logistic_ar1_n1000",830,2066692632,2066722632,2066752632,2066702632,2066703632,2066704632,2066705632,2066706632
"logistic_ar1_n1000",831,2066692633,2066722633,2066752633,2066702633,2066703633,2066704633,2066705633,2066706633
"logistic_ar1_n1000",832,2066692634,2066722634,2066752634,2066702634,2066703634,2066704634,2066705634,2066706634
"logistic_ar1_n1000",833,2066692635,2066722635,2066752635,2066702635,2066703635,2066704635,2066705635,2066706635
"logistic_ar1_n1000",834,2066692636,2066722636,2066752636,2066702636,2066703636,2066704636,2066705636,2066706636
"logistic_ar1_n1000",835,2066692637,2066722637,2066752637,2066702637,2066703637,2066704637,2066705637,2066706637
"logistic_ar1_n1000",836,2066692638,2066722638,2066752638,2066702638,2066703638,2066704638,2066705638,2066706638
"logistic_ar1_n1000",837,2066692639,2066722639,2066752639,2066702639,2066703639,2066704639,2066705639,2066706639
"logistic_ar1_n1000",838,2066692640,2066722640,2066752640,2066702640,2066703640,2066704640,2066705640,2066706640
"logistic_ar1_n1000",839,2066692641,2066722641,2066752641,2066702641,2066703641,2066704641,2066705641,2066706641
"logistic_ar1_n1000",840,2066692642,2066722642,2066752642,2066702642,2066703642,2066704642,2066705642,2066706642
"logistic_ar1_n1000",841,2066692643,2066722643,2066752643,2066702643,2066703643,2066704643,2066705643,2066706643
"logistic_ar1_n1000",842,2066692644,2066722644,2066752644,2066702644,2066703644,2066704644,2066705644,2066706644
"logistic_ar1_n1000",843,2066692645,2066722645,2066752645,2066702645,2066703645,2066704645,2066705645,2066706645
"logistic_ar1_n1000",844,2066692646,2066722646,2066752646,2066702646,2066703646,2066704646,2066705646,2066706646
"logistic_ar1_n1000",845,2066692647,2066722647,2066752647,2066702647,2066703647,2066704647,2066705647,2066706647
"logistic_ar1_n1000",846,2066692648,2066722648,2066752648,2066702648,2066703648,2066704648,2066705648,2066706648
"logistic_ar1_n1000",847,2066692649,2066722649,2066752649,2066702649,2066703649,2066704649,2066705649,2066706649
"logistic_ar1_n1000",848,2066692650,2066722650,2066752650,2066702650,2066703650,2066704650,2066705650,2066706650
"logistic_ar1_n1000",849,2066692651,2066722651,2066752651,2066702651,2066703651,2066704651,2066705651,2066706651
"logistic_ar1_n1000",850,2066692652,2066722652,2066752652,2066702652,2066703652,2066704652,2066705652,2066706652
"logistic_ar1_n1000",851,2066692653,2066722653,2066752653,2066702653,2066703653,2066704653,2066705653,2066706653
"logistic_ar1_n1000",852,2066692654,2066722654,2066752654,2066702654,2066703654,2066704654,2066705654,2066706654
"logistic_ar1_n1000",853,2066692655,2066722655,2066752655,2066702655,2066703655,2066704655,2066705655,2066706655
"logistic_ar1_n1000",854,2066692656,2066722656,2066752656,2066702656,2066703656,2066704656,2066705656,2066706656
"logistic_ar1_n1000",855,2066692657,2066722657,2066752657,2066702657,2066703657,2066704657,2066705657,2066706657
"logistic_ar1_n1000",856,2066692658,2066722658,2066752658,2066702658,2066703658,2066704658,2066705658,2066706658
"logistic_ar1_n1000",857,2066692659,2066722659,2066752659,2066702659,2066703659,2066704659,2066705659,2066706659
"logistic_ar1_n1000",858,2066692660,2066722660,2066752660,2066702660,2066703660,2066704660,2066705660,2066706660
"logistic_ar1_n1000",859,2066692661,2066722661,2066752661,2066702661,2066703661,2066704661,2066705661,2066706661
"logistic_ar1_n1000",860,2066692662,2066722662,2066752662,2066702662,2066703662,2066704662,2066705662,2066706662
"logistic_ar1_n1000",861,2066692663,2066722663,2066752663,2066702663,2066703663,2066704663,2066705663,2066706663
"logistic_ar1_n1000",862,2066692664,2066722664,2066752664,2066702664,2066703664,2066704664,2066705664,2066706664
"logistic_ar1_n1000",863,2066692665,2066722665,2066752665,2066702665,2066703665,2066704665,2066705665,2066706665
"logistic_ar1_n1000",864,2066692666,2066722666,2066752666,2066702666,2066703666,2066704666,2066705666,2066706666
"logistic_ar1_n1000",865,2066692667,2066722667,2066752667,2066702667,2066703667,2066704667,2066705667,2066706667
"logistic_ar1_n1000",866,2066692668,2066722668,2066752668,2066702668,2066703668,2066704668,2066705668,2066706668
"logistic_ar1_n1000",867,2066692669,2066722669,2066752669,2066702669,2066703669,2066704669,2066705669,2066706669
"logistic_ar1_n1000",868,2066692670,2066722670,2066752670,2066702670,2066703670,2066704670,2066705670,2066706670
"logistic_ar1_n1000",869,2066692671,2066722671,2066752671,2066702671,2066703671,2066704671,2066705671,2066706671
"logistic_ar1_n1000",870,2066692672,2066722672,2066752672,2066702672,2066703672,2066704672,2066705672,2066706672
"logistic_ar1_n1000",871,2066692673,2066722673,2066752673,2066702673,2066703673,2066704673,2066705673,2066706673
"logistic_ar1_n1000",872,2066692674,2066722674,2066752674,2066702674,2066703674,2066704674,2066705674,2066706674
"logistic_ar1_n1000",873,2066692675,2066722675,2066752675,2066702675,2066703675,2066704675,2066705675,2066706675
"logistic_ar1_n1000",874,2066692676,2066722676,2066752676,2066702676,2066703676,2066704676,2066705676,2066706676
"logistic_ar1_n1000",875,2066692677,2066722677,2066752677,2066702677,2066703677,2066704677,2066705677,2066706677
"logistic_ar1_n1000",876,2066692678,2066722678,2066752678,2066702678,2066703678,2066704678,2066705678,2066706678
"logistic_ar1_n1000",877,2066692679,2066722679,2066752679,2066702679,2066703679,2066704679,2066705679,2066706679
"logistic_ar1_n1000",878,2066692680,2066722680,2066752680,2066702680,2066703680,2066704680,2066705680,2066706680
"logistic_ar1_n1000",879,2066692681,2066722681,2066752681,2066702681,2066703681,2066704681,2066705681,2066706681
"logistic_ar1_n1000",880,2066692682,2066722682,2066752682,2066702682,2066703682,2066704682,2066705682,2066706682
"logistic_ar1_n1000",881,2066692683,2066722683,2066752683,2066702683,2066703683,2066704683,2066705683,2066706683
"logistic_ar1_n1000",882,2066692684,2066722684,2066752684,2066702684,2066703684,2066704684,2066705684,2066706684
"logistic_ar1_n1000",883,2066692685,2066722685,2066752685,2066702685,2066703685,2066704685,2066705685,2066706685
"logistic_ar1_n1000",884,2066692686,2066722686,2066752686,2066702686,2066703686,2066704686,2066705686,2066706686
"logistic_ar1_n1000",885,2066692687,2066722687,2066752687,2066702687,2066703687,2066704687,2066705687,2066706687
"logistic_ar1_n1000",886,2066692688,2066722688,2066752688,2066702688,2066703688,2066704688,2066705688,2066706688
"logistic_ar1_n1000",887,2066692689,2066722689,2066752689,2066702689,2066703689,2066704689,2066705689,2066706689
"logistic_ar1_n1000",888,2066692690,2066722690,2066752690,2066702690,2066703690,2066704690,2066705690,2066706690
"logistic_ar1_n1000",889,2066692691,2066722691,2066752691,2066702691,2066703691,2066704691,2066705691,2066706691
"logistic_ar1_n1000",890,2066692692,2066722692,2066752692,2066702692,2066703692,2066704692,2066705692,2066706692
"logistic_ar1_n1000",891,2066692693,2066722693,2066752693,2066702693,2066703693,2066704693,2066705693,2066706693
"logistic_ar1_n1000",892,2066692694,2066722694,2066752694,2066702694,2066703694,2066704694,2066705694,2066706694
"logistic_ar1_n1000",893,2066692695,2066722695,2066752695,2066702695,2066703695,2066704695,2066705695,2066706695
"logistic_ar1_n1000",894,2066692696,2066722696,2066752696,2066702696,2066703696,2066704696,2066705696,2066706696
"logistic_ar1_n1000",895,2066692697,2066722697,2066752697,2066702697,2066703697,2066704697,2066705697,2066706697
"logistic_ar1_n1000",896,2066692698,2066722698,2066752698,2066702698,2066703698,2066704698,2066705698,2066706698
"logistic_ar1_n1000",897,2066692699,2066722699,2066752699,2066702699,2066703699,2066704699,2066705699,2066706699
"logistic_ar1_n1000",898,2066692700,2066722700,2066752700,2066702700,2066703700,2066704700,2066705700,2066706700
"logistic_ar1_n1000",899,2066692701,2066722701,2066752701,2066702701,2066703701,2066704701,2066705701,2066706701
"logistic_ar1_n1000",900,2066692702,2066722702,2066752702,2066702702,2066703702,2066704702,2066705702,2066706702
"logistic_ar1_n1000",901,2066692703,2066722703,2066752703,2066702703,2066703703,2066704703,2066705703,2066706703
"logistic_ar1_n1000",902,2066692704,2066722704,2066752704,2066702704,2066703704,2066704704,2066705704,2066706704
"logistic_ar1_n1000",903,2066692705,2066722705,2066752705,2066702705,2066703705,2066704705,2066705705,2066706705
"logistic_ar1_n1000",904,2066692706,2066722706,2066752706,2066702706,2066703706,2066704706,2066705706,2066706706
"logistic_ar1_n1000",905,2066692707,2066722707,2066752707,2066702707,2066703707,2066704707,2066705707,2066706707
"logistic_ar1_n1000",906,2066692708,2066722708,2066752708,2066702708,2066703708,2066704708,2066705708,2066706708
"logistic_ar1_n1000",907,2066692709,2066722709,2066752709,2066702709,2066703709,2066704709,2066705709,2066706709
"logistic_ar1_n1000",908,2066692710,2066722710,2066752710,2066702710,2066703710,2066704710,2066705710,2066706710
"logistic_ar1_n1000",909,2066692711,2066722711,2066752711,2066702711,2066703711,2066704711,2066705711,2066706711
"logistic_ar1_n1000",910,2066692712,2066722712,2066752712,2066702712,2066703712,2066704712,2066705712,2066706712
"logistic_ar1_n1000",911,2066692713,2066722713,2066752713,2066702713,2066703713,2066704713,2066705713,2066706713
"logistic_ar1_n1000",912,2066692714,2066722714,2066752714,2066702714,2066703714,2066704714,2066705714,2066706714
"logistic_ar1_n1000",913,2066692715,2066722715,2066752715,2066702715,2066703715,2066704715,2066705715,2066706715
"logistic_ar1_n1000",914,2066692716,2066722716,2066752716,2066702716,2066703716,2066704716,2066705716,2066706716
"logistic_ar1_n1000",915,2066692717,2066722717,2066752717,2066702717,2066703717,2066704717,2066705717,2066706717
"logistic_ar1_n1000",916,2066692718,2066722718,2066752718,2066702718,2066703718,2066704718,2066705718,2066706718
"logistic_ar1_n1000",917,2066692719,2066722719,2066752719,2066702719,2066703719,2066704719,2066705719,2066706719
"logistic_ar1_n1000",918,2066692720,2066722720,2066752720,2066702720,2066703720,2066704720,2066705720,2066706720
"logistic_ar1_n1000",919,2066692721,2066722721,2066752721,2066702721,2066703721,2066704721,2066705721,2066706721
"logistic_ar1_n1000",920,2066692722,2066722722,2066752722,2066702722,2066703722,2066704722,2066705722,2066706722
"logistic_ar1_n1000",921,2066692723,2066722723,2066752723,2066702723,2066703723,2066704723,2066705723,2066706723
"logistic_ar1_n1000",922,2066692724,2066722724,2066752724,2066702724,2066703724,2066704724,2066705724,2066706724
"logistic_ar1_n1000",923,2066692725,2066722725,2066752725,2066702725,2066703725,2066704725,2066705725,2066706725
"logistic_ar1_n1000",924,2066692726,2066722726,2066752726,2066702726,2066703726,2066704726,2066705726,2066706726
"logistic_ar1_n1000",925,2066692727,2066722727,2066752727,2066702727,2066703727,2066704727,2066705727,2066706727
"logistic_ar1_n1000",926,2066692728,2066722728,2066752728,2066702728,2066703728,2066704728,2066705728,2066706728
"logistic_ar1_n1000",927,2066692729,2066722729,2066752729,2066702729,2066703729,2066704729,2066705729,2066706729
"logistic_ar1_n1000",928,2066692730,2066722730,2066752730,2066702730,2066703730,2066704730,2066705730,2066706730
"logistic_ar1_n1000",929,2066692731,2066722731,2066752731,2066702731,2066703731,2066704731,2066705731,2066706731
"logistic_ar1_n1000",930,2066692732,2066722732,2066752732,2066702732,2066703732,2066704732,2066705732,2066706732
"logistic_ar1_n1000",931,2066692733,2066722733,2066752733,2066702733,2066703733,2066704733,2066705733,2066706733
"logistic_ar1_n1000",932,2066692734,2066722734,2066752734,2066702734,2066703734,2066704734,2066705734,2066706734
"logistic_ar1_n1000",933,2066692735,2066722735,2066752735,2066702735,2066703735,2066704735,2066705735,2066706735
"logistic_ar1_n1000",934,2066692736,2066722736,2066752736,2066702736,2066703736,2066704736,2066705736,2066706736
"logistic_ar1_n1000",935,2066692737,2066722737,2066752737,2066702737,2066703737,2066704737,2066705737,2066706737
"logistic_ar1_n1000",936,2066692738,2066722738,2066752738,2066702738,2066703738,2066704738,2066705738,2066706738
"logistic_ar1_n1000",937,2066692739,2066722739,2066752739,2066702739,2066703739,2066704739,2066705739,2066706739
"logistic_ar1_n1000",938,2066692740,2066722740,2066752740,2066702740,2066703740,2066704740,2066705740,2066706740
"logistic_ar1_n1000",939,2066692741,2066722741,2066752741,2066702741,2066703741,2066704741,2066705741,2066706741
"logistic_ar1_n1000",940,2066692742,2066722742,2066752742,2066702742,2066703742,2066704742,2066705742,2066706742
"logistic_ar1_n1000",941,2066692743,2066722743,2066752743,2066702743,2066703743,2066704743,2066705743,2066706743
"logistic_ar1_n1000",942,2066692744,2066722744,2066752744,2066702744,2066703744,2066704744,2066705744,2066706744
"logistic_ar1_n1000",943,2066692745,2066722745,2066752745,2066702745,2066703745,2066704745,2066705745,2066706745
"logistic_ar1_n1000",944,2066692746,2066722746,2066752746,2066702746,2066703746,2066704746,2066705746,2066706746
"logistic_ar1_n1000",945,2066692747,2066722747,2066752747,2066702747,2066703747,2066704747,2066705747,2066706747
"logistic_ar1_n1000",946,2066692748,2066722748,2066752748,2066702748,2066703748,2066704748,2066705748,2066706748
"logistic_ar1_n1000",947,2066692749,2066722749,2066752749,2066702749,2066703749,2066704749,2066705749,2066706749
"logistic_ar1_n1000",948,2066692750,2066722750,2066752750,2066702750,2066703750,2066704750,2066705750,2066706750
"logistic_ar1_n1000",949,2066692751,2066722751,2066752751,2066702751,2066703751,2066704751,2066705751,2066706751
"logistic_ar1_n1000",950,2066692752,2066722752,2066752752,2066702752,2066703752,2066704752,2066705752,2066706752
"logistic_ar1_n1000",951,2066692753,2066722753,2066752753,2066702753,2066703753,2066704753,2066705753,2066706753
"logistic_ar1_n1000",952,2066692754,2066722754,2066752754,2066702754,2066703754,2066704754,2066705754,2066706754
"logistic_ar1_n1000",953,2066692755,2066722755,2066752755,2066702755,2066703755,2066704755,2066705755,2066706755
"logistic_ar1_n1000",954,2066692756,2066722756,2066752756,2066702756,2066703756,2066704756,2066705756,2066706756
"logistic_ar1_n1000",955,2066692757,2066722757,2066752757,2066702757,2066703757,2066704757,2066705757,2066706757
"logistic_ar1_n1000",956,2066692758,2066722758,2066752758,2066702758,2066703758,2066704758,2066705758,2066706758
"logistic_ar1_n1000",957,2066692759,2066722759,2066752759,2066702759,2066703759,2066704759,2066705759,2066706759
"logistic_ar1_n1000",958,2066692760,2066722760,2066752760,2066702760,2066703760,2066704760,2066705760,2066706760
"logistic_ar1_n1000",959,2066692761,2066722761,2066752761,2066702761,2066703761,2066704761,2066705761,2066706761
"logistic_ar1_n1000",960,2066692762,2066722762,2066752762,2066702762,2066703762,2066704762,2066705762,2066706762
"logistic_ar1_n1000",961,2066692763,2066722763,2066752763,2066702763,2066703763,2066704763,2066705763,2066706763
"logistic_ar1_n1000",962,2066692764,2066722764,2066752764,2066702764,2066703764,2066704764,2066705764,2066706764
"logistic_ar1_n1000",963,2066692765,2066722765,2066752765,2066702765,2066703765,2066704765,2066705765,2066706765
"logistic_ar1_n1000",964,2066692766,2066722766,2066752766,2066702766,2066703766,2066704766,2066705766,2066706766
"logistic_ar1_n1000",965,2066692767,2066722767,2066752767,2066702767,2066703767,2066704767,2066705767,2066706767
"logistic_ar1_n1000",966,2066692768,2066722768,2066752768,2066702768,2066703768,2066704768,2066705768,2066706768
"logistic_ar1_n1000",967,2066692769,2066722769,2066752769,2066702769,2066703769,2066704769,2066705769,2066706769
"logistic_ar1_n1000",968,2066692770,2066722770,2066752770,2066702770,2066703770,2066704770,2066705770,2066706770
"logistic_ar1_n1000",969,2066692771,2066722771,2066752771,2066702771,2066703771,2066704771,2066705771,2066706771
"logistic_ar1_n1000",970,2066692772,2066722772,2066752772,2066702772,2066703772,2066704772,2066705772,2066706772
"logistic_ar1_n1000",971,2066692773,2066722773,2066752773,2066702773,2066703773,2066704773,2066705773,2066706773
"logistic_ar1_n1000",972,2066692774,2066722774,2066752774,2066702774,2066703774,2066704774,2066705774,2066706774
"logistic_ar1_n1000",973,2066692775,2066722775,2066752775,2066702775,2066703775,2066704775,2066705775,2066706775
"logistic_ar1_n1000",974,2066692776,2066722776,2066752776,2066702776,2066703776,2066704776,2066705776,2066706776
"logistic_ar1_n1000",975,2066692777,2066722777,2066752777,2066702777,2066703777,2066704777,2066705777,2066706777
"logistic_ar1_n1000",976,2066692778,2066722778,2066752778,2066702778,2066703778,2066704778,2066705778,2066706778
"logistic_ar1_n1000",977,2066692779,2066722779,2066752779,2066702779,2066703779,2066704779,2066705779,2066706779
"logistic_ar1_n1000",978,2066692780,2066722780,2066752780,2066702780,2066703780,2066704780,2066705780,2066706780
"logistic_ar1_n1000",979,2066692781,2066722781,2066752781,2066702781,2066703781,2066704781,2066705781,2066706781
"logistic_ar1_n1000",980,2066692782,2066722782,2066752782,2066702782,2066703782,2066704782,2066705782,2066706782
"logistic_ar1_n1000",981,2066692783,2066722783,2066752783,2066702783,2066703783,2066704783,2066705783,2066706783
"logistic_ar1_n1000",982,2066692784,2066722784,2066752784,2066702784,2066703784,2066704784,2066705784,2066706784
"logistic_ar1_n1000",983,2066692785,2066722785,2066752785,2066702785,2066703785,2066704785,2066705785,2066706785
"logistic_ar1_n1000",984,2066692786,2066722786,2066752786,2066702786,2066703786,2066704786,2066705786,2066706786
"logistic_ar1_n1000",985,2066692787,2066722787,2066752787,2066702787,2066703787,2066704787,2066705787,2066706787
"logistic_ar1_n1000",986,2066692788,2066722788,2066752788,2066702788,2066703788,2066704788,2066705788,2066706788
"logistic_ar1_n1000",987,2066692789,2066722789,2066752789,2066702789,2066703789,2066704789,2066705789,2066706789
"logistic_ar1_n1000",988,2066692790,2066722790,2066752790,2066702790,2066703790,2066704790,2066705790,2066706790
"logistic_ar1_n1000",989,2066692791,2066722791,2066752791,2066702791,2066703791,2066704791,2066705791,2066706791
"logistic_ar1_n1000",990,2066692792,2066722792,2066752792,2066702792,2066703792,2066704792,2066705792,2066706792
"logistic_ar1_n1000",991,2066692793,2066722793,2066752793,2066702793,2066703793,2066704793,2066705793,2066706793
"logistic_ar1_n1000",992,2066692794,2066722794,2066752794,2066702794,2066703794,2066704794,2066705794,2066706794
"logistic_ar1_n1000",993,2066692795,2066722795,2066752795,2066702795,2066703795,2066704795,2066705795,2066706795
"logistic_ar1_n1000",994,2066692796,2066722796,2066752796,2066702796,2066703796,2066704796,2066705796,2066706796
"logistic_ar1_n1000",995,2066692797,2066722797,2066752797,2066702797,2066703797,2066704797,2066705797,2066706797
"logistic_ar1_n1000",996,2066692798,2066722798,2066752798,2066702798,2066703798,2066704798,2066705798,2066706798
"logistic_ar1_n1000",997,2066692799,2066722799,2066752799,2066702799,2066703799,2066704799,2066705799,2066706799
"logistic_ar1_n1000",998,2066692800,2066722800,2066752800,2066702800,2066703800,2066704800,2066705800,2066706800
"logistic_ar1_n1000",999,2066692801,2066722801,2066752801,2066702801,2066703801,2066704801,2066705801,2066706801
"logistic_ar1_n1000",1000,2066692802,2066722802,2066752802,2066702802,2066703802,2066704802,2066705802,2066706802
"poisson_iid_n1000",1,2066791803,2066821803,2066851803,2066801803,2066802803,2066803803,2066804803,2066805803
"poisson_iid_n1000",2,2066791804,2066821804,2066851804,2066801804,2066802804,2066803804,2066804804,2066805804
"poisson_iid_n1000",3,2066791805,2066821805,2066851805,2066801805,2066802805,2066803805,2066804805,2066805805
"poisson_iid_n1000",4,2066791806,2066821806,2066851806,2066801806,2066802806,2066803806,2066804806,2066805806
"poisson_iid_n1000",5,2066791807,2066821807,2066851807,2066801807,2066802807,2066803807,2066804807,2066805807
"poisson_iid_n1000",6,2066791808,2066821808,2066851808,2066801808,2066802808,2066803808,2066804808,2066805808
"poisson_iid_n1000",7,2066791809,2066821809,2066851809,2066801809,2066802809,2066803809,2066804809,2066805809
"poisson_iid_n1000",8,2066791810,2066821810,2066851810,2066801810,2066802810,2066803810,2066804810,2066805810
"poisson_iid_n1000",9,2066791811,2066821811,2066851811,2066801811,2066802811,2066803811,2066804811,2066805811
"poisson_iid_n1000",10,2066791812,2066821812,2066851812,2066801812,2066802812,2066803812,2066804812,2066805812
"poisson_iid_n1000",11,2066791813,2066821813,2066851813,2066801813,2066802813,2066803813,2066804813,2066805813
"poisson_iid_n1000",12,2066791814,2066821814,2066851814,2066801814,2066802814,2066803814,2066804814,2066805814
"poisson_iid_n1000",13,2066791815,2066821815,2066851815,2066801815,2066802815,2066803815,2066804815,2066805815
"poisson_iid_n1000",14,2066791816,2066821816,2066851816,2066801816,2066802816,2066803816,2066804816,2066805816
"poisson_iid_n1000",15,2066791817,2066821817,2066851817,2066801817,2066802817,2066803817,2066804817,2066805817
"poisson_iid_n1000",16,2066791818,2066821818,2066851818,2066801818,2066802818,2066803818,2066804818,2066805818
"poisson_iid_n1000",17,2066791819,2066821819,2066851819,2066801819,2066802819,2066803819,2066804819,2066805819
"poisson_iid_n1000",18,2066791820,2066821820,2066851820,2066801820,2066802820,2066803820,2066804820,2066805820
"poisson_iid_n1000",19,2066791821,2066821821,2066851821,2066801821,2066802821,2066803821,2066804821,2066805821
"poisson_iid_n1000",20,2066791822,2066821822,2066851822,2066801822,2066802822,2066803822,2066804822,2066805822
"poisson_iid_n1000",21,2066791823,2066821823,2066851823,2066801823,2066802823,2066803823,2066804823,2066805823
"poisson_iid_n1000",22,2066791824,2066821824,2066851824,2066801824,2066802824,2066803824,2066804824,2066805824
"poisson_iid_n1000",23,2066791825,2066821825,2066851825,2066801825,2066802825,2066803825,2066804825,2066805825
"poisson_iid_n1000",24,2066791826,2066821826,2066851826,2066801826,2066802826,2066803826,2066804826,2066805826
"poisson_iid_n1000",25,2066791827,2066821827,2066851827,2066801827,2066802827,2066803827,2066804827,2066805827
"poisson_iid_n1000",26,2066791828,2066821828,2066851828,2066801828,2066802828,2066803828,2066804828,2066805828
"poisson_iid_n1000",27,2066791829,2066821829,2066851829,2066801829,2066802829,2066803829,2066804829,2066805829
"poisson_iid_n1000",28,2066791830,2066821830,2066851830,2066801830,2066802830,2066803830,2066804830,2066805830
"poisson_iid_n1000",29,2066791831,2066821831,2066851831,2066801831,2066802831,2066803831,2066804831,2066805831
"poisson_iid_n1000",30,2066791832,2066821832,2066851832,2066801832,2066802832,2066803832,2066804832,2066805832
"poisson_iid_n1000",31,2066791833,2066821833,2066851833,2066801833,2066802833,2066803833,2066804833,2066805833
"poisson_iid_n1000",32,2066791834,2066821834,2066851834,2066801834,2066802834,2066803834,2066804834,2066805834
"poisson_iid_n1000",33,2066791835,2066821835,2066851835,2066801835,2066802835,2066803835,2066804835,2066805835
"poisson_iid_n1000",34,2066791836,2066821836,2066851836,2066801836,2066802836,2066803836,2066804836,2066805836
"poisson_iid_n1000",35,2066791837,2066821837,2066851837,2066801837,2066802837,2066803837,2066804837,2066805837
"poisson_iid_n1000",36,2066791838,2066821838,2066851838,2066801838,2066802838,2066803838,2066804838,2066805838
"poisson_iid_n1000",37,2066791839,2066821839,2066851839,2066801839,2066802839,2066803839,2066804839,2066805839
"poisson_iid_n1000",38,2066791840,2066821840,2066851840,2066801840,2066802840,2066803840,2066804840,2066805840
"poisson_iid_n1000",39,2066791841,2066821841,2066851841,2066801841,2066802841,2066803841,2066804841,2066805841
"poisson_iid_n1000",40,2066791842,2066821842,2066851842,2066801842,2066802842,2066803842,2066804842,2066805842
"poisson_iid_n1000",41,2066791843,2066821843,2066851843,2066801843,2066802843,2066803843,2066804843,2066805843
"poisson_iid_n1000",42,2066791844,2066821844,2066851844,2066801844,2066802844,2066803844,2066804844,2066805844
"poisson_iid_n1000",43,2066791845,2066821845,2066851845,2066801845,2066802845,2066803845,2066804845,2066805845
"poisson_iid_n1000",44,2066791846,2066821846,2066851846,2066801846,2066802846,2066803846,2066804846,2066805846
"poisson_iid_n1000",45,2066791847,2066821847,2066851847,2066801847,2066802847,2066803847,2066804847,2066805847
"poisson_iid_n1000",46,2066791848,2066821848,2066851848,2066801848,2066802848,2066803848,2066804848,2066805848
"poisson_iid_n1000",47,2066791849,2066821849,2066851849,2066801849,2066802849,2066803849,2066804849,2066805849
"poisson_iid_n1000",48,2066791850,2066821850,2066851850,2066801850,2066802850,2066803850,2066804850,2066805850
"poisson_iid_n1000",49,2066791851,2066821851,2066851851,2066801851,2066802851,2066803851,2066804851,2066805851
"poisson_iid_n1000",50,2066791852,2066821852,2066851852,2066801852,2066802852,2066803852,2066804852,2066805852
"poisson_iid_n1000",51,2066791853,2066821853,2066851853,2066801853,2066802853,2066803853,2066804853,2066805853
"poisson_iid_n1000",52,2066791854,2066821854,2066851854,2066801854,2066802854,2066803854,2066804854,2066805854
"poisson_iid_n1000",53,2066791855,2066821855,2066851855,2066801855,2066802855,2066803855,2066804855,2066805855
"poisson_iid_n1000",54,2066791856,2066821856,2066851856,2066801856,2066802856,2066803856,2066804856,2066805856
"poisson_iid_n1000",55,2066791857,2066821857,2066851857,2066801857,2066802857,2066803857,2066804857,2066805857
"poisson_iid_n1000",56,2066791858,2066821858,2066851858,2066801858,2066802858,2066803858,2066804858,2066805858
"poisson_iid_n1000",57,2066791859,2066821859,2066851859,2066801859,2066802859,2066803859,2066804859,2066805859
"poisson_iid_n1000",58,2066791860,2066821860,2066851860,2066801860,2066802860,2066803860,2066804860,2066805860
"poisson_iid_n1000",59,2066791861,2066821861,2066851861,2066801861,2066802861,2066803861,2066804861,2066805861
"poisson_iid_n1000",60,2066791862,2066821862,2066851862,2066801862,2066802862,2066803862,2066804862,2066805862
"poisson_iid_n1000",61,2066791863,2066821863,2066851863,2066801863,2066802863,2066803863,2066804863,2066805863
"poisson_iid_n1000",62,2066791864,2066821864,2066851864,2066801864,2066802864,2066803864,2066804864,2066805864
"poisson_iid_n1000",63,2066791865,2066821865,2066851865,2066801865,2066802865,2066803865,2066804865,2066805865
"poisson_iid_n1000",64,2066791866,2066821866,2066851866,2066801866,2066802866,2066803866,2066804866,2066805866
"poisson_iid_n1000",65,2066791867,2066821867,2066851867,2066801867,2066802867,2066803867,2066804867,2066805867
"poisson_iid_n1000",66,2066791868,2066821868,2066851868,2066801868,2066802868,2066803868,2066804868,2066805868
"poisson_iid_n1000",67,2066791869,2066821869,2066851869,2066801869,2066802869,2066803869,2066804869,2066805869
"poisson_iid_n1000",68,2066791870,2066821870,2066851870,2066801870,2066802870,2066803870,2066804870,2066805870
"poisson_iid_n1000",69,2066791871,2066821871,2066851871,2066801871,2066802871,2066803871,2066804871,2066805871
"poisson_iid_n1000",70,2066791872,2066821872,2066851872,2066801872,2066802872,2066803872,2066804872,2066805872
"poisson_iid_n1000",71,2066791873,2066821873,2066851873,2066801873,2066802873,2066803873,2066804873,2066805873
"poisson_iid_n1000",72,2066791874,2066821874,2066851874,2066801874,2066802874,2066803874,2066804874,2066805874
"poisson_iid_n1000",73,2066791875,2066821875,2066851875,2066801875,2066802875,2066803875,2066804875,2066805875
"poisson_iid_n1000",74,2066791876,2066821876,2066851876,2066801876,2066802876,2066803876,2066804876,2066805876
"poisson_iid_n1000",75,2066791877,2066821877,2066851877,2066801877,2066802877,2066803877,2066804877,2066805877
"poisson_iid_n1000",76,2066791878,2066821878,2066851878,2066801878,2066802878,2066803878,2066804878,2066805878
"poisson_iid_n1000",77,2066791879,2066821879,2066851879,2066801879,2066802879,2066803879,2066804879,2066805879
"poisson_iid_n1000",78,2066791880,2066821880,2066851880,2066801880,2066802880,2066803880,2066804880,2066805880
"poisson_iid_n1000",79,2066791881,2066821881,2066851881,2066801881,2066802881,2066803881,2066804881,2066805881
"poisson_iid_n1000",80,2066791882,2066821882,2066851882,2066801882,2066802882,2066803882,2066804882,2066805882
"poisson_iid_n1000",81,2066791883,2066821883,2066851883,2066801883,2066802883,2066803883,2066804883,2066805883
"poisson_iid_n1000",82,2066791884,2066821884,2066851884,2066801884,2066802884,2066803884,2066804884,2066805884
"poisson_iid_n1000",83,2066791885,2066821885,2066851885,2066801885,2066802885,2066803885,2066804885,2066805885
"poisson_iid_n1000",84,2066791886,2066821886,2066851886,2066801886,2066802886,2066803886,2066804886,2066805886
"poisson_iid_n1000",85,2066791887,2066821887,2066851887,2066801887,2066802887,2066803887,2066804887,2066805887
"poisson_iid_n1000",86,2066791888,2066821888,2066851888,2066801888,2066802888,2066803888,2066804888,2066805888
"poisson_iid_n1000",87,2066791889,2066821889,2066851889,2066801889,2066802889,2066803889,2066804889,2066805889
"poisson_iid_n1000",88,2066791890,2066821890,2066851890,2066801890,2066802890,2066803890,2066804890,2066805890
"poisson_iid_n1000",89,2066791891,2066821891,2066851891,2066801891,2066802891,2066803891,2066804891,2066805891
"poisson_iid_n1000",90,2066791892,2066821892,2066851892,2066801892,2066802892,2066803892,2066804892,2066805892
"poisson_iid_n1000",91,2066791893,2066821893,2066851893,2066801893,2066802893,2066803893,2066804893,2066805893
"poisson_iid_n1000",92,2066791894,2066821894,2066851894,2066801894,2066802894,2066803894,2066804894,2066805894
"poisson_iid_n1000",93,2066791895,2066821895,2066851895,2066801895,2066802895,2066803895,2066804895,2066805895
"poisson_iid_n1000",94,2066791896,2066821896,2066851896,2066801896,2066802896,2066803896,2066804896,2066805896
"poisson_iid_n1000",95,2066791897,2066821897,2066851897,2066801897,2066802897,2066803897,2066804897,2066805897
"poisson_iid_n1000",96,2066791898,2066821898,2066851898,2066801898,2066802898,2066803898,2066804898,2066805898
"poisson_iid_n1000",97,2066791899,2066821899,2066851899,2066801899,2066802899,2066803899,2066804899,2066805899
"poisson_iid_n1000",98,2066791900,2066821900,2066851900,2066801900,2066802900,2066803900,2066804900,2066805900
"poisson_iid_n1000",99,2066791901,2066821901,2066851901,2066801901,2066802901,2066803901,2066804901,2066805901
"poisson_iid_n1000",100,2066791902,2066821902,2066851902,2066801902,2066802902,2066803902,2066804902,2066805902
"poisson_iid_n1000",101,2066791903,2066821903,2066851903,2066801903,2066802903,2066803903,2066804903,2066805903
"poisson_iid_n1000",102,2066791904,2066821904,2066851904,2066801904,2066802904,2066803904,2066804904,2066805904
"poisson_iid_n1000",103,2066791905,2066821905,2066851905,2066801905,2066802905,2066803905,2066804905,2066805905
"poisson_iid_n1000",104,2066791906,2066821906,2066851906,2066801906,2066802906,2066803906,2066804906,2066805906
"poisson_iid_n1000",105,2066791907,2066821907,2066851907,2066801907,2066802907,2066803907,2066804907,2066805907
"poisson_iid_n1000",106,2066791908,2066821908,2066851908,2066801908,2066802908,2066803908,2066804908,2066805908
"poisson_iid_n1000",107,2066791909,2066821909,2066851909,2066801909,2066802909,2066803909,2066804909,2066805909
"poisson_iid_n1000",108,2066791910,2066821910,2066851910,2066801910,2066802910,2066803910,2066804910,2066805910
"poisson_iid_n1000",109,2066791911,2066821911,2066851911,2066801911,2066802911,2066803911,2066804911,2066805911
"poisson_iid_n1000",110,2066791912,2066821912,2066851912,2066801912,2066802912,2066803912,2066804912,2066805912
"poisson_iid_n1000",111,2066791913,2066821913,2066851913,2066801913,2066802913,2066803913,2066804913,2066805913
"poisson_iid_n1000",112,2066791914,2066821914,2066851914,2066801914,2066802914,2066803914,2066804914,2066805914
"poisson_iid_n1000",113,2066791915,2066821915,2066851915,2066801915,2066802915,2066803915,2066804915,2066805915
"poisson_iid_n1000",114,2066791916,2066821916,2066851916,2066801916,2066802916,2066803916,2066804916,2066805916
"poisson_iid_n1000",115,2066791917,2066821917,2066851917,2066801917,2066802917,2066803917,2066804917,2066805917
"poisson_iid_n1000",116,2066791918,2066821918,2066851918,2066801918,2066802918,2066803918,2066804918,2066805918
"poisson_iid_n1000",117,2066791919,2066821919,2066851919,2066801919,2066802919,2066803919,2066804919,2066805919
"poisson_iid_n1000",118,2066791920,2066821920,2066851920,2066801920,2066802920,2066803920,2066804920,2066805920
"poisson_iid_n1000",119,2066791921,2066821921,2066851921,2066801921,2066802921,2066803921,2066804921,2066805921
"poisson_iid_n1000",120,2066791922,2066821922,2066851922,2066801922,2066802922,2066803922,2066804922,2066805922
"poisson_iid_n1000",121,2066791923,2066821923,2066851923,2066801923,2066802923,2066803923,2066804923,2066805923
"poisson_iid_n1000",122,2066791924,2066821924,2066851924,2066801924,2066802924,2066803924,2066804924,2066805924
"poisson_iid_n1000",123,2066791925,2066821925,2066851925,2066801925,2066802925,2066803925,2066804925,2066805925
"poisson_iid_n1000",124,2066791926,2066821926,2066851926,2066801926,2066802926,2066803926,2066804926,2066805926
"poisson_iid_n1000",125,2066791927,2066821927,2066851927,2066801927,2066802927,2066803927,2066804927,2066805927
"poisson_iid_n1000",126,2066791928,2066821928,2066851928,2066801928,2066802928,2066803928,2066804928,2066805928
"poisson_iid_n1000",127,2066791929,2066821929,2066851929,2066801929,2066802929,2066803929,2066804929,2066805929
"poisson_iid_n1000",128,2066791930,2066821930,2066851930,2066801930,2066802930,2066803930,2066804930,2066805930
"poisson_iid_n1000",129,2066791931,2066821931,2066851931,2066801931,2066802931,2066803931,2066804931,2066805931
"poisson_iid_n1000",130,2066791932,2066821932,2066851932,2066801932,2066802932,2066803932,2066804932,2066805932
"poisson_iid_n1000",131,2066791933,2066821933,2066851933,2066801933,2066802933,2066803933,2066804933,2066805933
"poisson_iid_n1000",132,2066791934,2066821934,2066851934,2066801934,2066802934,2066803934,2066804934,2066805934
"poisson_iid_n1000",133,2066791935,2066821935,2066851935,2066801935,2066802935,2066803935,2066804935,2066805935
"poisson_iid_n1000",134,2066791936,2066821936,2066851936,2066801936,2066802936,2066803936,2066804936,2066805936
"poisson_iid_n1000",135,2066791937,2066821937,2066851937,2066801937,2066802937,2066803937,2066804937,2066805937
"poisson_iid_n1000",136,2066791938,2066821938,2066851938,2066801938,2066802938,2066803938,2066804938,2066805938
"poisson_iid_n1000",137,2066791939,2066821939,2066851939,2066801939,2066802939,2066803939,2066804939,2066805939
"poisson_iid_n1000",138,2066791940,2066821940,2066851940,2066801940,2066802940,2066803940,2066804940,2066805940
"poisson_iid_n1000",139,2066791941,2066821941,2066851941,2066801941,2066802941,2066803941,2066804941,2066805941
"poisson_iid_n1000",140,2066791942,2066821942,2066851942,2066801942,2066802942,2066803942,2066804942,2066805942
"poisson_iid_n1000",141,2066791943,2066821943,2066851943,2066801943,2066802943,2066803943,2066804943,2066805943
"poisson_iid_n1000",142,2066791944,2066821944,2066851944,2066801944,2066802944,2066803944,2066804944,2066805944
"poisson_iid_n1000",143,2066791945,2066821945,2066851945,2066801945,2066802945,2066803945,2066804945,2066805945
"poisson_iid_n1000",144,2066791946,2066821946,2066851946,2066801946,2066802946,2066803946,2066804946,2066805946
"poisson_iid_n1000",145,2066791947,2066821947,2066851947,2066801947,2066802947,2066803947,2066804947,2066805947
"poisson_iid_n1000",146,2066791948,2066821948,2066851948,2066801948,2066802948,2066803948,2066804948,2066805948
"poisson_iid_n1000",147,2066791949,2066821949,2066851949,2066801949,2066802949,2066803949,2066804949,2066805949
"poisson_iid_n1000",148,2066791950,2066821950,2066851950,2066801950,2066802950,2066803950,2066804950,2066805950
"poisson_iid_n1000",149,2066791951,2066821951,2066851951,2066801951,2066802951,2066803951,2066804951,2066805951
"poisson_iid_n1000",150,2066791952,2066821952,2066851952,2066801952,2066802952,2066803952,2066804952,2066805952
"poisson_iid_n1000",151,2066791953,2066821953,2066851953,2066801953,2066802953,2066803953,2066804953,2066805953
"poisson_iid_n1000",152,2066791954,2066821954,2066851954,2066801954,2066802954,2066803954,2066804954,2066805954
"poisson_iid_n1000",153,2066791955,2066821955,2066851955,2066801955,2066802955,2066803955,2066804955,2066805955
"poisson_iid_n1000",154,2066791956,2066821956,2066851956,2066801956,2066802956,2066803956,2066804956,2066805956
"poisson_iid_n1000",155,2066791957,2066821957,2066851957,2066801957,2066802957,2066803957,2066804957,2066805957
"poisson_iid_n1000",156,2066791958,2066821958,2066851958,2066801958,2066802958,2066803958,2066804958,2066805958
"poisson_iid_n1000",157,2066791959,2066821959,2066851959,2066801959,2066802959,2066803959,2066804959,2066805959
"poisson_iid_n1000",158,2066791960,2066821960,2066851960,2066801960,2066802960,2066803960,2066804960,2066805960
"poisson_iid_n1000",159,2066791961,2066821961,2066851961,2066801961,2066802961,2066803961,2066804961,2066805961
"poisson_iid_n1000",160,2066791962,2066821962,2066851962,2066801962,2066802962,2066803962,2066804962,2066805962
"poisson_iid_n1000",161,2066791963,2066821963,2066851963,2066801963,2066802963,2066803963,2066804963,2066805963
"poisson_iid_n1000",162,2066791964,2066821964,2066851964,2066801964,2066802964,2066803964,2066804964,2066805964
"poisson_iid_n1000",163,2066791965,2066821965,2066851965,2066801965,2066802965,2066803965,2066804965,2066805965
"poisson_iid_n1000",164,2066791966,2066821966,2066851966,2066801966,2066802966,2066803966,2066804966,2066805966
"poisson_iid_n1000",165,2066791967,2066821967,2066851967,2066801967,2066802967,2066803967,2066804967,2066805967
"poisson_iid_n1000",166,2066791968,2066821968,2066851968,2066801968,2066802968,2066803968,2066804968,2066805968
"poisson_iid_n1000",167,2066791969,2066821969,2066851969,2066801969,2066802969,2066803969,2066804969,2066805969
"poisson_iid_n1000",168,2066791970,2066821970,2066851970,2066801970,2066802970,2066803970,2066804970,2066805970
"poisson_iid_n1000",169,2066791971,2066821971,2066851971,2066801971,2066802971,2066803971,2066804971,2066805971
"poisson_iid_n1000",170,2066791972,2066821972,2066851972,2066801972,2066802972,2066803972,2066804972,2066805972
"poisson_iid_n1000",171,2066791973,2066821973,2066851973,2066801973,2066802973,2066803973,2066804973,2066805973
"poisson_iid_n1000",172,2066791974,2066821974,2066851974,2066801974,2066802974,2066803974,2066804974,2066805974
"poisson_iid_n1000",173,2066791975,2066821975,2066851975,2066801975,2066802975,2066803975,2066804975,2066805975
"poisson_iid_n1000",174,2066791976,2066821976,2066851976,2066801976,2066802976,2066803976,2066804976,2066805976
"poisson_iid_n1000",175,2066791977,2066821977,2066851977,2066801977,2066802977,2066803977,2066804977,2066805977
"poisson_iid_n1000",176,2066791978,2066821978,2066851978,2066801978,2066802978,2066803978,2066804978,2066805978
"poisson_iid_n1000",177,2066791979,2066821979,2066851979,2066801979,2066802979,2066803979,2066804979,2066805979
"poisson_iid_n1000",178,2066791980,2066821980,2066851980,2066801980,2066802980,2066803980,2066804980,2066805980
"poisson_iid_n1000",179,2066791981,2066821981,2066851981,2066801981,2066802981,2066803981,2066804981,2066805981
"poisson_iid_n1000",180,2066791982,2066821982,2066851982,2066801982,2066802982,2066803982,2066804982,2066805982
"poisson_iid_n1000",181,2066791983,2066821983,2066851983,2066801983,2066802983,2066803983,2066804983,2066805983
"poisson_iid_n1000",182,2066791984,2066821984,2066851984,2066801984,2066802984,2066803984,2066804984,2066805984
"poisson_iid_n1000",183,2066791985,2066821985,2066851985,2066801985,2066802985,2066803985,2066804985,2066805985
"poisson_iid_n1000",184,2066791986,2066821986,2066851986,2066801986,2066802986,2066803986,2066804986,2066805986
"poisson_iid_n1000",185,2066791987,2066821987,2066851987,2066801987,2066802987,2066803987,2066804987,2066805987
"poisson_iid_n1000",186,2066791988,2066821988,2066851988,2066801988,2066802988,2066803988,2066804988,2066805988
"poisson_iid_n1000",187,2066791989,2066821989,2066851989,2066801989,2066802989,2066803989,2066804989,2066805989
"poisson_iid_n1000",188,2066791990,2066821990,2066851990,2066801990,2066802990,2066803990,2066804990,2066805990
"poisson_iid_n1000",189,2066791991,2066821991,2066851991,2066801991,2066802991,2066803991,2066804991,2066805991
"poisson_iid_n1000",190,2066791992,2066821992,2066851992,2066801992,2066802992,2066803992,2066804992,2066805992
"poisson_iid_n1000",191,2066791993,2066821993,2066851993,2066801993,2066802993,2066803993,2066804993,2066805993
"poisson_iid_n1000",192,2066791994,2066821994,2066851994,2066801994,2066802994,2066803994,2066804994,2066805994
"poisson_iid_n1000",193,2066791995,2066821995,2066851995,2066801995,2066802995,2066803995,2066804995,2066805995
"poisson_iid_n1000",194,2066791996,2066821996,2066851996,2066801996,2066802996,2066803996,2066804996,2066805996
"poisson_iid_n1000",195,2066791997,2066821997,2066851997,2066801997,2066802997,2066803997,2066804997,2066805997
"poisson_iid_n1000",196,2066791998,2066821998,2066851998,2066801998,2066802998,2066803998,2066804998,2066805998
"poisson_iid_n1000",197,2066791999,2066821999,2066851999,2066801999,2066802999,2066803999,2066804999,2066805999
"poisson_iid_n1000",198,2066792000,2066822000,2066852000,2066802000,2066803000,2066804000,2066805000,2066806000
"poisson_iid_n1000",199,2066792001,2066822001,2066852001,2066802001,2066803001,2066804001,2066805001,2066806001
"poisson_iid_n1000",200,2066792002,2066822002,2066852002,2066802002,2066803002,2066804002,2066805002,2066806002
"poisson_iid_n1000",201,2066792003,2066822003,2066852003,2066802003,2066803003,2066804003,2066805003,2066806003
"poisson_iid_n1000",202,2066792004,2066822004,2066852004,2066802004,2066803004,2066804004,2066805004,2066806004
"poisson_iid_n1000",203,2066792005,2066822005,2066852005,2066802005,2066803005,2066804005,2066805005,2066806005
"poisson_iid_n1000",204,2066792006,2066822006,2066852006,2066802006,2066803006,2066804006,2066805006,2066806006
"poisson_iid_n1000",205,2066792007,2066822007,2066852007,2066802007,2066803007,2066804007,2066805007,2066806007
"poisson_iid_n1000",206,2066792008,2066822008,2066852008,2066802008,2066803008,2066804008,2066805008,2066806008
"poisson_iid_n1000",207,2066792009,2066822009,2066852009,2066802009,2066803009,2066804009,2066805009,2066806009
"poisson_iid_n1000",208,2066792010,2066822010,2066852010,2066802010,2066803010,2066804010,2066805010,2066806010
"poisson_iid_n1000",209,2066792011,2066822011,2066852011,2066802011,2066803011,2066804011,2066805011,2066806011
"poisson_iid_n1000",210,2066792012,2066822012,2066852012,2066802012,2066803012,2066804012,2066805012,2066806012
"poisson_iid_n1000",211,2066792013,2066822013,2066852013,2066802013,2066803013,2066804013,2066805013,2066806013
"poisson_iid_n1000",212,2066792014,2066822014,2066852014,2066802014,2066803014,2066804014,2066805014,2066806014
"poisson_iid_n1000",213,2066792015,2066822015,2066852015,2066802015,2066803015,2066804015,2066805015,2066806015
"poisson_iid_n1000",214,2066792016,2066822016,2066852016,2066802016,2066803016,2066804016,2066805016,2066806016
"poisson_iid_n1000",215,2066792017,2066822017,2066852017,2066802017,2066803017,2066804017,2066805017,2066806017
"poisson_iid_n1000",216,2066792018,2066822018,2066852018,2066802018,2066803018,2066804018,2066805018,2066806018
"poisson_iid_n1000",217,2066792019,2066822019,2066852019,2066802019,2066803019,2066804019,2066805019,2066806019
"poisson_iid_n1000",218,2066792020,2066822020,2066852020,2066802020,2066803020,2066804020,2066805020,2066806020
"poisson_iid_n1000",219,2066792021,2066822021,2066852021,2066802021,2066803021,2066804021,2066805021,2066806021
"poisson_iid_n1000",220,2066792022,2066822022,2066852022,2066802022,2066803022,2066804022,2066805022,2066806022
"poisson_iid_n1000",221,2066792023,2066822023,2066852023,2066802023,2066803023,2066804023,2066805023,2066806023
"poisson_iid_n1000",222,2066792024,2066822024,2066852024,2066802024,2066803024,2066804024,2066805024,2066806024
"poisson_iid_n1000",223,2066792025,2066822025,2066852025,2066802025,2066803025,2066804025,2066805025,2066806025
"poisson_iid_n1000",224,2066792026,2066822026,2066852026,2066802026,2066803026,2066804026,2066805026,2066806026
"poisson_iid_n1000",225,2066792027,2066822027,2066852027,2066802027,2066803027,2066804027,2066805027,2066806027
"poisson_iid_n1000",226,2066792028,2066822028,2066852028,2066802028,2066803028,2066804028,2066805028,2066806028
"poisson_iid_n1000",227,2066792029,2066822029,2066852029,2066802029,2066803029,2066804029,2066805029,2066806029
"poisson_iid_n1000",228,2066792030,2066822030,2066852030,2066802030,2066803030,2066804030,2066805030,2066806030
"poisson_iid_n1000",229,2066792031,2066822031,2066852031,2066802031,2066803031,2066804031,2066805031,2066806031
"poisson_iid_n1000",230,2066792032,2066822032,2066852032,2066802032,2066803032,2066804032,2066805032,2066806032
"poisson_iid_n1000",231,2066792033,2066822033,2066852033,2066802033,2066803033,2066804033,2066805033,2066806033
"poisson_iid_n1000",232,2066792034,2066822034,2066852034,2066802034,2066803034,2066804034,2066805034,2066806034
"poisson_iid_n1000",233,2066792035,2066822035,2066852035,2066802035,2066803035,2066804035,2066805035,2066806035
"poisson_iid_n1000",234,2066792036,2066822036,2066852036,2066802036,2066803036,2066804036,2066805036,2066806036
"poisson_iid_n1000",235,2066792037,2066822037,2066852037,2066802037,2066803037,2066804037,2066805037,2066806037
"poisson_iid_n1000",236,2066792038,2066822038,2066852038,2066802038,2066803038,2066804038,2066805038,2066806038
"poisson_iid_n1000",237,2066792039,2066822039,2066852039,2066802039,2066803039,2066804039,2066805039,2066806039
"poisson_iid_n1000",238,2066792040,2066822040,2066852040,2066802040,2066803040,2066804040,2066805040,2066806040
"poisson_iid_n1000",239,2066792041,2066822041,2066852041,2066802041,2066803041,2066804041,2066805041,2066806041
"poisson_iid_n1000",240,2066792042,2066822042,2066852042,2066802042,2066803042,2066804042,2066805042,2066806042
"poisson_iid_n1000",241,2066792043,2066822043,2066852043,2066802043,2066803043,2066804043,2066805043,2066806043
"poisson_iid_n1000",242,2066792044,2066822044,2066852044,2066802044,2066803044,2066804044,2066805044,2066806044
"poisson_iid_n1000",243,2066792045,2066822045,2066852045,2066802045,2066803045,2066804045,2066805045,2066806045
"poisson_iid_n1000",244,2066792046,2066822046,2066852046,2066802046,2066803046,2066804046,2066805046,2066806046
"poisson_iid_n1000",245,2066792047,2066822047,2066852047,2066802047,2066803047,2066804047,2066805047,2066806047
"poisson_iid_n1000",246,2066792048,2066822048,2066852048,2066802048,2066803048,2066804048,2066805048,2066806048
"poisson_iid_n1000",247,2066792049,2066822049,2066852049,2066802049,2066803049,2066804049,2066805049,2066806049
"poisson_iid_n1000",248,2066792050,2066822050,2066852050,2066802050,2066803050,2066804050,2066805050,2066806050
"poisson_iid_n1000",249,2066792051,2066822051,2066852051,2066802051,2066803051,2066804051,2066805051,2066806051
"poisson_iid_n1000",250,2066792052,2066822052,2066852052,2066802052,2066803052,2066804052,2066805052,2066806052
"poisson_iid_n1000",251,2066792053,2066822053,2066852053,2066802053,2066803053,2066804053,2066805053,2066806053
"poisson_iid_n1000",252,2066792054,2066822054,2066852054,2066802054,2066803054,2066804054,2066805054,2066806054
"poisson_iid_n1000",253,2066792055,2066822055,2066852055,2066802055,2066803055,2066804055,2066805055,2066806055
"poisson_iid_n1000",254,2066792056,2066822056,2066852056,2066802056,2066803056,2066804056,2066805056,2066806056
"poisson_iid_n1000",255,2066792057,2066822057,2066852057,2066802057,2066803057,2066804057,2066805057,2066806057
"poisson_iid_n1000",256,2066792058,2066822058,2066852058,2066802058,2066803058,2066804058,2066805058,2066806058
"poisson_iid_n1000",257,2066792059,2066822059,2066852059,2066802059,2066803059,2066804059,2066805059,2066806059
"poisson_iid_n1000",258,2066792060,2066822060,2066852060,2066802060,2066803060,2066804060,2066805060,2066806060
"poisson_iid_n1000",259,2066792061,2066822061,2066852061,2066802061,2066803061,2066804061,2066805061,2066806061
"poisson_iid_n1000",260,2066792062,2066822062,2066852062,2066802062,2066803062,2066804062,2066805062,2066806062
"poisson_iid_n1000",261,2066792063,2066822063,2066852063,2066802063,2066803063,2066804063,2066805063,2066806063
"poisson_iid_n1000",262,2066792064,2066822064,2066852064,2066802064,2066803064,2066804064,2066805064,2066806064
"poisson_iid_n1000",263,2066792065,2066822065,2066852065,2066802065,2066803065,2066804065,2066805065,2066806065
"poisson_iid_n1000",264,2066792066,2066822066,2066852066,2066802066,2066803066,2066804066,2066805066,2066806066
"poisson_iid_n1000",265,2066792067,2066822067,2066852067,2066802067,2066803067,2066804067,2066805067,2066806067
"poisson_iid_n1000",266,2066792068,2066822068,2066852068,2066802068,2066803068,2066804068,2066805068,2066806068
"poisson_iid_n1000",267,2066792069,2066822069,2066852069,2066802069,2066803069,2066804069,2066805069,2066806069
"poisson_iid_n1000",268,2066792070,2066822070,2066852070,2066802070,2066803070,2066804070,2066805070,2066806070
"poisson_iid_n1000",269,2066792071,2066822071,2066852071,2066802071,2066803071,2066804071,2066805071,2066806071
"poisson_iid_n1000",270,2066792072,2066822072,2066852072,2066802072,2066803072,2066804072,2066805072,2066806072
"poisson_iid_n1000",271,2066792073,2066822073,2066852073,2066802073,2066803073,2066804073,2066805073,2066806073
"poisson_iid_n1000",272,2066792074,2066822074,2066852074,2066802074,2066803074,2066804074,2066805074,2066806074
"poisson_iid_n1000",273,2066792075,2066822075,2066852075,2066802075,2066803075,2066804075,2066805075,2066806075
"poisson_iid_n1000",274,2066792076,2066822076,2066852076,2066802076,2066803076,2066804076,2066805076,2066806076
"poisson_iid_n1000",275,2066792077,2066822077,2066852077,2066802077,2066803077,2066804077,2066805077,2066806077
"poisson_iid_n1000",276,2066792078,2066822078,2066852078,2066802078,2066803078,2066804078,2066805078,2066806078
"poisson_iid_n1000",277,2066792079,2066822079,2066852079,2066802079,2066803079,2066804079,2066805079,2066806079
"poisson_iid_n1000",278,2066792080,2066822080,2066852080,2066802080,2066803080,2066804080,2066805080,2066806080
"poisson_iid_n1000",279,2066792081,2066822081,2066852081,2066802081,2066803081,2066804081,2066805081,2066806081
"poisson_iid_n1000",280,2066792082,2066822082,2066852082,2066802082,2066803082,2066804082,2066805082,2066806082
"poisson_iid_n1000",281,2066792083,2066822083,2066852083,2066802083,2066803083,2066804083,2066805083,2066806083
"poisson_iid_n1000",282,2066792084,2066822084,2066852084,2066802084,2066803084,2066804084,2066805084,2066806084
"poisson_iid_n1000",283,2066792085,2066822085,2066852085,2066802085,2066803085,2066804085,2066805085,2066806085
"poisson_iid_n1000",284,2066792086,2066822086,2066852086,2066802086,2066803086,2066804086,2066805086,2066806086
"poisson_iid_n1000",285,2066792087,2066822087,2066852087,2066802087,2066803087,2066804087,2066805087,2066806087
"poisson_iid_n1000",286,2066792088,2066822088,2066852088,2066802088,2066803088,2066804088,2066805088,2066806088
"poisson_iid_n1000",287,2066792089,2066822089,2066852089,2066802089,2066803089,2066804089,2066805089,2066806089
"poisson_iid_n1000",288,2066792090,2066822090,2066852090,2066802090,2066803090,2066804090,2066805090,2066806090
"poisson_iid_n1000",289,2066792091,2066822091,2066852091,2066802091,2066803091,2066804091,2066805091,2066806091
"poisson_iid_n1000",290,2066792092,2066822092,2066852092,2066802092,2066803092,2066804092,2066805092,2066806092
"poisson_iid_n1000",291,2066792093,2066822093,2066852093,2066802093,2066803093,2066804093,2066805093,2066806093
"poisson_iid_n1000",292,2066792094,2066822094,2066852094,2066802094,2066803094,2066804094,2066805094,2066806094
"poisson_iid_n1000",293,2066792095,2066822095,2066852095,2066802095,2066803095,2066804095,2066805095,2066806095
"poisson_iid_n1000",294,2066792096,2066822096,2066852096,2066802096,2066803096,2066804096,2066805096,2066806096
"poisson_iid_n1000",295,2066792097,2066822097,2066852097,2066802097,2066803097,2066804097,2066805097,2066806097
"poisson_iid_n1000",296,2066792098,2066822098,2066852098,2066802098,2066803098,2066804098,2066805098,2066806098
"poisson_iid_n1000",297,2066792099,2066822099,2066852099,2066802099,2066803099,2066804099,2066805099,2066806099
"poisson_iid_n1000",298,2066792100,2066822100,2066852100,2066802100,2066803100,2066804100,2066805100,2066806100
"poisson_iid_n1000",299,2066792101,2066822101,2066852101,2066802101,2066803101,2066804101,2066805101,2066806101
"poisson_iid_n1000",300,2066792102,2066822102,2066852102,2066802102,2066803102,2066804102,2066805102,2066806102
"poisson_iid_n1000",301,2066792103,2066822103,2066852103,2066802103,2066803103,2066804103,2066805103,2066806103
"poisson_iid_n1000",302,2066792104,2066822104,2066852104,2066802104,2066803104,2066804104,2066805104,2066806104
"poisson_iid_n1000",303,2066792105,2066822105,2066852105,2066802105,2066803105,2066804105,2066805105,2066806105
"poisson_iid_n1000",304,2066792106,2066822106,2066852106,2066802106,2066803106,2066804106,2066805106,2066806106
"poisson_iid_n1000",305,2066792107,2066822107,2066852107,2066802107,2066803107,2066804107,2066805107,2066806107
"poisson_iid_n1000",306,2066792108,2066822108,2066852108,2066802108,2066803108,2066804108,2066805108,2066806108
"poisson_iid_n1000",307,2066792109,2066822109,2066852109,2066802109,2066803109,2066804109,2066805109,2066806109
"poisson_iid_n1000",308,2066792110,2066822110,2066852110,2066802110,2066803110,2066804110,2066805110,2066806110
"poisson_iid_n1000",309,2066792111,2066822111,2066852111,2066802111,2066803111,2066804111,2066805111,2066806111
"poisson_iid_n1000",310,2066792112,2066822112,2066852112,2066802112,2066803112,2066804112,2066805112,2066806112
"poisson_iid_n1000",311,2066792113,2066822113,2066852113,2066802113,2066803113,2066804113,2066805113,2066806113
"poisson_iid_n1000",312,2066792114,2066822114,2066852114,2066802114,2066803114,2066804114,2066805114,2066806114
"poisson_iid_n1000",313,2066792115,2066822115,2066852115,2066802115,2066803115,2066804115,2066805115,2066806115
"poisson_iid_n1000",314,2066792116,2066822116,2066852116,2066802116,2066803116,2066804116,2066805116,2066806116
"poisson_iid_n1000",315,2066792117,2066822117,2066852117,2066802117,2066803117,2066804117,2066805117,2066806117
"poisson_iid_n1000",316,2066792118,2066822118,2066852118,2066802118,2066803118,2066804118,2066805118,2066806118
"poisson_iid_n1000",317,2066792119,2066822119,2066852119,2066802119,2066803119,2066804119,2066805119,2066806119
"poisson_iid_n1000",318,2066792120,2066822120,2066852120,2066802120,2066803120,2066804120,2066805120,2066806120
"poisson_iid_n1000",319,2066792121,2066822121,2066852121,2066802121,2066803121,2066804121,2066805121,2066806121
"poisson_iid_n1000",320,2066792122,2066822122,2066852122,2066802122,2066803122,2066804122,2066805122,2066806122
"poisson_iid_n1000",321,2066792123,2066822123,2066852123,2066802123,2066803123,2066804123,2066805123,2066806123
"poisson_iid_n1000",322,2066792124,2066822124,2066852124,2066802124,2066803124,2066804124,2066805124,2066806124
"poisson_iid_n1000",323,2066792125,2066822125,2066852125,2066802125,2066803125,2066804125,2066805125,2066806125
"poisson_iid_n1000",324,2066792126,2066822126,2066852126,2066802126,2066803126,2066804126,2066805126,2066806126
"poisson_iid_n1000",325,2066792127,2066822127,2066852127,2066802127,2066803127,2066804127,2066805127,2066806127
"poisson_iid_n1000",326,2066792128,2066822128,2066852128,2066802128,2066803128,2066804128,2066805128,2066806128
"poisson_iid_n1000",327,2066792129,2066822129,2066852129,2066802129,2066803129,2066804129,2066805129,2066806129
"poisson_iid_n1000",328,2066792130,2066822130,2066852130,2066802130,2066803130,2066804130,2066805130,2066806130
"poisson_iid_n1000",329,2066792131,2066822131,2066852131,2066802131,2066803131,2066804131,2066805131,2066806131
"poisson_iid_n1000",330,2066792132,2066822132,2066852132,2066802132,2066803132,2066804132,2066805132,2066806132
"poisson_iid_n1000",331,2066792133,2066822133,2066852133,2066802133,2066803133,2066804133,2066805133,2066806133
"poisson_iid_n1000",332,2066792134,2066822134,2066852134,2066802134,2066803134,2066804134,2066805134,2066806134
"poisson_iid_n1000",333,2066792135,2066822135,2066852135,2066802135,2066803135,2066804135,2066805135,2066806135
"poisson_iid_n1000",334,2066792136,2066822136,2066852136,2066802136,2066803136,2066804136,2066805136,2066806136
"poisson_iid_n1000",335,2066792137,2066822137,2066852137,2066802137,2066803137,2066804137,2066805137,2066806137
"poisson_iid_n1000",336,2066792138,2066822138,2066852138,2066802138,2066803138,2066804138,2066805138,2066806138
"poisson_iid_n1000",337,2066792139,2066822139,2066852139,2066802139,2066803139,2066804139,2066805139,2066806139
"poisson_iid_n1000",338,2066792140,2066822140,2066852140,2066802140,2066803140,2066804140,2066805140,2066806140
"poisson_iid_n1000",339,2066792141,2066822141,2066852141,2066802141,2066803141,2066804141,2066805141,2066806141
"poisson_iid_n1000",340,2066792142,2066822142,2066852142,2066802142,2066803142,2066804142,2066805142,2066806142
"poisson_iid_n1000",341,2066792143,2066822143,2066852143,2066802143,2066803143,2066804143,2066805143,2066806143
"poisson_iid_n1000",342,2066792144,2066822144,2066852144,2066802144,2066803144,2066804144,2066805144,2066806144
"poisson_iid_n1000",343,2066792145,2066822145,2066852145,2066802145,2066803145,2066804145,2066805145,2066806145
"poisson_iid_n1000",344,2066792146,2066822146,2066852146,2066802146,2066803146,2066804146,2066805146,2066806146
"poisson_iid_n1000",345,2066792147,2066822147,2066852147,2066802147,2066803147,2066804147,2066805147,2066806147
"poisson_iid_n1000",346,2066792148,2066822148,2066852148,2066802148,2066803148,2066804148,2066805148,2066806148
"poisson_iid_n1000",347,2066792149,2066822149,2066852149,2066802149,2066803149,2066804149,2066805149,2066806149
"poisson_iid_n1000",348,2066792150,2066822150,2066852150,2066802150,2066803150,2066804150,2066805150,2066806150
"poisson_iid_n1000",349,2066792151,2066822151,2066852151,2066802151,2066803151,2066804151,2066805151,2066806151
"poisson_iid_n1000",350,2066792152,2066822152,2066852152,2066802152,2066803152,2066804152,2066805152,2066806152
"poisson_iid_n1000",351,2066792153,2066822153,2066852153,2066802153,2066803153,2066804153,2066805153,2066806153
"poisson_iid_n1000",352,2066792154,2066822154,2066852154,2066802154,2066803154,2066804154,2066805154,2066806154
"poisson_iid_n1000",353,2066792155,2066822155,2066852155,2066802155,2066803155,2066804155,2066805155,2066806155
"poisson_iid_n1000",354,2066792156,2066822156,2066852156,2066802156,2066803156,2066804156,2066805156,2066806156
"poisson_iid_n1000",355,2066792157,2066822157,2066852157,2066802157,2066803157,2066804157,2066805157,2066806157
"poisson_iid_n1000",356,2066792158,2066822158,2066852158,2066802158,2066803158,2066804158,2066805158,2066806158
"poisson_iid_n1000",357,2066792159,2066822159,2066852159,2066802159,2066803159,2066804159,2066805159,2066806159
"poisson_iid_n1000",358,2066792160,2066822160,2066852160,2066802160,2066803160,2066804160,2066805160,2066806160
"poisson_iid_n1000",359,2066792161,2066822161,2066852161,2066802161,2066803161,2066804161,2066805161,2066806161
"poisson_iid_n1000",360,2066792162,2066822162,2066852162,2066802162,2066803162,2066804162,2066805162,2066806162
"poisson_iid_n1000",361,2066792163,2066822163,2066852163,2066802163,2066803163,2066804163,2066805163,2066806163
"poisson_iid_n1000",362,2066792164,2066822164,2066852164,2066802164,2066803164,2066804164,2066805164,2066806164
"poisson_iid_n1000",363,2066792165,2066822165,2066852165,2066802165,2066803165,2066804165,2066805165,2066806165
"poisson_iid_n1000",364,2066792166,2066822166,2066852166,2066802166,2066803166,2066804166,2066805166,2066806166
"poisson_iid_n1000",365,2066792167,2066822167,2066852167,2066802167,2066803167,2066804167,2066805167,2066806167
"poisson_iid_n1000",366,2066792168,2066822168,2066852168,2066802168,2066803168,2066804168,2066805168,2066806168
"poisson_iid_n1000",367,2066792169,2066822169,2066852169,2066802169,2066803169,2066804169,2066805169,2066806169
"poisson_iid_n1000",368,2066792170,2066822170,2066852170,2066802170,2066803170,2066804170,2066805170,2066806170
"poisson_iid_n1000",369,2066792171,2066822171,2066852171,2066802171,2066803171,2066804171,2066805171,2066806171
"poisson_iid_n1000",370,2066792172,2066822172,2066852172,2066802172,2066803172,2066804172,2066805172,2066806172
"poisson_iid_n1000",371,2066792173,2066822173,2066852173,2066802173,2066803173,2066804173,2066805173,2066806173
"poisson_iid_n1000",372,2066792174,2066822174,2066852174,2066802174,2066803174,2066804174,2066805174,2066806174
"poisson_iid_n1000",373,2066792175,2066822175,2066852175,2066802175,2066803175,2066804175,2066805175,2066806175
"poisson_iid_n1000",374,2066792176,2066822176,2066852176,2066802176,2066803176,2066804176,2066805176,2066806176
"poisson_iid_n1000",375,2066792177,2066822177,2066852177,2066802177,2066803177,2066804177,2066805177,2066806177
"poisson_iid_n1000",376,2066792178,2066822178,2066852178,2066802178,2066803178,2066804178,2066805178,2066806178
"poisson_iid_n1000",377,2066792179,2066822179,2066852179,2066802179,2066803179,2066804179,2066805179,2066806179
"poisson_iid_n1000",378,2066792180,2066822180,2066852180,2066802180,2066803180,2066804180,2066805180,2066806180
"poisson_iid_n1000",379,2066792181,2066822181,2066852181,2066802181,2066803181,2066804181,2066805181,2066806181
"poisson_iid_n1000",380,2066792182,2066822182,2066852182,2066802182,2066803182,2066804182,2066805182,2066806182
"poisson_iid_n1000",381,2066792183,2066822183,2066852183,2066802183,2066803183,2066804183,2066805183,2066806183
"poisson_iid_n1000",382,2066792184,2066822184,2066852184,2066802184,2066803184,2066804184,2066805184,2066806184
"poisson_iid_n1000",383,2066792185,2066822185,2066852185,2066802185,2066803185,2066804185,2066805185,2066806185
"poisson_iid_n1000",384,2066792186,2066822186,2066852186,2066802186,2066803186,2066804186,2066805186,2066806186
"poisson_iid_n1000",385,2066792187,2066822187,2066852187,2066802187,2066803187,2066804187,2066805187,2066806187
"poisson_iid_n1000",386,2066792188,2066822188,2066852188,2066802188,2066803188,2066804188,2066805188,2066806188
"poisson_iid_n1000",387,2066792189,2066822189,2066852189,2066802189,2066803189,2066804189,2066805189,2066806189
"poisson_iid_n1000",388,2066792190,2066822190,2066852190,2066802190,2066803190,2066804190,2066805190,2066806190
"poisson_iid_n1000",389,2066792191,2066822191,2066852191,2066802191,2066803191,2066804191,2066805191,2066806191
"poisson_iid_n1000",390,2066792192,2066822192,2066852192,2066802192,2066803192,2066804192,2066805192,2066806192
"poisson_iid_n1000",391,2066792193,2066822193,2066852193,2066802193,2066803193,2066804193,2066805193,2066806193
"poisson_iid_n1000",392,2066792194,2066822194,2066852194,2066802194,2066803194,2066804194,2066805194,2066806194
"poisson_iid_n1000",393,2066792195,2066822195,2066852195,2066802195,2066803195,2066804195,2066805195,2066806195
"poisson_iid_n1000",394,2066792196,2066822196,2066852196,2066802196,2066803196,2066804196,2066805196,2066806196
"poisson_iid_n1000",395,2066792197,2066822197,2066852197,2066802197,2066803197,2066804197,2066805197,2066806197
"poisson_iid_n1000",396,2066792198,2066822198,2066852198,2066802198,2066803198,2066804198,2066805198,2066806198
"poisson_iid_n1000",397,2066792199,2066822199,2066852199,2066802199,2066803199,2066804199,2066805199,2066806199
"poisson_iid_n1000",398,2066792200,2066822200,2066852200,2066802200,2066803200,2066804200,2066805200,2066806200
"poisson_iid_n1000",399,2066792201,2066822201,2066852201,2066802201,2066803201,2066804201,2066805201,2066806201
"poisson_iid_n1000",400,2066792202,2066822202,2066852202,2066802202,2066803202,2066804202,2066805202,2066806202
"poisson_iid_n1000",401,2066792203,2066822203,2066852203,2066802203,2066803203,2066804203,2066805203,2066806203
"poisson_iid_n1000",402,2066792204,2066822204,2066852204,2066802204,2066803204,2066804204,2066805204,2066806204
"poisson_iid_n1000",403,2066792205,2066822205,2066852205,2066802205,2066803205,2066804205,2066805205,2066806205
"poisson_iid_n1000",404,2066792206,2066822206,2066852206,2066802206,2066803206,2066804206,2066805206,2066806206
"poisson_iid_n1000",405,2066792207,2066822207,2066852207,2066802207,2066803207,2066804207,2066805207,2066806207
"poisson_iid_n1000",406,2066792208,2066822208,2066852208,2066802208,2066803208,2066804208,2066805208,2066806208
"poisson_iid_n1000",407,2066792209,2066822209,2066852209,2066802209,2066803209,2066804209,2066805209,2066806209
"poisson_iid_n1000",408,2066792210,2066822210,2066852210,2066802210,2066803210,2066804210,2066805210,2066806210
"poisson_iid_n1000",409,2066792211,2066822211,2066852211,2066802211,2066803211,2066804211,2066805211,2066806211
"poisson_iid_n1000",410,2066792212,2066822212,2066852212,2066802212,2066803212,2066804212,2066805212,2066806212
"poisson_iid_n1000",411,2066792213,2066822213,2066852213,2066802213,2066803213,2066804213,2066805213,2066806213
"poisson_iid_n1000",412,2066792214,2066822214,2066852214,2066802214,2066803214,2066804214,2066805214,2066806214
"poisson_iid_n1000",413,2066792215,2066822215,2066852215,2066802215,2066803215,2066804215,2066805215,2066806215
"poisson_iid_n1000",414,2066792216,2066822216,2066852216,2066802216,2066803216,2066804216,2066805216,2066806216
"poisson_iid_n1000",415,2066792217,2066822217,2066852217,2066802217,2066803217,2066804217,2066805217,2066806217
"poisson_iid_n1000",416,2066792218,2066822218,2066852218,2066802218,2066803218,2066804218,2066805218,2066806218
"poisson_iid_n1000",417,2066792219,2066822219,2066852219,2066802219,2066803219,2066804219,2066805219,2066806219
"poisson_iid_n1000",418,2066792220,2066822220,2066852220,2066802220,2066803220,2066804220,2066805220,2066806220
"poisson_iid_n1000",419,2066792221,2066822221,2066852221,2066802221,2066803221,2066804221,2066805221,2066806221
"poisson_iid_n1000",420,2066792222,2066822222,2066852222,2066802222,2066803222,2066804222,2066805222,2066806222
"poisson_iid_n1000",421,2066792223,2066822223,2066852223,2066802223,2066803223,2066804223,2066805223,2066806223
"poisson_iid_n1000",422,2066792224,2066822224,2066852224,2066802224,2066803224,2066804224,2066805224,2066806224
"poisson_iid_n1000",423,2066792225,2066822225,2066852225,2066802225,2066803225,2066804225,2066805225,2066806225
"poisson_iid_n1000",424,2066792226,2066822226,2066852226,2066802226,2066803226,2066804226,2066805226,2066806226
"poisson_iid_n1000",425,2066792227,2066822227,2066852227,2066802227,2066803227,2066804227,2066805227,2066806227
"poisson_iid_n1000",426,2066792228,2066822228,2066852228,2066802228,2066803228,2066804228,2066805228,2066806228
"poisson_iid_n1000",427,2066792229,2066822229,2066852229,2066802229,2066803229,2066804229,2066805229,2066806229
"poisson_iid_n1000",428,2066792230,2066822230,2066852230,2066802230,2066803230,2066804230,2066805230,2066806230
"poisson_iid_n1000",429,2066792231,2066822231,2066852231,2066802231,2066803231,2066804231,2066805231,2066806231
"poisson_iid_n1000",430,2066792232,2066822232,2066852232,2066802232,2066803232,2066804232,2066805232,2066806232
"poisson_iid_n1000",431,2066792233,2066822233,2066852233,2066802233,2066803233,2066804233,2066805233,2066806233
"poisson_iid_n1000",432,2066792234,2066822234,2066852234,2066802234,2066803234,2066804234,2066805234,2066806234
"poisson_iid_n1000",433,2066792235,2066822235,2066852235,2066802235,2066803235,2066804235,2066805235,2066806235
"poisson_iid_n1000",434,2066792236,2066822236,2066852236,2066802236,2066803236,2066804236,2066805236,2066806236
"poisson_iid_n1000",435,2066792237,2066822237,2066852237,2066802237,2066803237,2066804237,2066805237,2066806237
"poisson_iid_n1000",436,2066792238,2066822238,2066852238,2066802238,2066803238,2066804238,2066805238,2066806238
"poisson_iid_n1000",437,2066792239,2066822239,2066852239,2066802239,2066803239,2066804239,2066805239,2066806239
"poisson_iid_n1000",438,2066792240,2066822240,2066852240,2066802240,2066803240,2066804240,2066805240,2066806240
"poisson_iid_n1000",439,2066792241,2066822241,2066852241,2066802241,2066803241,2066804241,2066805241,2066806241
"poisson_iid_n1000",440,2066792242,2066822242,2066852242,2066802242,2066803242,2066804242,2066805242,2066806242
"poisson_iid_n1000",441,2066792243,2066822243,2066852243,2066802243,2066803243,2066804243,2066805243,2066806243
"poisson_iid_n1000",442,2066792244,2066822244,2066852244,2066802244,2066803244,2066804244,2066805244,2066806244
"poisson_iid_n1000",443,2066792245,2066822245,2066852245,2066802245,2066803245,2066804245,2066805245,2066806245
"poisson_iid_n1000",444,2066792246,2066822246,2066852246,2066802246,2066803246,2066804246,2066805246,2066806246
"poisson_iid_n1000",445,2066792247,2066822247,2066852247,2066802247,2066803247,2066804247,2066805247,2066806247
"poisson_iid_n1000",446,2066792248,2066822248,2066852248,2066802248,2066803248,2066804248,2066805248,2066806248
"poisson_iid_n1000",447,2066792249,2066822249,2066852249,2066802249,2066803249,2066804249,2066805249,2066806249
"poisson_iid_n1000",448,2066792250,2066822250,2066852250,2066802250,2066803250,2066804250,2066805250,2066806250
"poisson_iid_n1000",449,2066792251,2066822251,2066852251,2066802251,2066803251,2066804251,2066805251,2066806251
"poisson_iid_n1000",450,2066792252,2066822252,2066852252,2066802252,2066803252,2066804252,2066805252,2066806252
"poisson_iid_n1000",451,2066792253,2066822253,2066852253,2066802253,2066803253,2066804253,2066805253,2066806253
"poisson_iid_n1000",452,2066792254,2066822254,2066852254,2066802254,2066803254,2066804254,2066805254,2066806254
"poisson_iid_n1000",453,2066792255,2066822255,2066852255,2066802255,2066803255,2066804255,2066805255,2066806255
"poisson_iid_n1000",454,2066792256,2066822256,2066852256,2066802256,2066803256,2066804256,2066805256,2066806256
"poisson_iid_n1000",455,2066792257,2066822257,2066852257,2066802257,2066803257,2066804257,2066805257,2066806257
"poisson_iid_n1000",456,2066792258,2066822258,2066852258,2066802258,2066803258,2066804258,2066805258,2066806258
"poisson_iid_n1000",457,2066792259,2066822259,2066852259,2066802259,2066803259,2066804259,2066805259,2066806259
"poisson_iid_n1000",458,2066792260,2066822260,2066852260,2066802260,2066803260,2066804260,2066805260,2066806260
"poisson_iid_n1000",459,2066792261,2066822261,2066852261,2066802261,2066803261,2066804261,2066805261,2066806261
"poisson_iid_n1000",460,2066792262,2066822262,2066852262,2066802262,2066803262,2066804262,2066805262,2066806262
"poisson_iid_n1000",461,2066792263,2066822263,2066852263,2066802263,2066803263,2066804263,2066805263,2066806263
"poisson_iid_n1000",462,2066792264,2066822264,2066852264,2066802264,2066803264,2066804264,2066805264,2066806264
"poisson_iid_n1000",463,2066792265,2066822265,2066852265,2066802265,2066803265,2066804265,2066805265,2066806265
"poisson_iid_n1000",464,2066792266,2066822266,2066852266,2066802266,2066803266,2066804266,2066805266,2066806266
"poisson_iid_n1000",465,2066792267,2066822267,2066852267,2066802267,2066803267,2066804267,2066805267,2066806267
"poisson_iid_n1000",466,2066792268,2066822268,2066852268,2066802268,2066803268,2066804268,2066805268,2066806268
"poisson_iid_n1000",467,2066792269,2066822269,2066852269,2066802269,2066803269,2066804269,2066805269,2066806269
"poisson_iid_n1000",468,2066792270,2066822270,2066852270,2066802270,2066803270,2066804270,2066805270,2066806270
"poisson_iid_n1000",469,2066792271,2066822271,2066852271,2066802271,2066803271,2066804271,2066805271,2066806271
"poisson_iid_n1000",470,2066792272,2066822272,2066852272,2066802272,2066803272,2066804272,2066805272,2066806272
"poisson_iid_n1000",471,2066792273,2066822273,2066852273,2066802273,2066803273,2066804273,2066805273,2066806273
"poisson_iid_n1000",472,2066792274,2066822274,2066852274,2066802274,2066803274,2066804274,2066805274,2066806274
"poisson_iid_n1000",473,2066792275,2066822275,2066852275,2066802275,2066803275,2066804275,2066805275,2066806275
"poisson_iid_n1000",474,2066792276,2066822276,2066852276,2066802276,2066803276,2066804276,2066805276,2066806276
"poisson_iid_n1000",475,2066792277,2066822277,2066852277,2066802277,2066803277,2066804277,2066805277,2066806277
"poisson_iid_n1000",476,2066792278,2066822278,2066852278,2066802278,2066803278,2066804278,2066805278,2066806278
"poisson_iid_n1000",477,2066792279,2066822279,2066852279,2066802279,2066803279,2066804279,2066805279,2066806279
"poisson_iid_n1000",478,2066792280,2066822280,2066852280,2066802280,2066803280,2066804280,2066805280,2066806280
"poisson_iid_n1000",479,2066792281,2066822281,2066852281,2066802281,2066803281,2066804281,2066805281,2066806281
"poisson_iid_n1000",480,2066792282,2066822282,2066852282,2066802282,2066803282,2066804282,2066805282,2066806282
"poisson_iid_n1000",481,2066792283,2066822283,2066852283,2066802283,2066803283,2066804283,2066805283,2066806283
"poisson_iid_n1000",482,2066792284,2066822284,2066852284,2066802284,2066803284,2066804284,2066805284,2066806284
"poisson_iid_n1000",483,2066792285,2066822285,2066852285,2066802285,2066803285,2066804285,2066805285,2066806285
"poisson_iid_n1000",484,2066792286,2066822286,2066852286,2066802286,2066803286,2066804286,2066805286,2066806286
"poisson_iid_n1000",485,2066792287,2066822287,2066852287,2066802287,2066803287,2066804287,2066805287,2066806287
"poisson_iid_n1000",486,2066792288,2066822288,2066852288,2066802288,2066803288,2066804288,2066805288,2066806288
"poisson_iid_n1000",487,2066792289,2066822289,2066852289,2066802289,2066803289,2066804289,2066805289,2066806289
"poisson_iid_n1000",488,2066792290,2066822290,2066852290,2066802290,2066803290,2066804290,2066805290,2066806290
"poisson_iid_n1000",489,2066792291,2066822291,2066852291,2066802291,2066803291,2066804291,2066805291,2066806291
"poisson_iid_n1000",490,2066792292,2066822292,2066852292,2066802292,2066803292,2066804292,2066805292,2066806292
"poisson_iid_n1000",491,2066792293,2066822293,2066852293,2066802293,2066803293,2066804293,2066805293,2066806293
"poisson_iid_n1000",492,2066792294,2066822294,2066852294,2066802294,2066803294,2066804294,2066805294,2066806294
"poisson_iid_n1000",493,2066792295,2066822295,2066852295,2066802295,2066803295,2066804295,2066805295,2066806295
"poisson_iid_n1000",494,2066792296,2066822296,2066852296,2066802296,2066803296,2066804296,2066805296,2066806296
"poisson_iid_n1000",495,2066792297,2066822297,2066852297,2066802297,2066803297,2066804297,2066805297,2066806297
"poisson_iid_n1000",496,2066792298,2066822298,2066852298,2066802298,2066803298,2066804298,2066805298,2066806298
"poisson_iid_n1000",497,2066792299,2066822299,2066852299,2066802299,2066803299,2066804299,2066805299,2066806299
"poisson_iid_n1000",498,2066792300,2066822300,2066852300,2066802300,2066803300,2066804300,2066805300,2066806300
"poisson_iid_n1000",499,2066792301,2066822301,2066852301,2066802301,2066803301,2066804301,2066805301,2066806301
"poisson_iid_n1000",500,2066792302,2066822302,2066852302,2066802302,2066803302,2066804302,2066805302,2066806302
"poisson_iid_n1000",501,2066792303,2066822303,2066852303,2066802303,2066803303,2066804303,2066805303,2066806303
"poisson_iid_n1000",502,2066792304,2066822304,2066852304,2066802304,2066803304,2066804304,2066805304,2066806304
"poisson_iid_n1000",503,2066792305,2066822305,2066852305,2066802305,2066803305,2066804305,2066805305,2066806305
"poisson_iid_n1000",504,2066792306,2066822306,2066852306,2066802306,2066803306,2066804306,2066805306,2066806306
"poisson_iid_n1000",505,2066792307,2066822307,2066852307,2066802307,2066803307,2066804307,2066805307,2066806307
"poisson_iid_n1000",506,2066792308,2066822308,2066852308,2066802308,2066803308,2066804308,2066805308,2066806308
"poisson_iid_n1000",507,2066792309,2066822309,2066852309,2066802309,2066803309,2066804309,2066805309,2066806309
"poisson_iid_n1000",508,2066792310,2066822310,2066852310,2066802310,2066803310,2066804310,2066805310,2066806310
"poisson_iid_n1000",509,2066792311,2066822311,2066852311,2066802311,2066803311,2066804311,2066805311,2066806311
"poisson_iid_n1000",510,2066792312,2066822312,2066852312,2066802312,2066803312,2066804312,2066805312,2066806312
"poisson_iid_n1000",511,2066792313,2066822313,2066852313,2066802313,2066803313,2066804313,2066805313,2066806313
"poisson_iid_n1000",512,2066792314,2066822314,2066852314,2066802314,2066803314,2066804314,2066805314,2066806314
"poisson_iid_n1000",513,2066792315,2066822315,2066852315,2066802315,2066803315,2066804315,2066805315,2066806315
"poisson_iid_n1000",514,2066792316,2066822316,2066852316,2066802316,2066803316,2066804316,2066805316,2066806316
"poisson_iid_n1000",515,2066792317,2066822317,2066852317,2066802317,2066803317,2066804317,2066805317,2066806317
"poisson_iid_n1000",516,2066792318,2066822318,2066852318,2066802318,2066803318,2066804318,2066805318,2066806318
"poisson_iid_n1000",517,2066792319,2066822319,2066852319,2066802319,2066803319,2066804319,2066805319,2066806319
"poisson_iid_n1000",518,2066792320,2066822320,2066852320,2066802320,2066803320,2066804320,2066805320,2066806320
"poisson_iid_n1000",519,2066792321,2066822321,2066852321,2066802321,2066803321,2066804321,2066805321,2066806321
"poisson_iid_n1000",520,2066792322,2066822322,2066852322,2066802322,2066803322,2066804322,2066805322,2066806322
"poisson_iid_n1000",521,2066792323,2066822323,2066852323,2066802323,2066803323,2066804323,2066805323,2066806323
"poisson_iid_n1000",522,2066792324,2066822324,2066852324,2066802324,2066803324,2066804324,2066805324,2066806324
"poisson_iid_n1000",523,2066792325,2066822325,2066852325,2066802325,2066803325,2066804325,2066805325,2066806325
"poisson_iid_n1000",524,2066792326,2066822326,2066852326,2066802326,2066803326,2066804326,2066805326,2066806326
"poisson_iid_n1000",525,2066792327,2066822327,2066852327,2066802327,2066803327,2066804327,2066805327,2066806327
"poisson_iid_n1000",526,2066792328,2066822328,2066852328,2066802328,2066803328,2066804328,2066805328,2066806328
"poisson_iid_n1000",527,2066792329,2066822329,2066852329,2066802329,2066803329,2066804329,2066805329,2066806329
"poisson_iid_n1000",528,2066792330,2066822330,2066852330,2066802330,2066803330,2066804330,2066805330,2066806330
"poisson_iid_n1000",529,2066792331,2066822331,2066852331,2066802331,2066803331,2066804331,2066805331,2066806331
"poisson_iid_n1000",530,2066792332,2066822332,2066852332,2066802332,2066803332,2066804332,2066805332,2066806332
"poisson_iid_n1000",531,2066792333,2066822333,2066852333,2066802333,2066803333,2066804333,2066805333,2066806333
"poisson_iid_n1000",532,2066792334,2066822334,2066852334,2066802334,2066803334,2066804334,2066805334,2066806334
"poisson_iid_n1000",533,2066792335,2066822335,2066852335,2066802335,2066803335,2066804335,2066805335,2066806335
"poisson_iid_n1000",534,2066792336,2066822336,2066852336,2066802336,2066803336,2066804336,2066805336,2066806336
"poisson_iid_n1000",535,2066792337,2066822337,2066852337,2066802337,2066803337,2066804337,2066805337,2066806337
"poisson_iid_n1000",536,2066792338,2066822338,2066852338,2066802338,2066803338,2066804338,2066805338,2066806338
"poisson_iid_n1000",537,2066792339,2066822339,2066852339,2066802339,2066803339,2066804339,2066805339,2066806339
"poisson_iid_n1000",538,2066792340,2066822340,2066852340,2066802340,2066803340,2066804340,2066805340,2066806340
"poisson_iid_n1000",539,2066792341,2066822341,2066852341,2066802341,2066803341,2066804341,2066805341,2066806341
"poisson_iid_n1000",540,2066792342,2066822342,2066852342,2066802342,2066803342,2066804342,2066805342,2066806342
"poisson_iid_n1000",541,2066792343,2066822343,2066852343,2066802343,2066803343,2066804343,2066805343,2066806343
"poisson_iid_n1000",542,2066792344,2066822344,2066852344,2066802344,2066803344,2066804344,2066805344,2066806344
"poisson_iid_n1000",543,2066792345,2066822345,2066852345,2066802345,2066803345,2066804345,2066805345,2066806345
"poisson_iid_n1000",544,2066792346,2066822346,2066852346,2066802346,2066803346,2066804346,2066805346,2066806346
"poisson_iid_n1000",545,2066792347,2066822347,2066852347,2066802347,2066803347,2066804347,2066805347,2066806347
"poisson_iid_n1000",546,2066792348,2066822348,2066852348,2066802348,2066803348,2066804348,2066805348,2066806348
"poisson_iid_n1000",547,2066792349,2066822349,2066852349,2066802349,2066803349,2066804349,2066805349,2066806349
"poisson_iid_n1000",548,2066792350,2066822350,2066852350,2066802350,2066803350,2066804350,2066805350,2066806350
"poisson_iid_n1000",549,2066792351,2066822351,2066852351,2066802351,2066803351,2066804351,2066805351,2066806351
"poisson_iid_n1000",550,2066792352,2066822352,2066852352,2066802352,2066803352,2066804352,2066805352,2066806352
"poisson_iid_n1000",551,2066792353,2066822353,2066852353,2066802353,2066803353,2066804353,2066805353,2066806353
"poisson_iid_n1000",552,2066792354,2066822354,2066852354,2066802354,2066803354,2066804354,2066805354,2066806354
"poisson_iid_n1000",553,2066792355,2066822355,2066852355,2066802355,2066803355,2066804355,2066805355,2066806355
"poisson_iid_n1000",554,2066792356,2066822356,2066852356,2066802356,2066803356,2066804356,2066805356,2066806356
"poisson_iid_n1000",555,2066792357,2066822357,2066852357,2066802357,2066803357,2066804357,2066805357,2066806357
"poisson_iid_n1000",556,2066792358,2066822358,2066852358,2066802358,2066803358,2066804358,2066805358,2066806358
"poisson_iid_n1000",557,2066792359,2066822359,2066852359,2066802359,2066803359,2066804359,2066805359,2066806359
"poisson_iid_n1000",558,2066792360,2066822360,2066852360,2066802360,2066803360,2066804360,2066805360,2066806360
"poisson_iid_n1000",559,2066792361,2066822361,2066852361,2066802361,2066803361,2066804361,2066805361,2066806361
"poisson_iid_n1000",560,2066792362,2066822362,2066852362,2066802362,2066803362,2066804362,2066805362,2066806362
"poisson_iid_n1000",561,2066792363,2066822363,2066852363,2066802363,2066803363,2066804363,2066805363,2066806363
"poisson_iid_n1000",562,2066792364,2066822364,2066852364,2066802364,2066803364,2066804364,2066805364,2066806364
"poisson_iid_n1000",563,2066792365,2066822365,2066852365,2066802365,2066803365,2066804365,2066805365,2066806365
"poisson_iid_n1000",564,2066792366,2066822366,2066852366,2066802366,2066803366,2066804366,2066805366,2066806366
"poisson_iid_n1000",565,2066792367,2066822367,2066852367,2066802367,2066803367,2066804367,2066805367,2066806367
"poisson_iid_n1000",566,2066792368,2066822368,2066852368,2066802368,2066803368,2066804368,2066805368,2066806368
"poisson_iid_n1000",567,2066792369,2066822369,2066852369,2066802369,2066803369,2066804369,2066805369,2066806369
"poisson_iid_n1000",568,2066792370,2066822370,2066852370,2066802370,2066803370,2066804370,2066805370,2066806370
"poisson_iid_n1000",569,2066792371,2066822371,2066852371,2066802371,2066803371,2066804371,2066805371,2066806371
"poisson_iid_n1000",570,2066792372,2066822372,2066852372,2066802372,2066803372,2066804372,2066805372,2066806372
"poisson_iid_n1000",571,2066792373,2066822373,2066852373,2066802373,2066803373,2066804373,2066805373,2066806373
"poisson_iid_n1000",572,2066792374,2066822374,2066852374,2066802374,2066803374,2066804374,2066805374,2066806374
"poisson_iid_n1000",573,2066792375,2066822375,2066852375,2066802375,2066803375,2066804375,2066805375,2066806375
"poisson_iid_n1000",574,2066792376,2066822376,2066852376,2066802376,2066803376,2066804376,2066805376,2066806376
"poisson_iid_n1000",575,2066792377,2066822377,2066852377,2066802377,2066803377,2066804377,2066805377,2066806377
"poisson_iid_n1000",576,2066792378,2066822378,2066852378,2066802378,2066803378,2066804378,2066805378,2066806378
"poisson_iid_n1000",577,2066792379,2066822379,2066852379,2066802379,2066803379,2066804379,2066805379,2066806379
"poisson_iid_n1000",578,2066792380,2066822380,2066852380,2066802380,2066803380,2066804380,2066805380,2066806380
"poisson_iid_n1000",579,2066792381,2066822381,2066852381,2066802381,2066803381,2066804381,2066805381,2066806381
"poisson_iid_n1000",580,2066792382,2066822382,2066852382,2066802382,2066803382,2066804382,2066805382,2066806382
"poisson_iid_n1000",581,2066792383,2066822383,2066852383,2066802383,2066803383,2066804383,2066805383,2066806383
"poisson_iid_n1000",582,2066792384,2066822384,2066852384,2066802384,2066803384,2066804384,2066805384,2066806384
"poisson_iid_n1000",583,2066792385,2066822385,2066852385,2066802385,2066803385,2066804385,2066805385,2066806385
"poisson_iid_n1000",584,2066792386,2066822386,2066852386,2066802386,2066803386,2066804386,2066805386,2066806386
"poisson_iid_n1000",585,2066792387,2066822387,2066852387,2066802387,2066803387,2066804387,2066805387,2066806387
"poisson_iid_n1000",586,2066792388,2066822388,2066852388,2066802388,2066803388,2066804388,2066805388,2066806388
"poisson_iid_n1000",587,2066792389,2066822389,2066852389,2066802389,2066803389,2066804389,2066805389,2066806389
"poisson_iid_n1000",588,2066792390,2066822390,2066852390,2066802390,2066803390,2066804390,2066805390,2066806390
"poisson_iid_n1000",589,2066792391,2066822391,2066852391,2066802391,2066803391,2066804391,2066805391,2066806391
"poisson_iid_n1000",590,2066792392,2066822392,2066852392,2066802392,2066803392,2066804392,2066805392,2066806392
"poisson_iid_n1000",591,2066792393,2066822393,2066852393,2066802393,2066803393,2066804393,2066805393,2066806393
"poisson_iid_n1000",592,2066792394,2066822394,2066852394,2066802394,2066803394,2066804394,2066805394,2066806394
"poisson_iid_n1000",593,2066792395,2066822395,2066852395,2066802395,2066803395,2066804395,2066805395,2066806395
"poisson_iid_n1000",594,2066792396,2066822396,2066852396,2066802396,2066803396,2066804396,2066805396,2066806396
"poisson_iid_n1000",595,2066792397,2066822397,2066852397,2066802397,2066803397,2066804397,2066805397,2066806397
"poisson_iid_n1000",596,2066792398,2066822398,2066852398,2066802398,2066803398,2066804398,2066805398,2066806398
"poisson_iid_n1000",597,2066792399,2066822399,2066852399,2066802399,2066803399,2066804399,2066805399,2066806399
"poisson_iid_n1000",598,2066792400,2066822400,2066852400,2066802400,2066803400,2066804400,2066805400,2066806400
"poisson_iid_n1000",599,2066792401,2066822401,2066852401,2066802401,2066803401,2066804401,2066805401,2066806401
"poisson_iid_n1000",600,2066792402,2066822402,2066852402,2066802402,2066803402,2066804402,2066805402,2066806402
"poisson_iid_n1000",601,2066792403,2066822403,2066852403,2066802403,2066803403,2066804403,2066805403,2066806403
"poisson_iid_n1000",602,2066792404,2066822404,2066852404,2066802404,2066803404,2066804404,2066805404,2066806404
"poisson_iid_n1000",603,2066792405,2066822405,2066852405,2066802405,2066803405,2066804405,2066805405,2066806405
"poisson_iid_n1000",604,2066792406,2066822406,2066852406,2066802406,2066803406,2066804406,2066805406,2066806406
"poisson_iid_n1000",605,2066792407,2066822407,2066852407,2066802407,2066803407,2066804407,2066805407,2066806407
"poisson_iid_n1000",606,2066792408,2066822408,2066852408,2066802408,2066803408,2066804408,2066805408,2066806408
"poisson_iid_n1000",607,2066792409,2066822409,2066852409,2066802409,2066803409,2066804409,2066805409,2066806409
"poisson_iid_n1000",608,2066792410,2066822410,2066852410,2066802410,2066803410,2066804410,2066805410,2066806410
"poisson_iid_n1000",609,2066792411,2066822411,2066852411,2066802411,2066803411,2066804411,2066805411,2066806411
"poisson_iid_n1000",610,2066792412,2066822412,2066852412,2066802412,2066803412,2066804412,2066805412,2066806412
"poisson_iid_n1000",611,2066792413,2066822413,2066852413,2066802413,2066803413,2066804413,2066805413,2066806413
"poisson_iid_n1000",612,2066792414,2066822414,2066852414,2066802414,2066803414,2066804414,2066805414,2066806414
"poisson_iid_n1000",613,2066792415,2066822415,2066852415,2066802415,2066803415,2066804415,2066805415,2066806415
"poisson_iid_n1000",614,2066792416,2066822416,2066852416,2066802416,2066803416,2066804416,2066805416,2066806416
"poisson_iid_n1000",615,2066792417,2066822417,2066852417,2066802417,2066803417,2066804417,2066805417,2066806417
"poisson_iid_n1000",616,2066792418,2066822418,2066852418,2066802418,2066803418,2066804418,2066805418,2066806418
"poisson_iid_n1000",617,2066792419,2066822419,2066852419,2066802419,2066803419,2066804419,2066805419,2066806419
"poisson_iid_n1000",618,2066792420,2066822420,2066852420,2066802420,2066803420,2066804420,2066805420,2066806420
"poisson_iid_n1000",619,2066792421,2066822421,2066852421,2066802421,2066803421,2066804421,2066805421,2066806421
"poisson_iid_n1000",620,2066792422,2066822422,2066852422,2066802422,2066803422,2066804422,2066805422,2066806422
"poisson_iid_n1000",621,2066792423,2066822423,2066852423,2066802423,2066803423,2066804423,2066805423,2066806423
"poisson_iid_n1000",622,2066792424,2066822424,2066852424,2066802424,2066803424,2066804424,2066805424,2066806424
"poisson_iid_n1000",623,2066792425,2066822425,2066852425,2066802425,2066803425,2066804425,2066805425,2066806425
"poisson_iid_n1000",624,2066792426,2066822426,2066852426,2066802426,2066803426,2066804426,2066805426,2066806426
"poisson_iid_n1000",625,2066792427,2066822427,2066852427,2066802427,2066803427,2066804427,2066805427,2066806427
"poisson_iid_n1000",626,2066792428,2066822428,2066852428,2066802428,2066803428,2066804428,2066805428,2066806428
"poisson_iid_n1000",627,2066792429,2066822429,2066852429,2066802429,2066803429,2066804429,2066805429,2066806429
"poisson_iid_n1000",628,2066792430,2066822430,2066852430,2066802430,2066803430,2066804430,2066805430,2066806430
"poisson_iid_n1000",629,2066792431,2066822431,2066852431,2066802431,2066803431,2066804431,2066805431,2066806431
"poisson_iid_n1000",630,2066792432,2066822432,2066852432,2066802432,2066803432,2066804432,2066805432,2066806432
"poisson_iid_n1000",631,2066792433,2066822433,2066852433,2066802433,2066803433,2066804433,2066805433,2066806433
"poisson_iid_n1000",632,2066792434,2066822434,2066852434,2066802434,2066803434,2066804434,2066805434,2066806434
"poisson_iid_n1000",633,2066792435,2066822435,2066852435,2066802435,2066803435,2066804435,2066805435,2066806435
"poisson_iid_n1000",634,2066792436,2066822436,2066852436,2066802436,2066803436,2066804436,2066805436,2066806436
"poisson_iid_n1000",635,2066792437,2066822437,2066852437,2066802437,2066803437,2066804437,2066805437,2066806437
"poisson_iid_n1000",636,2066792438,2066822438,2066852438,2066802438,2066803438,2066804438,2066805438,2066806438
"poisson_iid_n1000",637,2066792439,2066822439,2066852439,2066802439,2066803439,2066804439,2066805439,2066806439
"poisson_iid_n1000",638,2066792440,2066822440,2066852440,2066802440,2066803440,2066804440,2066805440,2066806440
"poisson_iid_n1000",639,2066792441,2066822441,2066852441,2066802441,2066803441,2066804441,2066805441,2066806441
"poisson_iid_n1000",640,2066792442,2066822442,2066852442,2066802442,2066803442,2066804442,2066805442,2066806442
"poisson_iid_n1000",641,2066792443,2066822443,2066852443,2066802443,2066803443,2066804443,2066805443,2066806443
"poisson_iid_n1000",642,2066792444,2066822444,2066852444,2066802444,2066803444,2066804444,2066805444,2066806444
"poisson_iid_n1000",643,2066792445,2066822445,2066852445,2066802445,2066803445,2066804445,2066805445,2066806445
"poisson_iid_n1000",644,2066792446,2066822446,2066852446,2066802446,2066803446,2066804446,2066805446,2066806446
"poisson_iid_n1000",645,2066792447,2066822447,2066852447,2066802447,2066803447,2066804447,2066805447,2066806447
"poisson_iid_n1000",646,2066792448,2066822448,2066852448,2066802448,2066803448,2066804448,2066805448,2066806448
"poisson_iid_n1000",647,2066792449,2066822449,2066852449,2066802449,2066803449,2066804449,2066805449,2066806449
"poisson_iid_n1000",648,2066792450,2066822450,2066852450,2066802450,2066803450,2066804450,2066805450,2066806450
"poisson_iid_n1000",649,2066792451,2066822451,2066852451,2066802451,2066803451,2066804451,2066805451,2066806451
"poisson_iid_n1000",650,2066792452,2066822452,2066852452,2066802452,2066803452,2066804452,2066805452,2066806452
"poisson_iid_n1000",651,2066792453,2066822453,2066852453,2066802453,2066803453,2066804453,2066805453,2066806453
"poisson_iid_n1000",652,2066792454,2066822454,2066852454,2066802454,2066803454,2066804454,2066805454,2066806454
"poisson_iid_n1000",653,2066792455,2066822455,2066852455,2066802455,2066803455,2066804455,2066805455,2066806455
"poisson_iid_n1000",654,2066792456,2066822456,2066852456,2066802456,2066803456,2066804456,2066805456,2066806456
"poisson_iid_n1000",655,2066792457,2066822457,2066852457,2066802457,2066803457,2066804457,2066805457,2066806457
"poisson_iid_n1000",656,2066792458,2066822458,2066852458,2066802458,2066803458,2066804458,2066805458,2066806458
"poisson_iid_n1000",657,2066792459,2066822459,2066852459,2066802459,2066803459,2066804459,2066805459,2066806459
"poisson_iid_n1000",658,2066792460,2066822460,2066852460,2066802460,2066803460,2066804460,2066805460,2066806460
"poisson_iid_n1000",659,2066792461,2066822461,2066852461,2066802461,2066803461,2066804461,2066805461,2066806461
"poisson_iid_n1000",660,2066792462,2066822462,2066852462,2066802462,2066803462,2066804462,2066805462,2066806462
"poisson_iid_n1000",661,2066792463,2066822463,2066852463,2066802463,2066803463,2066804463,2066805463,2066806463
"poisson_iid_n1000",662,2066792464,2066822464,2066852464,2066802464,2066803464,2066804464,2066805464,2066806464
"poisson_iid_n1000",663,2066792465,2066822465,2066852465,2066802465,2066803465,2066804465,2066805465,2066806465
"poisson_iid_n1000",664,2066792466,2066822466,2066852466,2066802466,2066803466,2066804466,2066805466,2066806466
"poisson_iid_n1000",665,2066792467,2066822467,2066852467,2066802467,2066803467,2066804467,2066805467,2066806467
"poisson_iid_n1000",666,2066792468,2066822468,2066852468,2066802468,2066803468,2066804468,2066805468,2066806468
"poisson_iid_n1000",667,2066792469,2066822469,2066852469,2066802469,2066803469,2066804469,2066805469,2066806469
"poisson_iid_n1000",668,2066792470,2066822470,2066852470,2066802470,2066803470,2066804470,2066805470,2066806470
"poisson_iid_n1000",669,2066792471,2066822471,2066852471,2066802471,2066803471,2066804471,2066805471,2066806471
"poisson_iid_n1000",670,2066792472,2066822472,2066852472,2066802472,2066803472,2066804472,2066805472,2066806472
"poisson_iid_n1000",671,2066792473,2066822473,2066852473,2066802473,2066803473,2066804473,2066805473,2066806473
"poisson_iid_n1000",672,2066792474,2066822474,2066852474,2066802474,2066803474,2066804474,2066805474,2066806474
"poisson_iid_n1000",673,2066792475,2066822475,2066852475,2066802475,2066803475,2066804475,2066805475,2066806475
"poisson_iid_n1000",674,2066792476,2066822476,2066852476,2066802476,2066803476,2066804476,2066805476,2066806476
"poisson_iid_n1000",675,2066792477,2066822477,2066852477,2066802477,2066803477,2066804477,2066805477,2066806477
"poisson_iid_n1000",676,2066792478,2066822478,2066852478,2066802478,2066803478,2066804478,2066805478,2066806478
"poisson_iid_n1000",677,2066792479,2066822479,2066852479,2066802479,2066803479,2066804479,2066805479,2066806479
"poisson_iid_n1000",678,2066792480,2066822480,2066852480,2066802480,2066803480,2066804480,2066805480,2066806480
"poisson_iid_n1000",679,2066792481,2066822481,2066852481,2066802481,2066803481,2066804481,2066805481,2066806481
"poisson_iid_n1000",680,2066792482,2066822482,2066852482,2066802482,2066803482,2066804482,2066805482,2066806482
"poisson_iid_n1000",681,2066792483,2066822483,2066852483,2066802483,2066803483,2066804483,2066805483,2066806483
"poisson_iid_n1000",682,2066792484,2066822484,2066852484,2066802484,2066803484,2066804484,2066805484,2066806484
"poisson_iid_n1000",683,2066792485,2066822485,2066852485,2066802485,2066803485,2066804485,2066805485,2066806485
"poisson_iid_n1000",684,2066792486,2066822486,2066852486,2066802486,2066803486,2066804486,2066805486,2066806486
"poisson_iid_n1000",685,2066792487,2066822487,2066852487,2066802487,2066803487,2066804487,2066805487,2066806487
"poisson_iid_n1000",686,2066792488,2066822488,2066852488,2066802488,2066803488,2066804488,2066805488,2066806488
"poisson_iid_n1000",687,2066792489,2066822489,2066852489,2066802489,2066803489,2066804489,2066805489,2066806489
"poisson_iid_n1000",688,2066792490,2066822490,2066852490,2066802490,2066803490,2066804490,2066805490,2066806490
"poisson_iid_n1000",689,2066792491,2066822491,2066852491,2066802491,2066803491,2066804491,2066805491,2066806491
"poisson_iid_n1000",690,2066792492,2066822492,2066852492,2066802492,2066803492,2066804492,2066805492,2066806492
"poisson_iid_n1000",691,2066792493,2066822493,2066852493,2066802493,2066803493,2066804493,2066805493,2066806493
"poisson_iid_n1000",692,2066792494,2066822494,2066852494,2066802494,2066803494,2066804494,2066805494,2066806494
"poisson_iid_n1000",693,2066792495,2066822495,2066852495,2066802495,2066803495,2066804495,2066805495,2066806495
"poisson_iid_n1000",694,2066792496,2066822496,2066852496,2066802496,2066803496,2066804496,2066805496,2066806496
"poisson_iid_n1000",695,2066792497,2066822497,2066852497,2066802497,2066803497,2066804497,2066805497,2066806497
"poisson_iid_n1000",696,2066792498,2066822498,2066852498,2066802498,2066803498,2066804498,2066805498,2066806498
"poisson_iid_n1000",697,2066792499,2066822499,2066852499,2066802499,2066803499,2066804499,2066805499,2066806499
"poisson_iid_n1000",698,2066792500,2066822500,2066852500,2066802500,2066803500,2066804500,2066805500,2066806500
"poisson_iid_n1000",699,2066792501,2066822501,2066852501,2066802501,2066803501,2066804501,2066805501,2066806501
"poisson_iid_n1000",700,2066792502,2066822502,2066852502,2066802502,2066803502,2066804502,2066805502,2066806502
"poisson_iid_n1000",701,2066792503,2066822503,2066852503,2066802503,2066803503,2066804503,2066805503,2066806503
"poisson_iid_n1000",702,2066792504,2066822504,2066852504,2066802504,2066803504,2066804504,2066805504,2066806504
"poisson_iid_n1000",703,2066792505,2066822505,2066852505,2066802505,2066803505,2066804505,2066805505,2066806505
"poisson_iid_n1000",704,2066792506,2066822506,2066852506,2066802506,2066803506,2066804506,2066805506,2066806506
"poisson_iid_n1000",705,2066792507,2066822507,2066852507,2066802507,2066803507,2066804507,2066805507,2066806507
"poisson_iid_n1000",706,2066792508,2066822508,2066852508,2066802508,2066803508,2066804508,2066805508,2066806508
"poisson_iid_n1000",707,2066792509,2066822509,2066852509,2066802509,2066803509,2066804509,2066805509,2066806509
"poisson_iid_n1000",708,2066792510,2066822510,2066852510,2066802510,2066803510,2066804510,2066805510,2066806510
"poisson_iid_n1000",709,2066792511,2066822511,2066852511,2066802511,2066803511,2066804511,2066805511,2066806511
"poisson_iid_n1000",710,2066792512,2066822512,2066852512,2066802512,2066803512,2066804512,2066805512,2066806512
"poisson_iid_n1000",711,2066792513,2066822513,2066852513,2066802513,2066803513,2066804513,2066805513,2066806513
"poisson_iid_n1000",712,2066792514,2066822514,2066852514,2066802514,2066803514,2066804514,2066805514,2066806514
"poisson_iid_n1000",713,2066792515,2066822515,2066852515,2066802515,2066803515,2066804515,2066805515,2066806515
"poisson_iid_n1000",714,2066792516,2066822516,2066852516,2066802516,2066803516,2066804516,2066805516,2066806516
"poisson_iid_n1000",715,2066792517,2066822517,2066852517,2066802517,2066803517,2066804517,2066805517,2066806517
"poisson_iid_n1000",716,2066792518,2066822518,2066852518,2066802518,2066803518,2066804518,2066805518,2066806518
"poisson_iid_n1000",717,2066792519,2066822519,2066852519,2066802519,2066803519,2066804519,2066805519,2066806519
"poisson_iid_n1000",718,2066792520,2066822520,2066852520,2066802520,2066803520,2066804520,2066805520,2066806520
"poisson_iid_n1000",719,2066792521,2066822521,2066852521,2066802521,2066803521,2066804521,2066805521,2066806521
"poisson_iid_n1000",720,2066792522,2066822522,2066852522,2066802522,2066803522,2066804522,2066805522,2066806522
"poisson_iid_n1000",721,2066792523,2066822523,2066852523,2066802523,2066803523,2066804523,2066805523,2066806523
"poisson_iid_n1000",722,2066792524,2066822524,2066852524,2066802524,2066803524,2066804524,2066805524,2066806524
"poisson_iid_n1000",723,2066792525,2066822525,2066852525,2066802525,2066803525,2066804525,2066805525,2066806525
"poisson_iid_n1000",724,2066792526,2066822526,2066852526,2066802526,2066803526,2066804526,2066805526,2066806526
"poisson_iid_n1000",725,2066792527,2066822527,2066852527,2066802527,2066803527,2066804527,2066805527,2066806527
"poisson_iid_n1000",726,2066792528,2066822528,2066852528,2066802528,2066803528,2066804528,2066805528,2066806528
"poisson_iid_n1000",727,2066792529,2066822529,2066852529,2066802529,2066803529,2066804529,2066805529,2066806529
"poisson_iid_n1000",728,2066792530,2066822530,2066852530,2066802530,2066803530,2066804530,2066805530,2066806530
"poisson_iid_n1000",729,2066792531,2066822531,2066852531,2066802531,2066803531,2066804531,2066805531,2066806531
"poisson_iid_n1000",730,2066792532,2066822532,2066852532,2066802532,2066803532,2066804532,2066805532,2066806532
"poisson_iid_n1000",731,2066792533,2066822533,2066852533,2066802533,2066803533,2066804533,2066805533,2066806533
"poisson_iid_n1000",732,2066792534,2066822534,2066852534,2066802534,2066803534,2066804534,2066805534,2066806534
"poisson_iid_n1000",733,2066792535,2066822535,2066852535,2066802535,2066803535,2066804535,2066805535,2066806535
"poisson_iid_n1000",734,2066792536,2066822536,2066852536,2066802536,2066803536,2066804536,2066805536,2066806536
"poisson_iid_n1000",735,2066792537,2066822537,2066852537,2066802537,2066803537,2066804537,2066805537,2066806537
"poisson_iid_n1000",736,2066792538,2066822538,2066852538,2066802538,2066803538,2066804538,2066805538,2066806538
"poisson_iid_n1000",737,2066792539,2066822539,2066852539,2066802539,2066803539,2066804539,2066805539,2066806539
"poisson_iid_n1000",738,2066792540,2066822540,2066852540,2066802540,2066803540,2066804540,2066805540,2066806540
"poisson_iid_n1000",739,2066792541,2066822541,2066852541,2066802541,2066803541,2066804541,2066805541,2066806541
"poisson_iid_n1000",740,2066792542,2066822542,2066852542,2066802542,2066803542,2066804542,2066805542,2066806542
"poisson_iid_n1000",741,2066792543,2066822543,2066852543,2066802543,2066803543,2066804543,2066805543,2066806543
"poisson_iid_n1000",742,2066792544,2066822544,2066852544,2066802544,2066803544,2066804544,2066805544,2066806544
"poisson_iid_n1000",743,2066792545,2066822545,2066852545,2066802545,2066803545,2066804545,2066805545,2066806545
"poisson_iid_n1000",744,2066792546,2066822546,2066852546,2066802546,2066803546,2066804546,2066805546,2066806546
"poisson_iid_n1000",745,2066792547,2066822547,2066852547,2066802547,2066803547,2066804547,2066805547,2066806547
"poisson_iid_n1000",746,2066792548,2066822548,2066852548,2066802548,2066803548,2066804548,2066805548,2066806548
"poisson_iid_n1000",747,2066792549,2066822549,2066852549,2066802549,2066803549,2066804549,2066805549,2066806549
"poisson_iid_n1000",748,2066792550,2066822550,2066852550,2066802550,2066803550,2066804550,2066805550,2066806550
"poisson_iid_n1000",749,2066792551,2066822551,2066852551,2066802551,2066803551,2066804551,2066805551,2066806551
"poisson_iid_n1000",750,2066792552,2066822552,2066852552,2066802552,2066803552,2066804552,2066805552,2066806552
"poisson_iid_n1000",751,2066792553,2066822553,2066852553,2066802553,2066803553,2066804553,2066805553,2066806553
"poisson_iid_n1000",752,2066792554,2066822554,2066852554,2066802554,2066803554,2066804554,2066805554,2066806554
"poisson_iid_n1000",753,2066792555,2066822555,2066852555,2066802555,2066803555,2066804555,2066805555,2066806555
"poisson_iid_n1000",754,2066792556,2066822556,2066852556,2066802556,2066803556,2066804556,2066805556,2066806556
"poisson_iid_n1000",755,2066792557,2066822557,2066852557,2066802557,2066803557,2066804557,2066805557,2066806557
"poisson_iid_n1000",756,2066792558,2066822558,2066852558,2066802558,2066803558,2066804558,2066805558,2066806558
"poisson_iid_n1000",757,2066792559,2066822559,2066852559,2066802559,2066803559,2066804559,2066805559,2066806559
"poisson_iid_n1000",758,2066792560,2066822560,2066852560,2066802560,2066803560,2066804560,2066805560,2066806560
"poisson_iid_n1000",759,2066792561,2066822561,2066852561,2066802561,2066803561,2066804561,2066805561,2066806561
"poisson_iid_n1000",760,2066792562,2066822562,2066852562,2066802562,2066803562,2066804562,2066805562,2066806562
"poisson_iid_n1000",761,2066792563,2066822563,2066852563,2066802563,2066803563,2066804563,2066805563,2066806563
"poisson_iid_n1000",762,2066792564,2066822564,2066852564,2066802564,2066803564,2066804564,2066805564,2066806564
"poisson_iid_n1000",763,2066792565,2066822565,2066852565,2066802565,2066803565,2066804565,2066805565,2066806565
"poisson_iid_n1000",764,2066792566,2066822566,2066852566,2066802566,2066803566,2066804566,2066805566,2066806566
"poisson_iid_n1000",765,2066792567,2066822567,2066852567,2066802567,2066803567,2066804567,2066805567,2066806567
"poisson_iid_n1000",766,2066792568,2066822568,2066852568,2066802568,2066803568,2066804568,2066805568,2066806568
"poisson_iid_n1000",767,2066792569,2066822569,2066852569,2066802569,2066803569,2066804569,2066805569,2066806569
"poisson_iid_n1000",768,2066792570,2066822570,2066852570,2066802570,2066803570,2066804570,2066805570,2066806570
"poisson_iid_n1000",769,2066792571,2066822571,2066852571,2066802571,2066803571,2066804571,2066805571,2066806571
"poisson_iid_n1000",770,2066792572,2066822572,2066852572,2066802572,2066803572,2066804572,2066805572,2066806572
"poisson_iid_n1000",771,2066792573,2066822573,2066852573,2066802573,2066803573,2066804573,2066805573,2066806573
"poisson_iid_n1000",772,2066792574,2066822574,2066852574,2066802574,2066803574,2066804574,2066805574,2066806574
"poisson_iid_n1000",773,2066792575,2066822575,2066852575,2066802575,2066803575,2066804575,2066805575,2066806575
"poisson_iid_n1000",774,2066792576,2066822576,2066852576,2066802576,2066803576,2066804576,2066805576,2066806576
"poisson_iid_n1000",775,2066792577,2066822577,2066852577,2066802577,2066803577,2066804577,2066805577,2066806577
"poisson_iid_n1000",776,2066792578,2066822578,2066852578,2066802578,2066803578,2066804578,2066805578,2066806578
"poisson_iid_n1000",777,2066792579,2066822579,2066852579,2066802579,2066803579,2066804579,2066805579,2066806579
"poisson_iid_n1000",778,2066792580,2066822580,2066852580,2066802580,2066803580,2066804580,2066805580,2066806580
"poisson_iid_n1000",779,2066792581,2066822581,2066852581,2066802581,2066803581,2066804581,2066805581,2066806581
"poisson_iid_n1000",780,2066792582,2066822582,2066852582,2066802582,2066803582,2066804582,2066805582,2066806582
"poisson_iid_n1000",781,2066792583,2066822583,2066852583,2066802583,2066803583,2066804583,2066805583,2066806583
"poisson_iid_n1000",782,2066792584,2066822584,2066852584,2066802584,2066803584,2066804584,2066805584,2066806584
"poisson_iid_n1000",783,2066792585,2066822585,2066852585,2066802585,2066803585,2066804585,2066805585,2066806585
"poisson_iid_n1000",784,2066792586,2066822586,2066852586,2066802586,2066803586,2066804586,2066805586,2066806586
"poisson_iid_n1000",785,2066792587,2066822587,2066852587,2066802587,2066803587,2066804587,2066805587,2066806587
"poisson_iid_n1000",786,2066792588,2066822588,2066852588,2066802588,2066803588,2066804588,2066805588,2066806588
"poisson_iid_n1000",787,2066792589,2066822589,2066852589,2066802589,2066803589,2066804589,2066805589,2066806589
"poisson_iid_n1000",788,2066792590,2066822590,2066852590,2066802590,2066803590,2066804590,2066805590,2066806590
"poisson_iid_n1000",789,2066792591,2066822591,2066852591,2066802591,2066803591,2066804591,2066805591,2066806591
"poisson_iid_n1000",790,2066792592,2066822592,2066852592,2066802592,2066803592,2066804592,2066805592,2066806592
"poisson_iid_n1000",791,2066792593,2066822593,2066852593,2066802593,2066803593,2066804593,2066805593,2066806593
"poisson_iid_n1000",792,2066792594,2066822594,2066852594,2066802594,2066803594,2066804594,2066805594,2066806594
"poisson_iid_n1000",793,2066792595,2066822595,2066852595,2066802595,2066803595,2066804595,2066805595,2066806595
"poisson_iid_n1000",794,2066792596,2066822596,2066852596,2066802596,2066803596,2066804596,2066805596,2066806596
"poisson_iid_n1000",795,2066792597,2066822597,2066852597,2066802597,2066803597,2066804597,2066805597,2066806597
"poisson_iid_n1000",796,2066792598,2066822598,2066852598,2066802598,2066803598,2066804598,2066805598,2066806598
"poisson_iid_n1000",797,2066792599,2066822599,2066852599,2066802599,2066803599,2066804599,2066805599,2066806599
"poisson_iid_n1000",798,2066792600,2066822600,2066852600,2066802600,2066803600,2066804600,2066805600,2066806600
"poisson_iid_n1000",799,2066792601,2066822601,2066852601,2066802601,2066803601,2066804601,2066805601,2066806601
"poisson_iid_n1000",800,2066792602,2066822602,2066852602,2066802602,2066803602,2066804602,2066805602,2066806602
"poisson_iid_n1000",801,2066792603,2066822603,2066852603,2066802603,2066803603,2066804603,2066805603,2066806603
"poisson_iid_n1000",802,2066792604,2066822604,2066852604,2066802604,2066803604,2066804604,2066805604,2066806604
"poisson_iid_n1000",803,2066792605,2066822605,2066852605,2066802605,2066803605,2066804605,2066805605,2066806605
"poisson_iid_n1000",804,2066792606,2066822606,2066852606,2066802606,2066803606,2066804606,2066805606,2066806606
"poisson_iid_n1000",805,2066792607,2066822607,2066852607,2066802607,2066803607,2066804607,2066805607,2066806607
"poisson_iid_n1000",806,2066792608,2066822608,2066852608,2066802608,2066803608,2066804608,2066805608,2066806608
"poisson_iid_n1000",807,2066792609,2066822609,2066852609,2066802609,2066803609,2066804609,2066805609,2066806609
"poisson_iid_n1000",808,2066792610,2066822610,2066852610,2066802610,2066803610,2066804610,2066805610,2066806610
"poisson_iid_n1000",809,2066792611,2066822611,2066852611,2066802611,2066803611,2066804611,2066805611,2066806611
"poisson_iid_n1000",810,2066792612,2066822612,2066852612,2066802612,2066803612,2066804612,2066805612,2066806612
"poisson_iid_n1000",811,2066792613,2066822613,2066852613,2066802613,2066803613,2066804613,2066805613,2066806613
"poisson_iid_n1000",812,2066792614,2066822614,2066852614,2066802614,2066803614,2066804614,2066805614,2066806614
"poisson_iid_n1000",813,2066792615,2066822615,2066852615,2066802615,2066803615,2066804615,2066805615,2066806615
"poisson_iid_n1000",814,2066792616,2066822616,2066852616,2066802616,2066803616,2066804616,2066805616,2066806616
"poisson_iid_n1000",815,2066792617,2066822617,2066852617,2066802617,2066803617,2066804617,2066805617,2066806617
"poisson_iid_n1000",816,2066792618,2066822618,2066852618,2066802618,2066803618,2066804618,2066805618,2066806618
"poisson_iid_n1000",817,2066792619,2066822619,2066852619,2066802619,2066803619,2066804619,2066805619,2066806619
"poisson_iid_n1000",818,2066792620,2066822620,2066852620,2066802620,2066803620,2066804620,2066805620,2066806620
"poisson_iid_n1000",819,2066792621,2066822621,2066852621,2066802621,2066803621,2066804621,2066805621,2066806621
"poisson_iid_n1000",820,2066792622,2066822622,2066852622,2066802622,2066803622,2066804622,2066805622,2066806622
"poisson_iid_n1000",821,2066792623,2066822623,2066852623,2066802623,2066803623,2066804623,2066805623,2066806623
"poisson_iid_n1000",822,2066792624,2066822624,2066852624,2066802624,2066803624,2066804624,2066805624,2066806624
"poisson_iid_n1000",823,2066792625,2066822625,2066852625,2066802625,2066803625,2066804625,2066805625,2066806625
"poisson_iid_n1000",824,2066792626,2066822626,2066852626,2066802626,2066803626,2066804626,2066805626,2066806626
"poisson_iid_n1000",825,2066792627,2066822627,2066852627,2066802627,2066803627,2066804627,2066805627,2066806627
"poisson_iid_n1000",826,2066792628,2066822628,2066852628,2066802628,2066803628,2066804628,2066805628,2066806628
"poisson_iid_n1000",827,2066792629,2066822629,2066852629,2066802629,2066803629,2066804629,2066805629,2066806629
"poisson_iid_n1000",828,2066792630,2066822630,2066852630,2066802630,2066803630,2066804630,2066805630,2066806630
"poisson_iid_n1000",829,2066792631,2066822631,2066852631,2066802631,2066803631,2066804631,2066805631,2066806631
"poisson_iid_n1000",830,2066792632,2066822632,2066852632,2066802632,2066803632,2066804632,2066805632,2066806632
"poisson_iid_n1000",831,2066792633,2066822633,2066852633,2066802633,2066803633,2066804633,2066805633,2066806633
"poisson_iid_n1000",832,2066792634,2066822634,2066852634,2066802634,2066803634,2066804634,2066805634,2066806634
"poisson_iid_n1000",833,2066792635,2066822635,2066852635,2066802635,2066803635,2066804635,2066805635,2066806635
"poisson_iid_n1000",834,2066792636,2066822636,2066852636,2066802636,2066803636,2066804636,2066805636,2066806636
"poisson_iid_n1000",835,2066792637,2066822637,2066852637,2066802637,2066803637,2066804637,2066805637,2066806637
"poisson_iid_n1000",836,2066792638,2066822638,2066852638,2066802638,2066803638,2066804638,2066805638,2066806638
"poisson_iid_n1000",837,2066792639,2066822639,2066852639,2066802639,2066803639,2066804639,2066805639,2066806639
"poisson_iid_n1000",838,2066792640,2066822640,2066852640,2066802640,2066803640,2066804640,2066805640,2066806640
"poisson_iid_n1000",839,2066792641,2066822641,2066852641,2066802641,2066803641,2066804641,2066805641,2066806641
"poisson_iid_n1000",840,2066792642,2066822642,2066852642,2066802642,2066803642,2066804642,2066805642,2066806642
"poisson_iid_n1000",841,2066792643,2066822643,2066852643,2066802643,2066803643,2066804643,2066805643,2066806643
"poisson_iid_n1000",842,2066792644,2066822644,2066852644,2066802644,2066803644,2066804644,2066805644,2066806644
"poisson_iid_n1000",843,2066792645,2066822645,2066852645,2066802645,2066803645,2066804645,2066805645,2066806645
"poisson_iid_n1000",844,2066792646,2066822646,2066852646,2066802646,2066803646,2066804646,2066805646,2066806646
"poisson_iid_n1000",845,2066792647,2066822647,2066852647,2066802647,2066803647,2066804647,2066805647,2066806647
"poisson_iid_n1000",846,2066792648,2066822648,2066852648,2066802648,2066803648,2066804648,2066805648,2066806648
"poisson_iid_n1000",847,2066792649,2066822649,2066852649,2066802649,2066803649,2066804649,2066805649,2066806649
"poisson_iid_n1000",848,2066792650,2066822650,2066852650,2066802650,2066803650,2066804650,2066805650,2066806650
"poisson_iid_n1000",849,2066792651,2066822651,2066852651,2066802651,2066803651,2066804651,2066805651,2066806651
"poisson_iid_n1000",850,2066792652,2066822652,2066852652,2066802652,2066803652,2066804652,2066805652,2066806652
"poisson_iid_n1000",851,2066792653,2066822653,2066852653,2066802653,2066803653,2066804653,2066805653,2066806653
"poisson_iid_n1000",852,2066792654,2066822654,2066852654,2066802654,2066803654,2066804654,2066805654,2066806654
"poisson_iid_n1000",853,2066792655,2066822655,2066852655,2066802655,2066803655,2066804655,2066805655,2066806655
"poisson_iid_n1000",854,2066792656,2066822656,2066852656,2066802656,2066803656,2066804656,2066805656,2066806656
"poisson_iid_n1000",855,2066792657,2066822657,2066852657,2066802657,2066803657,2066804657,2066805657,2066806657
"poisson_iid_n1000",856,2066792658,2066822658,2066852658,2066802658,2066803658,2066804658,2066805658,2066806658
"poisson_iid_n1000",857,2066792659,2066822659,2066852659,2066802659,2066803659,2066804659,2066805659,2066806659
"poisson_iid_n1000",858,2066792660,2066822660,2066852660,2066802660,2066803660,2066804660,2066805660,2066806660
"poisson_iid_n1000",859,2066792661,2066822661,2066852661,2066802661,2066803661,2066804661,2066805661,2066806661
"poisson_iid_n1000",860,2066792662,2066822662,2066852662,2066802662,2066803662,2066804662,2066805662,2066806662
"poisson_iid_n1000",861,2066792663,2066822663,2066852663,2066802663,2066803663,2066804663,2066805663,2066806663
"poisson_iid_n1000",862,2066792664,2066822664,2066852664,2066802664,2066803664,2066804664,2066805664,2066806664
"poisson_iid_n1000",863,2066792665,2066822665,2066852665,2066802665,2066803665,2066804665,2066805665,2066806665
"poisson_iid_n1000",864,2066792666,2066822666,2066852666,2066802666,2066803666,2066804666,2066805666,2066806666
"poisson_iid_n1000",865,2066792667,2066822667,2066852667,2066802667,2066803667,2066804667,2066805667,2066806667
"poisson_iid_n1000",866,2066792668,2066822668,2066852668,2066802668,2066803668,2066804668,2066805668,2066806668
"poisson_iid_n1000",867,2066792669,2066822669,2066852669,2066802669,2066803669,2066804669,2066805669,2066806669
"poisson_iid_n1000",868,2066792670,2066822670,2066852670,2066802670,2066803670,2066804670,2066805670,2066806670
"poisson_iid_n1000",869,2066792671,2066822671,2066852671,2066802671,2066803671,2066804671,2066805671,2066806671
"poisson_iid_n1000",870,2066792672,2066822672,2066852672,2066802672,2066803672,2066804672,2066805672,2066806672
"poisson_iid_n1000",871,2066792673,2066822673,2066852673,2066802673,2066803673,2066804673,2066805673,2066806673
"poisson_iid_n1000",872,2066792674,2066822674,2066852674,2066802674,2066803674,2066804674,2066805674,2066806674
"poisson_iid_n1000",873,2066792675,2066822675,2066852675,2066802675,2066803675,2066804675,2066805675,2066806675
"poisson_iid_n1000",874,2066792676,2066822676,2066852676,2066802676,2066803676,2066804676,2066805676,2066806676
"poisson_iid_n1000",875,2066792677,2066822677,2066852677,2066802677,2066803677,2066804677,2066805677,2066806677
"poisson_iid_n1000",876,2066792678,2066822678,2066852678,2066802678,2066803678,2066804678,2066805678,2066806678
"poisson_iid_n1000",877,2066792679,2066822679,2066852679,2066802679,2066803679,2066804679,2066805679,2066806679
"poisson_iid_n1000",878,2066792680,2066822680,2066852680,2066802680,2066803680,2066804680,2066805680,2066806680
"poisson_iid_n1000",879,2066792681,2066822681,2066852681,2066802681,2066803681,2066804681,2066805681,2066806681
"poisson_iid_n1000",880,2066792682,2066822682,2066852682,2066802682,2066803682,2066804682,2066805682,2066806682
"poisson_iid_n1000",881,2066792683,2066822683,2066852683,2066802683,2066803683,2066804683,2066805683,2066806683
"poisson_iid_n1000",882,2066792684,2066822684,2066852684,2066802684,2066803684,2066804684,2066805684,2066806684
"poisson_iid_n1000",883,2066792685,2066822685,2066852685,2066802685,2066803685,2066804685,2066805685,2066806685
"poisson_iid_n1000",884,2066792686,2066822686,2066852686,2066802686,2066803686,2066804686,2066805686,2066806686
"poisson_iid_n1000",885,2066792687,2066822687,2066852687,2066802687,2066803687,2066804687,2066805687,2066806687
"poisson_iid_n1000",886,2066792688,2066822688,2066852688,2066802688,2066803688,2066804688,2066805688,2066806688
"poisson_iid_n1000",887,2066792689,2066822689,2066852689,2066802689,2066803689,2066804689,2066805689,2066806689
"poisson_iid_n1000",888,2066792690,2066822690,2066852690,2066802690,2066803690,2066804690,2066805690,2066806690
"poisson_iid_n1000",889,2066792691,2066822691,2066852691,2066802691,2066803691,2066804691,2066805691,2066806691
"poisson_iid_n1000",890,2066792692,2066822692,2066852692,2066802692,2066803692,2066804692,2066805692,2066806692
"poisson_iid_n1000",891,2066792693,2066822693,2066852693,2066802693,2066803693,2066804693,2066805693,2066806693
"poisson_iid_n1000",892,2066792694,2066822694,2066852694,2066802694,2066803694,2066804694,2066805694,2066806694
"poisson_iid_n1000",893,2066792695,2066822695,2066852695,2066802695,2066803695,2066804695,2066805695,2066806695
"poisson_iid_n1000",894,2066792696,2066822696,2066852696,2066802696,2066803696,2066804696,2066805696,2066806696
"poisson_iid_n1000",895,2066792697,2066822697,2066852697,2066802697,2066803697,2066804697,2066805697,2066806697
"poisson_iid_n1000",896,2066792698,2066822698,2066852698,2066802698,2066803698,2066804698,2066805698,2066806698
"poisson_iid_n1000",897,2066792699,2066822699,2066852699,2066802699,2066803699,2066804699,2066805699,2066806699
"poisson_iid_n1000",898,2066792700,2066822700,2066852700,2066802700,2066803700,2066804700,2066805700,2066806700
"poisson_iid_n1000",899,2066792701,2066822701,2066852701,2066802701,2066803701,2066804701,2066805701,2066806701
"poisson_iid_n1000",900,2066792702,2066822702,2066852702,2066802702,2066803702,2066804702,2066805702,2066806702
"poisson_iid_n1000",901,2066792703,2066822703,2066852703,2066802703,2066803703,2066804703,2066805703,2066806703
"poisson_iid_n1000",902,2066792704,2066822704,2066852704,2066802704,2066803704,2066804704,2066805704,2066806704
"poisson_iid_n1000",903,2066792705,2066822705,2066852705,2066802705,2066803705,2066804705,2066805705,2066806705
"poisson_iid_n1000",904,2066792706,2066822706,2066852706,2066802706,2066803706,2066804706,2066805706,2066806706
"poisson_iid_n1000",905,2066792707,2066822707,2066852707,2066802707,2066803707,2066804707,2066805707,2066806707
"poisson_iid_n1000",906,2066792708,2066822708,2066852708,2066802708,2066803708,2066804708,2066805708,2066806708
"poisson_iid_n1000",907,2066792709,2066822709,2066852709,2066802709,2066803709,2066804709,2066805709,2066806709
"poisson_iid_n1000",908,2066792710,2066822710,2066852710,2066802710,2066803710,2066804710,2066805710,2066806710
"poisson_iid_n1000",909,2066792711,2066822711,2066852711,2066802711,2066803711,2066804711,2066805711,2066806711
"poisson_iid_n1000",910,2066792712,2066822712,2066852712,2066802712,2066803712,2066804712,2066805712,2066806712
"poisson_iid_n1000",911,2066792713,2066822713,2066852713,2066802713,2066803713,2066804713,2066805713,2066806713
"poisson_iid_n1000",912,2066792714,2066822714,2066852714,2066802714,2066803714,2066804714,2066805714,2066806714
"poisson_iid_n1000",913,2066792715,2066822715,2066852715,2066802715,2066803715,2066804715,2066805715,2066806715
"poisson_iid_n1000",914,2066792716,2066822716,2066852716,2066802716,2066803716,2066804716,2066805716,2066806716
"poisson_iid_n1000",915,2066792717,2066822717,2066852717,2066802717,2066803717,2066804717,2066805717,2066806717
"poisson_iid_n1000",916,2066792718,2066822718,2066852718,2066802718,2066803718,2066804718,2066805718,2066806718
"poisson_iid_n1000",917,2066792719,2066822719,2066852719,2066802719,2066803719,2066804719,2066805719,2066806719
"poisson_iid_n1000",918,2066792720,2066822720,2066852720,2066802720,2066803720,2066804720,2066805720,2066806720
"poisson_iid_n1000",919,2066792721,2066822721,2066852721,2066802721,2066803721,2066804721,2066805721,2066806721
"poisson_iid_n1000",920,2066792722,2066822722,2066852722,2066802722,2066803722,2066804722,2066805722,2066806722
"poisson_iid_n1000",921,2066792723,2066822723,2066852723,2066802723,2066803723,2066804723,2066805723,2066806723
"poisson_iid_n1000",922,2066792724,2066822724,2066852724,2066802724,2066803724,2066804724,2066805724,2066806724
"poisson_iid_n1000",923,2066792725,2066822725,2066852725,2066802725,2066803725,2066804725,2066805725,2066806725
"poisson_iid_n1000",924,2066792726,2066822726,2066852726,2066802726,2066803726,2066804726,2066805726,2066806726
"poisson_iid_n1000",925,2066792727,2066822727,2066852727,2066802727,2066803727,2066804727,2066805727,2066806727
"poisson_iid_n1000",926,2066792728,2066822728,2066852728,2066802728,2066803728,2066804728,2066805728,2066806728
"poisson_iid_n1000",927,2066792729,2066822729,2066852729,2066802729,2066803729,2066804729,2066805729,2066806729
"poisson_iid_n1000",928,2066792730,2066822730,2066852730,2066802730,2066803730,2066804730,2066805730,2066806730
"poisson_iid_n1000",929,2066792731,2066822731,2066852731,2066802731,2066803731,2066804731,2066805731,2066806731
"poisson_iid_n1000",930,2066792732,2066822732,2066852732,2066802732,2066803732,2066804732,2066805732,2066806732
"poisson_iid_n1000",931,2066792733,2066822733,2066852733,2066802733,2066803733,2066804733,2066805733,2066806733
"poisson_iid_n1000",932,2066792734,2066822734,2066852734,2066802734,2066803734,2066804734,2066805734,2066806734
"poisson_iid_n1000",933,2066792735,2066822735,2066852735,2066802735,2066803735,2066804735,2066805735,2066806735
"poisson_iid_n1000",934,2066792736,2066822736,2066852736,2066802736,2066803736,2066804736,2066805736,2066806736
"poisson_iid_n1000",935,2066792737,2066822737,2066852737,2066802737,2066803737,2066804737,2066805737,2066806737
"poisson_iid_n1000",936,2066792738,2066822738,2066852738,2066802738,2066803738,2066804738,2066805738,2066806738
"poisson_iid_n1000",937,2066792739,2066822739,2066852739,2066802739,2066803739,2066804739,2066805739,2066806739
"poisson_iid_n1000",938,2066792740,2066822740,2066852740,2066802740,2066803740,2066804740,2066805740,2066806740
"poisson_iid_n1000",939,2066792741,2066822741,2066852741,2066802741,2066803741,2066804741,2066805741,2066806741
"poisson_iid_n1000",940,2066792742,2066822742,2066852742,2066802742,2066803742,2066804742,2066805742,2066806742
"poisson_iid_n1000",941,2066792743,2066822743,2066852743,2066802743,2066803743,2066804743,2066805743,2066806743
"poisson_iid_n1000",942,2066792744,2066822744,2066852744,2066802744,2066803744,2066804744,2066805744,2066806744
"poisson_iid_n1000",943,2066792745,2066822745,2066852745,2066802745,2066803745,2066804745,2066805745,2066806745
"poisson_iid_n1000",944,2066792746,2066822746,2066852746,2066802746,2066803746,2066804746,2066805746,2066806746
"poisson_iid_n1000",945,2066792747,2066822747,2066852747,2066802747,2066803747,2066804747,2066805747,2066806747
"poisson_iid_n1000",946,2066792748,2066822748,2066852748,2066802748,2066803748,2066804748,2066805748,2066806748
"poisson_iid_n1000",947,2066792749,2066822749,2066852749,2066802749,2066803749,2066804749,2066805749,2066806749
"poisson_iid_n1000",948,2066792750,2066822750,2066852750,2066802750,2066803750,2066804750,2066805750,2066806750
"poisson_iid_n1000",949,2066792751,2066822751,2066852751,2066802751,2066803751,2066804751,2066805751,2066806751
"poisson_iid_n1000",950,2066792752,2066822752,2066852752,2066802752,2066803752,2066804752,2066805752,2066806752
"poisson_iid_n1000",951,2066792753,2066822753,2066852753,2066802753,2066803753,2066804753,2066805753,2066806753
"poisson_iid_n1000",952,2066792754,2066822754,2066852754,2066802754,2066803754,2066804754,2066805754,2066806754
"poisson_iid_n1000",953,2066792755,2066822755,2066852755,2066802755,2066803755,2066804755,2066805755,2066806755
"poisson_iid_n1000",954,2066792756,2066822756,2066852756,2066802756,2066803756,2066804756,2066805756,2066806756
"poisson_iid_n1000",955,2066792757,2066822757,2066852757,2066802757,2066803757,2066804757,2066805757,2066806757
"poisson_iid_n1000",956,2066792758,2066822758,2066852758,2066802758,2066803758,2066804758,2066805758,2066806758
"poisson_iid_n1000",957,2066792759,2066822759,2066852759,2066802759,2066803759,2066804759,2066805759,2066806759
"poisson_iid_n1000",958,2066792760,2066822760,2066852760,2066802760,2066803760,2066804760,2066805760,2066806760
"poisson_iid_n1000",959,2066792761,2066822761,2066852761,2066802761,2066803761,2066804761,2066805761,2066806761
"poisson_iid_n1000",960,2066792762,2066822762,2066852762,2066802762,2066803762,2066804762,2066805762,2066806762
"poisson_iid_n1000",961,2066792763,2066822763,2066852763,2066802763,2066803763,2066804763,2066805763,2066806763
"poisson_iid_n1000",962,2066792764,2066822764,2066852764,2066802764,2066803764,2066804764,2066805764,2066806764
"poisson_iid_n1000",963,2066792765,2066822765,2066852765,2066802765,2066803765,2066804765,2066805765,2066806765
"poisson_iid_n1000",964,2066792766,2066822766,2066852766,2066802766,2066803766,2066804766,2066805766,2066806766
"poisson_iid_n1000",965,2066792767,2066822767,2066852767,2066802767,2066803767,2066804767,2066805767,2066806767
"poisson_iid_n1000",966,2066792768,2066822768,2066852768,2066802768,2066803768,2066804768,2066805768,2066806768
"poisson_iid_n1000",967,2066792769,2066822769,2066852769,2066802769,2066803769,2066804769,2066805769,2066806769
"poisson_iid_n1000",968,2066792770,2066822770,2066852770,2066802770,2066803770,2066804770,2066805770,2066806770
"poisson_iid_n1000",969,2066792771,2066822771,2066852771,2066802771,2066803771,2066804771,2066805771,2066806771
"poisson_iid_n1000",970,2066792772,2066822772,2066852772,2066802772,2066803772,2066804772,2066805772,2066806772
"poisson_iid_n1000",971,2066792773,2066822773,2066852773,2066802773,2066803773,2066804773,2066805773,2066806773
"poisson_iid_n1000",972,2066792774,2066822774,2066852774,2066802774,2066803774,2066804774,2066805774,2066806774
"poisson_iid_n1000",973,2066792775,2066822775,2066852775,2066802775,2066803775,2066804775,2066805775,2066806775
"poisson_iid_n1000",974,2066792776,2066822776,2066852776,2066802776,2066803776,2066804776,2066805776,2066806776
"poisson_iid_n1000",975,2066792777,2066822777,2066852777,2066802777,2066803777,2066804777,2066805777,2066806777
"poisson_iid_n1000",976,2066792778,2066822778,2066852778,2066802778,2066803778,2066804778,2066805778,2066806778
"poisson_iid_n1000",977,2066792779,2066822779,2066852779,2066802779,2066803779,2066804779,2066805779,2066806779
"poisson_iid_n1000",978,2066792780,2066822780,2066852780,2066802780,2066803780,2066804780,2066805780,2066806780
"poisson_iid_n1000",979,2066792781,2066822781,2066852781,2066802781,2066803781,2066804781,2066805781,2066806781
"poisson_iid_n1000",980,2066792782,2066822782,2066852782,2066802782,2066803782,2066804782,2066805782,2066806782
"poisson_iid_n1000",981,2066792783,2066822783,2066852783,2066802783,2066803783,2066804783,2066805783,2066806783
"poisson_iid_n1000",982,2066792784,2066822784,2066852784,2066802784,2066803784,2066804784,2066805784,2066806784
"poisson_iid_n1000",983,2066792785,2066822785,2066852785,2066802785,2066803785,2066804785,2066805785,2066806785
"poisson_iid_n1000",984,2066792786,2066822786,2066852786,2066802786,2066803786,2066804786,2066805786,2066806786
"poisson_iid_n1000",985,2066792787,2066822787,2066852787,2066802787,2066803787,2066804787,2066805787,2066806787
"poisson_iid_n1000",986,2066792788,2066822788,2066852788,2066802788,2066803788,2066804788,2066805788,2066806788
"poisson_iid_n1000",987,2066792789,2066822789,2066852789,2066802789,2066803789,2066804789,2066805789,2066806789
"poisson_iid_n1000",988,2066792790,2066822790,2066852790,2066802790,2066803790,2066804790,2066805790,2066806790
"poisson_iid_n1000",989,2066792791,2066822791,2066852791,2066802791,2066803791,2066804791,2066805791,2066806791
"poisson_iid_n1000",990,2066792792,2066822792,2066852792,2066802792,2066803792,2066804792,2066805792,2066806792
"poisson_iid_n1000",991,2066792793,2066822793,2066852793,2066802793,2066803793,2066804793,2066805793,2066806793
"poisson_iid_n1000",992,2066792794,2066822794,2066852794,2066802794,2066803794,2066804794,2066805794,2066806794
"poisson_iid_n1000",993,2066792795,2066822795,2066852795,2066802795,2066803795,2066804795,2066805795,2066806795
"poisson_iid_n1000",994,2066792796,2066822796,2066852796,2066802796,2066803796,2066804796,2066805796,2066806796
"poisson_iid_n1000",995,2066792797,2066822797,2066852797,2066802797,2066803797,2066804797,2066805797,2066806797
"poisson_iid_n1000",996,2066792798,2066822798,2066852798,2066802798,2066803798,2066804798,2066805798,2066806798
"poisson_iid_n1000",997,2066792799,2066822799,2066852799,2066802799,2066803799,2066804799,2066805799,2066806799
"poisson_iid_n1000",998,2066792800,2066822800,2066852800,2066802800,2066803800,2066804800,2066805800,2066806800
"poisson_iid_n1000",999,2066792801,2066822801,2066852801,2066802801,2066803801,2066804801,2066805801,2066806801
"poisson_iid_n1000",1000,2066792802,2066822802,2066852802,2066802802,2066803802,2066804802,2066805802,2066806802
